player_name,equipe,positions,isomap_1,isomap_2,isomap_3,isomap_4,isomap_5,cluster
Jordan Lefort,Angers,DF,21.34972628343012,-3.5169629662336472,-3.248006637042686,-4.345509589312485,2.8905596781058094,5
Andrey Santos,Strasbourg,MF,13.121149284872487,12.603721973821836,-9.554450690168911,9.577624956413276,-0.4785418436354741,0
Valentin Atangana Edoa,Reims,MF,4.603435666270743,6.032461650997031,-6.280410019213404,9.6566447498059,-0.0751265308665598,0
Himad Abdelli,Angers,"MF,FW",3.556146256444212,17.812337447634608,-6.335513519541747,-1.3979218715462955,4.0401561497616845,4
Mason Greenwood,Marseille,"FW,MF",-15.244165666319615,27.481905590329497,-2.33184548930793,-6.60261001838292,3.4010419068905526,4
Zuriko Davitashvili,Saint,"FW,MF",-16.46561919014999,21.11655253664342,-0.5741671627844022,-0.2945081032111851,0.0146988016626748,4
Gautier Lloris,Le Havre,DF,18.623917801475542,-3.955340483074285,-2.2477520500135912,-2.4578242625227107,1.757526168391316,5
Matthis Abline,Nantes,FW,-18.179428489115796,7.337642202406438,-7.963094700472333,-1.3528344566612762,-0.7388245956288424,4
Bafodé Diakité,Lille,DF,22.89611585592772,-2.7443224293578723,-4.140161357847804,-4.61885055191724,0.7517190985971206,5
Adrien Truffert,Rennes,"DF,MF",7.273252491518652,14.719308317299747,6.290079344813326,-1.17986032922518,-6.438588840733878,2
Moussa Niakhate,Lyon,DF,19.00154295193836,0.8450156804543977,-2.234068125334105,-6.720448552141722,0.1797735646972755,5
Guela Doué,Strasbourg,DF,19.84322672721201,8.080970842437019,-0.1608640971849004,-4.04624887327109,-4.772461412994782,2
Alexsandro Ribeiro,Lille,DF,25.729601655929606,3.80327954855447,-4.061796473544532,-11.4914225519227,-1.437505118835331,5
Cristian Cásseres Jr.,Toulouse,MF,10.27962984613526,13.94822472408077,-2.1135274665594306,12.887298293160011,3.0385324126962496,0
Benjamin André,Lille,MF,14.858494107760428,13.53179951252557,-8.935252054344712,10.316623221434789,-2.136974627426487,0
Gaëtan Perrin,Auxerre,"MF,FW",-6.87835402581684,23.284190883723245,15.224204092135254,-0.6667279977449123,5.163387543974376,3
Junya Ito,Reims,"FW,MF",-1.891837794379248,22.249973513942997,14.316573481433126,-3.179052117534115,1.3807189264486146,3
Aron Dønnum,Toulouse,"DF,MF",5.788322926945297,18.96052216214637,5.767231684212296,2.413696756605583,-1.254211823259679,2
Kenny Lala,Brest,DF,11.398833093088616,12.318119709411809,9.33059131992644,-2.902788820448833,-2.0520373442205257,2
Florent Hanin,Angers,DF,12.93586215962787,10.061462693144408,6.053260040395101,-0.6220908500907673,-8.283925168783973,2
Pierre Højbjerg,Marseille,MF,21.042369588250647,13.90730423181326,-3.7704704396969473,-2.0907413344335124,4.096074963411776,5
Mahdi Camara,Brest,"MF,FW",2.2462039464174843,12.211323284859816,-8.97433124518099,5.912567357663506,-2.512684406388542,0
Keito Nakamura,Reims,"FW,MF",-9.720081260962829,10.057993329673437,-6.206848507549974,-4.730339622834293,-2.833419599083147,4
Jubal,Auxerre,DF,16.124632753190664,-9.549174295494437,-6.478064478007632,-3.5880347253729106,7.619972258862206,5
Ismaël Doukouré,Strasbourg,"DF,MF",19.26174063111456,-0.1393348840758131,-2.875080963649357,-6.708222330761098,0.1124596959785613,5
Léo Pétrot,Saint,DF,12.907783355449869,2.838630387770617,-0.3952834742977257,0.8396108810239029,-5.551838310897725,2
Jean-Charles Castelletto,Nantes,"DF,MF",15.73100417726356,-7.772904808081428,-2.148717403593864,-1.9879097434207893,2.322818317738419,5
Adrien Thomasson,Lens,MF,9.652224773302668,19.755473114951982,-6.212472171920458,8.02432744296518,-3.726461723084513,0
Luis Henrique,Marseille,"DF,FW",-3.519066540126014,15.643206627979398,1.6170936052816656,-9.009975011511028,-1.093432225907118,4
Moses Simon,Nantes,"FW,MF",-16.303062755458217,22.835823067845958,4.1608850830989335,-4.9125719014477225,-3.851904508886423,4
Charlie Cresswell,Toulouse,DF,19.250685423912063,-4.972797280082644,-2.5582649097552226,-3.183069104348288,4.735797779902449,5
Arnaud Kalimuendo,Rennes,"FW,MF",-16.36137667655851,3.133115400921128,-12.407858775252814,-4.616211625846123,4.221153637247455,4
Pierre Ekwah Elimby,Saint,MF,13.338590967787452,4.177352393810755,-2.741667172018773,2.1870289458883163,3.31032997851272,0
Diego Moreira,Strasbourg,"DF,MF",0.2615349891994572,21.320297292754173,-1.5809708970424976,-1.845344784480024,-7.978520178213332,2
Evann Guessand,Nice,"FW,MF",-11.67057337944848,17.507343269862737,-10.076293952333014,-1.5641802343876523,-3.1100153331288696,4
Jonathan David,Lille,FW,-14.638671548197625,7.403174580653268,-11.628947371622246,-5.872994742729054,1.9120926448450075,4
Facundo Medina,Lens,DF,18.65052712099038,7.066461460279838,-1.510315777301115,1.09878259759013,-0.8553820140948115,5
Sergio Akieme,Reims,DF,7.69012060675916,5.172370557580572,2.8183173649020468,-1.628224498066312,-4.407123487597624,2
Dilane Bakwa,Strasbourg,"MF,DF",-7.1560537296370486,22.31285306631471,4.911809001055438,-7.125333984723888,0.949711794792525,3
Mark McKenzie,Toulouse,DF,13.470191052627486,-5.148528099702317,-2.530423974039837,-1.2658738790217,1.004767282967817,5
Ludovic Ajorque,Brest,FW,-16.44080201201111,-0.7664255250138032,-10.312007051369491,3.5570459065924216,-1.5992360319709895,4
Clément Akpa,Auxerre,DF,14.460675536222285,-3.7373497616171942,-0.5710113266374949,4.01223824746704,1.3123559756912415,0
Adrien Rabiot,Marseille,MF,1.9242573241766576,17.400888545835667,-11.408892297225602,-5.865645508668469,-1.243698320848856,4
Loïc Nego,Le Havre,"DF,FW",9.1992084910157,4.758285094053232,4.254067351213139,1.8285839889920077,-6.040975883833547,2
Michael Amir Murillo,Marseille,DF,13.497390054856078,8.3068134264552,-1.3596482503328515,-6.702760526213884,-4.478385001132128,5
Hicham Boudaoui,Nice,MF,5.921569309028062,11.400522684015575,-7.684902850775731,6.560958123256679,0.6861342937133268,0
Brendan Chardonnet,Brest,DF,14.560372974260686,-7.983749640181838,-2.5160363059169835,-2.709604977194324,3.9392577090548175,5
Maghnes Akliouche,Monaco,"FW,MF",-6.212803133273639,25.3673730440437,-5.019522302828096,-2.441997803424322,-4.070647556771527,4
Vincent Sierro,Toulouse,MF,8.338157166545427,8.234348721091498,1.2754853288533732,0.85483756206332,8.899963607717963,3
Thilo Kehrer,Monaco,DF,18.69289137083575,-0.9969550368994966,-1.639747854009589,-2.683464789534475,3.6124074096962087,5
Clinton Mata,Lyon,DF,14.61289749575012,1.7819360524833192,-1.300997229690103,-3.953284985843159,-1.5719034034630426,5
Mamadou Sarr,Strasbourg,DF,17.093266008343594,-6.118352325742746,-3.5222968270889936,-6.805661161624554,2.612760819103023,5
Téji Savanier,Montpellier,MF,4.281084349872665,21.99677337112603,12.47121964719598,2.8936319562391875,15.349612695276212,3
Lorenz Assignon,Rennes,"DF,MF",6.547232779815157,13.83781774870183,2.845359076191762,-2.0156933591902635,-7.721195424771815,2
Habib Diarra,Strasbourg,"MF,FW",-2.5571747810105108,9.589587604688164,-2.58335167961348,0.1215250595755591,0.4334206845021887,4
Pedro Chirivella,Nantes,MF,12.075801574940613,3.888084150161401,1.048475831010558,-0.4279421761948095,4.179779436375686,5
Elisha Owusu,Auxerre,MF,6.409713129150808,-2.408034806686512,-3.013782577919568,8.907271305802537,-0.0798157538556171,0
Yann Gboho,Toulouse,"MF,FW",-11.926929880102282,13.11929439065805,-4.045459298148101,1.6750552874780205,-0.9530900940117074,4
Corentin Tolisso,Lyon,MF,11.194018792306268,15.31666377910611,-9.23523195774941,2.5060888385508813,-1.3920322472449331,0
Abdoulaye Touré,Le Havre,MF,4.355859960010941,5.910948553592902,-10.63012049637454,2.261498130200858,13.305255352538552,0
Hugo Magnetti,Brest,MF,6.001268035087626,0.4400279521225245,-1.6251871372619529,5.767907865513999,1.0141328543905086,0
Etienne Youte Kinkoue,Le Havre,DF,14.817068553902804,-11.880851407767237,-4.003689517146191,-3.2174214040678355,1.8821592439882424,5
Douglas,Nantes,MF,9.065619751950374,4.7883138192818855,-5.730865669236236,6.493369293929201,1.9766877726826284,0
Mickael Nade,Saint,DF,19.396370572495147,-5.745107486349984,-3.6730490981439945,-3.7870156024166,3.8311065604425374,5
Jonathan Clauss,Nice,"DF,MF",2.0561734658080733,15.749332131033876,14.07303111009061,2.0636848795443106,6.3879606535977285,3
Lassine Sinayoko,Auxerre,"FW,MF",-14.914265268185613,13.354362087278044,-12.03562280157404,-5.74562011240312,-3.070255922779995,4
Ludovic Blas,Rennes,"MF,FW",-8.535119351549403,21.747287737946834,5.474477812408154,6.310989157949415,5.238435683461232,3
Emanuel Emegha,Strasbourg,FW,-19.19776876295755,-3.2849005231931288,-7.267198020062504,0.1022669122620324,-0.514475875012795,4
Gideon Mensah,Auxerre,DF,9.72075974636344,9.430029285778472,5.111280048388781,0.9044734684807552,-9.477641446475491,2
Leonardo Balerdi,Marseille,DF,24.08076323527484,4.11105847233509,-3.5892152076368133,-6.428654048142658,-0.186268530899787,5
Takumi Minamino,Monaco,"MF,FW",-8.077604916888257,8.563977524992833,-4.650284037449719,-2.778702757064616,0.1981810099756824,4
Andy Diouf,Lens,MF,-2.3220039873700085,11.636876919848204,-3.678012142603676,1.0080868825346574,1.086422993111866,4
Moïse Bombito,Nice,DF,17.19932140961609,-6.779875173261967,-2.958457082553178,-4.5713701007147405,3.123267399280692,5
Cédric Kipré,Reims,DF,15.595637218655511,-4.68937797581256,-1.1278076610806804,-3.2458572574766147,0.9527129707732158,5
Bradley Barcola,Paris S,FW,-13.151123833486553,19.306394962421816,-2.379001263442836,-10.405633222401532,-8.521137129366414,4
Kelvin Amian,Nantes,DF,4.426730659492314,0.9106838203650064,3.4319509558585186,1.430298875320163,-4.259320141657253,2
Gabriel Suazo,Toulouse,DF,8.544870138760134,13.02445354391382,9.071687423954554,-0.357355297575771,-2.345318163810914,2
Denis Zakaria,Monaco,MF,5.917627249894513,5.958735152818208,-6.636501382517414,4.31208929232179,2.896735695098698,0
Modibo Sagnan,Montpellier,DF,11.205430928111909,-6.76728999836132,-1.7957074489464775,0.6756581309718619,1.4571920760432238,5
Willian Pacho,Paris S,DF,20.01886928699097,-2.015469934720392,-4.231505613070339,-3.1954571111847145,2.4510783515618484,5
Dennis Appiah,Saint,DF,9.246127106766512,5.244646229619142,4.281534516316311,1.1576403139080362,-7.625015936900565,2
Ki-Jana Hoever,Auxerre,DF,7.388733046833789,4.906687873128902,6.059505833173251,2.6557828169260618,-7.357283403024528,2
Jonathan Gradit,Lens,DF,12.643431997154948,-0.7276764108751821,0.1058292058342571,-1.4510036685505323,2.8036993944503186,5
Sebastian Nanasi,Strasbourg,"MF,FW",-6.91266246309309,9.541573437516996,7.727710249913017,-2.2288438933527206,7.495271467029684,3
Djibril Sidibé,Toulouse,DF,9.74099785250317,4.0840526485506485,4.044355665483925,0.2021928048410159,-2.572394386825464,2
Yassine Kechta,Le Havre,"MF,FW",0.8830436020704608,5.462783041176068,-5.289757893167123,8.5018393515052,-0.3766511618160348,0
Wilfried Singo,Monaco,DF,14.805410448729202,0.0480510167261958,-2.080597240303799,-0.1521880113684428,-0.0311631526506693,5
Hamed Junior Traorè,Auxerre,MF,-9.446884652057726,12.237791523442944,-7.59687008893528,1.864991490422314,1.7582402396858008,4
Azor Matusiwa,Rennes,MF,7.908338137408769,4.072945977294856,-4.710388318089175,6.247918215056928,1.553556815053143,0
Achraf Hakimi,Paris S,DF,10.584059712971852,19.230169497341848,-3.5568517030244924,-8.320024171557922,-6.481008140441412,2
Vanderson,Monaco,DF,10.794608467007784,12.409008717904165,4.031177411463176,4.244598481775439,-10.61306537800342,2
Lamine Camara,Monaco,MF,6.2046189408356565,15.482944989568711,6.25243644975322,5.598765534289833,10.644668860170892,3
Alexandre Lacazette,Lyon,FW,-19.788649921136848,0.7200242850770591,-9.2713720788914,-5.318883155371672,1.434752132178012,4
Nicolas Cozza,Nantes,"DF,MF",3.7337622526513914,-1.247646474685289,1.2360083192389224,3.209917337125767,-5.798182028780407,2
Warren Zaïre-Emery,Paris S,"MF,DF",9.185716364612862,8.089231716765111,-3.854483772159348,-2.764284050608183,-1.085521489378311,5
Johann Lepenant,Nantes,MF,1.3018772038659752,2.0574965876521376,-3.5864668131916453,7.358083444691636,-1.0345855208566506,0
Carlens Arcus,Angers,DF,7.618355737049827,2.6398491111909257,3.5572723055197284,4.403691575878433,-4.726264705693802,2
Vitinha,Paris S,MF,17.13043717192087,11.96829539320424,-1.2980957342832955,-6.08838849242541,5.338384534814592,5
Rayan Cherki,Lyon,"FW,MF",-5.8609096035846,25.33704330061833,11.39147919784538,-3.9576278243868033,4.869793554241077,3
Geoffrey Kondogbia,Marseille,"DF,MF",15.053383426856003,1.33780267527471,-2.039543957128913,-3.8732434763696464,0.2014478470663055,5
Nicolas Pallois,Nantes,DF,12.147318366748092,-8.647028003132792,-3.2703229496611272,3.8003593114363214,4.191269089497912,0
Dylan Batubinsika,Saint,DF,12.234707100525345,-11.014574233761538,-3.5624818978867387,-2.166484777122325,1.196914690161616,5
Lucas Beraldo,Paris S,DF,19.908594594694804,2.259226566960334,-2.449003064543661,-6.336800392207119,0.95608811455507,5
Nemanja Matić,Lyon,MF,11.1034227357857,2.6119965267668075,0.2887140194336016,-1.0394877322533334,2.974580579369442,5
Josué Casimir,Le Havre,"FW,MF",-10.987450929278731,7.142969984966842,-7.932285995402831,4.18489127154424,-2.5280746410653365,4
Ainsley Maitland-Niles,Lyon,DF,7.617910681645853,6.523043409474809,2.442048880835151,1.3100648648802125,-6.1731676716803054,2
Aurélio Buta,Reims,DF,4.868763458503287,1.3240124448521122,2.984638602881798,2.047250516403823,-3.581497152841345,2
Dante,Nice,DF,13.862409111717684,-3.1172176972819456,-0.1467717194806457,-2.369950188686305,1.381042835777723,5
Jean-Eudes Aholou,Angers,MF,2.0946504231611884,0.2400580066815286,-7.577694880964904,8.62903843931506,-0.286161656574704,0
Sinaly Diomande,Auxerre,DF,11.589289438706857,-8.317714486946832,-3.0366961286396474,2.0443845565200216,4.152923275223588,5
Melvin Bard,Nice,"DF,MF",8.37204823996697,5.609013513907713,5.084908886535947,2.067642074201902,-9.654453553361272,2
Youssouf Ndayishimiye,Nice,DF,12.922371003143736,-3.795456837118691,-3.092126246906715,-2.0735782791232,2.140042669321506,5
Caio Henrique Oliveira Silva,Monaco,DF,6.723683979650156,11.73492712272977,9.808472548783804,-2.0222285710492325,-2.2590265988268574,2
Thomas Meunier,Lille,DF,8.831076516458825,6.717880401003063,2.3919598685063197,-2.5600201873278574,-6.034017760828592,2
Fabián Ruiz Peña,Paris S,MF,8.751232928909015,10.61291852122232,-0.8647871723275065,-4.092420826268143,1.579699633782697,5
Issa Soumaré,Le Havre,"FW,MF",-13.775160899117974,4.897121621736308,-3.3722112939064464,2.9410292875225874,1.8605449679668544,4
Nicolás Tagliafico,Lyon,DF,8.037000917392053,2.9911975076917128,-3.869826400113684,4.901895000627868,-3.967643041708561,0
Zakaria Aboukhlal,Toulouse,"MF,FW",-17.465910298074206,2.110294493062488,-8.787628424404659,1.1085406634344257,-0.2624149609173216,4
Enzo Tchato,Montpellier,DF,5.326473531523321,1.4880099985229978,4.365479812223746,2.225327810553616,-3.313101427241054,2
Farid El Melali,Angers,FW,-15.156836416256796,8.712254753340549,1.3968053116146764,10.511102268545192,3.705981822782898,0
Joris Chotard,Montpellier,MF,5.827714775966151,-1.5039077646199883,-0.9099446477446326,5.268724549052365,2.3850392438084924,0
Lucas Stassin,Saint,FW,-13.571544275395851,2.651212809297782,-5.948478314871302,0.2675961498929381,-1.1901974492708478,4
João Neves,Paris S,"MF,DF",11.090294122370423,14.120999520906803,-4.616513340037044,0.7603727457666244,1.4607400876634988,0
Breel Embolo,Monaco,"FW,MF",-17.360851329002532,4.063166124019582,-8.225036092554465,-1.745010252201353,-0.5558817659296036,4
Gaëtan Laborde,Nice,FW,-15.570191235826554,-0.976588223191891,-8.750600538499343,0.8896367134961936,2.9772268542330056,4
Deiver Machado,Lens,"DF,MF",1.5843033428889983,1.4766711113264996,4.367282567906624,5.05976100961205,-9.242572363659614,2
Becir Omeragic,Montpellier,DF,7.656064866906326,-8.558017630294163,-0.4115402205478249,-1.6646207932530444,0.1255788564561778,1
Florian Sotoca,Lens,"FW,MF",-1.605822819849271,4.12279954303983,-3.075222082006197,-5.506845124331814,-1.0616275176677652,4
Haris Belkebla,Angers,MF,5.455994133575909,-2.670026960494035,-1.3606901501508015,5.836213357795809,-0.9207290360335352,0
Gabriel Gudmundsson,Lille,DF,4.719859068977893,4.437637538624404,2.359326330326984,0.6490546340251028,-4.006421162458149,2
Félix Lemaréchal,Strasbourg,"MF,FW",-4.75625726431657,3.66394445849009,-0.8356944653446121,2.362100193603576,0.1037938106297011,1
Pablo Rosario,Nice,"MF,DF",2.858715279616813,-3.453506990777403,-2.480662794733381,4.302015919283994,1.450159810760011,0
Jordan Ferri,Montpellier,MF,9.8453704359476,-0.3117415216327982,-1.684114241183558,3.94990432450968,1.3872132089803473,0
Benjamin Bouchouari,Saint,MF,3.866618668318343,3.853300314896997,-1.6163677701409476,2.964787778902584,1.1789248794555227,0
Hákon Arnar Haraldsson,Lille,"MF,FW",-6.255092899777552,7.9252275352858526,4.559281140135803,2.6921397056061047,2.4787880638807454,3
Jim Allevinah,Angers,FW,-12.04171941057083,2.941966124192948,-2.296343270112741,-1.0054025230449517,1.30843705629083,4
Eliesse Ben Seghir,Monaco,"MF,FW",-8.91649976983726,14.113584921644549,2.790914395380859,-1.316039376699708,3.4936985252203483,3
Aïssa Mandi,Lille,DF,9.986523298120416,-3.083752304775114,1.1716838749502425,-0.3033816883841758,1.5019559824141628,5
Ousmane Dembélé,Paris S,FW,-12.922710389369112,21.63223440165965,-2.663309277725193,-10.103505244674224,4.05784750888701,4
Désiré Doué,Paris S,"FW,MF",-10.24729060708715,22.282655727809423,-4.93176464127457,-0.6800299639728676,-4.228750876830801,4
Marquinhos,Paris S,DF,17.43404521885094,-1.4166938141229384,-0.3383684620814965,-2.7401841790978025,2.967442237594781,5
Abdoulaye Niakhate Ndiaye,Brest,DF,10.72286663397436,-9.679454008928712,-2.930049717040042,-0.827274821700415,3.4114336983361597,5
Joseph Okumu,Reims,DF,12.943538252489525,-6.769490324947968,-0.7747076290534329,0.2687739901397164,1.3401237757359132,5
Marshall Munetsi,Reims,MF,-5.920959702643628,-1.9879033257110776,-2.683203071353859,5.585791166829069,0.2614401133551507,0
Rabby Nzingoula,Montpellier,MF,0.936940926277914,0.3283125446224219,-6.074435168957376,11.558005536676358,0.3630497148328863,0
Hans Hateboer,Rennes,DF,8.073630162459676,-0.2925246116595832,0.8299177708551556,-1.0201644212593988,-0.3438833674524779,5
Massadio Haïdara,Brest,DF,3.699228507332998,-3.2265895800450552,3.362200112052398,2.891063642386433,-9.26146120454079,2
Nuno Mendes,Paris S,DF,6.800116469289463,13.24950698118638,2.527710259870377,-3.586827439372093,0.5031864924975638,5
Joshua King,Toulouse,"FW,MF",-14.058653825003692,-0.7626030256930411,-5.395337590434414,3.505928449161564,-0.3864983811888288,4
Lee Kang-in,Paris S,"FW,MF",-1.4769085456495703,12.825645014656429,9.48291834684097,-2.4775552048989264,7.705452350531881,3
Gabriel Osho,Auxerre,DF,5.078186485239099,-10.096963706349252,-1.2263074183469915,-0.6828238734757501,1.6398962152998038,1
Esteban Lepaul,Angers,FW,-12.869875331338752,-3.401289185527338,-3.9363187804053297,2.4499305969941165,0.6926909589163713,4
Oumar Diakité,Reims,FW,-10.48030765456218,-1.216553046529858,-4.367755012755369,0.6236492058243975,-0.9111914156792862,4
Mohamed Ali Cho,Nice,"FW,MF",-11.465397418479483,6.818823521301832,-1.3813052871473903,-2.690979168694537,1.1231564793664048,4
Quentin Merlin,Marseille,DF,1.7349247585776817,5.331745506545273,4.573597166841024,-2.6388893546066954,0.0565317682814399,1
Malick Fofana,Lyon,FW,-12.372341832052982,7.170223521670508,-1.877175277373152,-2.3909351100145986,-2.544363798924855,4
Neil El Aynaoui,Lens,MF,1.2916584709522596,3.0228515844507347,5.190691729557559,5.771437557294425,8.402433248525123,3
Duje Ćaleta-Car,Lyon,DF,8.758337681509346,-10.43814736342075,-2.3726590067212245,-1.8638919732233732,2.134336503942276,5
Mathias Pereira Lage,Brest,"FW,MF",-9.131498170235128,3.5674620438984976,6.070553561890977,7.406284080167744,6.541884430665106,3
Valentin Rongier,Marseille,"MF,DF",9.923593521276102,1.4923497605204532,-4.695812046471364,3.231520506025493,0.3023513191197458,0
Jordan Veretout,Lyon,MF,3.567751216359648,-0.057854211866524,0.2736980333241154,1.5419769256198774,2.435751273040596,1
Pierre Lees-Melou,Brest,MF,5.909097300527719,3.471218174450523,-0.3100312809735058,2.927302923549824,3.237265960569725,0
Yassin Belkhdim,Angers,MF,0.3222598821267519,-4.008423206045839,-2.280428518707452,3.974194787775252,-0.2492714993858821,0
Frank Magri,Toulouse,"FW,MF",-13.568128865060851,-3.37136768068232,-5.345023045290216,4.4003534211798,-2.399535719521949,4
Nathan Zeze,Nantes,DF,6.404280484466972,-8.623050342102474,-2.162277584021284,0.5261182672137511,1.8824353399185336,1
Abdoulaye Bamba,Angers,DF,0.7518975454926597,-9.950486174141531,-1.611240528530918,-3.1430591686430107,-0.695612011015343,1
Christian Mawissa,Monaco,DF,5.082987664057833,-5.189067047032455,-1.7607682469512065,0.1851537149007143,-0.7733094075811694,1
Tanguy Coulibaly,Montpellier,"FW,MF",-8.614571840656474,-2.3508533968051326,-1.0607547952356466,2.3233310804610747,-8.595231553399714,2
M'Bala Nzola,Lens,FW,-16.87247599580909,-3.3752320217089147,-5.167534095047147,-0.2022986280847968,-0.7856053924472229,4
Kévin Danois,Auxerre,MF,-0.0276339333604706,1.145085422820591,-2.490612772790036,4.105362600092727,1.112519341914095,0
Christopher Wooh,Rennes,DF,7.116505198557981,-11.4754776954895,-1.533388448204746,-0.5611142964702074,0.4708871020256614,1
André Ayew,Le Havre,FW,-9.253758316626133,-5.901881415200704,-3.614119111087857,1.4286044385055825,-0.7292562169951571,1
Georges Mikautadze,Lyon,FW,-17.8217984888386,1.449183638245918,-4.520048503326645,-2.907027796583873,3.0350611714266567,4
Derek Cornelius,Marseille,DF,10.729068319152963,-7.828979579726925,2.718048129595968,-3.2003217601736345,-7.237218070653282,2
Anass Zaroury,Lens,"FW,MF",-4.577667194346086,3.957861045407742,9.125447610172529,2.4584238325989323,-0.1994183013298085,3
Ali Abdi,Nice,"DF,MF",-2.106781162727904,2.5420084748616345,0.7606005471436689,2.4590037261863977,-3.661825717973933,2
Przemysław Frankowski,Lens,DF,2.980952190029725,3.8027791847167896,4.528804550140986,-1.0884225842686943,0.946510222641493,1
Malang Sarr,Lens,DF,6.924374828316797,-8.06983442837016,-0.2271858989624284,0.7550816026589777,-0.1907072150743738,1
Julien Le Cardinal,Brest,DF,6.194473309653048,-12.562708264798262,0.1370119113817469,-1.4399604947699691,1.556647116137016,1
Emmanuel Biumla,Angers,DF,0.8321523816085801,-9.59579039824398,-1.3399048853219164,-2.772472449551964,-1.0165868757057028,1
Kamory Doumbia,Brest,"MF,FW",-1.782534401580262,-0.185545477417914,-2.187729451996797,6.281103815733397,1.7385197477504448,0
Sorba Thomas,Nantes,"FW,MF",-4.746708698448885,1.6120718445626323,7.983475697486869,-0.1455876898013724,3.089246197417948,3
Lilian Raolisoa,Angers,"DF,FW",-3.5828102501242487,-2.3797682188875213,5.747545489788719,5.458826444421201,-5.316343731645139,2
Amadou Koné,Reims,MF,2.458649241388669,-3.718337756338994,-0.0573815002882709,6.949420911932131,0.149798594854457,0
Osame Sahraoui,Lille,"FW,MF",-8.383786816509833,5.530375839891532,1.500689480579056,-3.390641449897072,1.599223371997582,1
André Gomes,Lille,MF,3.2052573972677165,-0.5821180130416587,0.3846972907443129,-0.1369908334163201,1.521588671903548,1
Emmanuel Agbadou,Reims,DF,7.2954110757351005,-5.601824784511354,0.0955493085674281,0.2644421167263935,1.1333925471206625,1
Romain Del Castillo,Brest,FW,-4.74345089376014,5.19534019461365,8.811235525665825,0.3347976494485653,5.7131365222470185,3
Mostafa Mohamed,Nantes,FW,-10.908855526688471,-3.7515194396292135,-5.192111453619359,1.7808470524872255,-1.1575976232084668,4
Florian Tardieu,Saint,MF,3.8273498407977953,-0.5071187381743395,1.0588511610530846,-0.7522548016054232,2.97256720432874,1
Arouna Sangante,Le Havre,DF,4.403015618118648,-9.47671165208718,-1.1193009026719658,0.1809001707723221,0.7594013636513682,1
Abdallah Sima,Brest,"FW,MF",-13.178345272605794,-1.5603510066648711,-3.736808399863461,1.320519411186989,-0.211381623721209,4
Tanner Tessmann,Lyon,MF,1.6618591555409288,-3.76475823799346,0.7732160117935832,3.9564637829871616,3.148671595626859,1
Lilian Brassier,Rennes,DF,6.019781569636179,-6.672046910446979,-0.7588043150316908,-0.8461525084138278,0.5009865227216689,1
Falaye Sacko,Montpellier,DF,0.3067903502948492,-10.618637025336866,0.8393946868776734,-1.981501438986566,-0.7073392776052778,1
Mika Biereth,Monaco,FW,-15.534973981551806,-3.010856725926538,-3.9542835419648337,-2.417115742276563,2.536684146643727,4
Leo Skiri Østigård,Rennes,DF,5.0884432909143245,-7.941634939571044,-0.4829587713075183,-0.8716567334913252,-0.1787435271578508,1
Ngal'Ayel Mukau,Lille,MF,-0.356143491764381,-2.7214205902743003,-0.2662246739169109,1.802719849821444,0.1056066528620674,1
Shavy Babicka,Toulouse,"MF,FW",-9.711881072003736,-2.162489942771161,0.0577680574180242,-1.4495735581829234,-0.2530221160904625,1
Jordan James,Rennes,MF,-1.3576703093451743,-1.0625134242631835,3.434002952461697,3.415999524277748,2.1574510634748427,1
Christopher Operi,Le Havre,"DF,FW",-2.1425303496506545,-1.2740838325455732,9.19948104486937,0.9877586001153394,-3.386266208124733,2
Arnaud Nordin,Montpellier,FW,-8.020832865250593,-0.6306755902526986,-0.1011013219333948,-1.1941232471796035,1.757970219639681,1
Nhoa Sangui,Reims,"DF,MF",-1.395674586467747,-4.7244827903339015,1.857551851718234,1.0222137979355763,-3.323750871303625,1
Valentín Barco,Strasbourg,"MF,DF",2.1480290092220877,-3.1166550743335333,2.6682772493913185,2.7614375493171264,-1.3423570817628656,1
Issiaga Sylla,Montpellier,DF,-1.633970860028401,-4.43352147061859,3.393450628540002,0.4630136250508,-3.749331194380481,1
Aleksandr Golovin,Monaco,"MF,FW",-2.4087249500095718,3.8328895358427326,0.7064472560972229,1.577003270957349,1.8656299036490565,1
Ayyoub Bouaddi,Lille,MF,-0.109892043272042,-4.592372192240158,-0.1717598997252908,3.336058927569214,-0.1416553727944503,1
Mama Samba Baldé,Brest,FW,-13.446782369444842,-1.2404152270820072,-2.9147566010470274,2.2351241609717647,-0.6011348525353714,4
Mitchel Bakker,Lille,"FW,DF",-4.31648615857087,0.4551033763762384,6.81837080873198,0.9246575310045096,1.0217547781255134,1
Tanguy Ndombele,Nice,MF,-4.707403892879701,-2.5890417114802875,-0.7422922639226884,1.3371935932318837,0.7587871629448608,1
Mory Gbane,Reims,"DF,MF",1.399785635542986,-8.32028215903244,1.4916571307382678,0.0506805870007522,0.9952096582170972,1
Ruben Aguilar,Lens,"DF,MF",2.2790040947003547,0.2387991951085754,1.698791961440975,0.6035543957659423,-4.091237996362772,2
Djaoui Cissé,Rennes,MF,1.1704939513076509,-2.4275335821109123,0.4888808919373875,2.6709035220136874,2.044140513868532,1
Wahbi Khazri,Montpellier,"FW,MF",-7.657344443781399,-2.3619839431252787,4.221029979614615,2.9251751334583598,3.5513938235246005,1
Musa Al-Taamari,Montpellier,"FW,MF",-13.043974764445451,-0.2428953373525284,0.0856120422770811,-0.2832842316469823,-1.2546716981386086,1
Timothee Pembele,Le Havre,DF,-1.4538809174559535,-4.333525711406918,-0.0165511365386185,-0.1458388939107454,-2.3717394038273243,1
Jaydee Canvot,Toulouse,"DF,MF",-0.0722319676600585,-6.687145042405142,0.9612221161064703,-0.4019438114927057,0.470977129481253,1
Edimilson Fernandes,Brest,"MF,DF",0.6574881869025705,-7.0304512121234,1.128487808000517,-0.3429381505597092,2.875550255526507,1
Badredine Bouanani,Nice,"MF,FW",-10.564210149596589,2.424831371272319,2.345420560254635,-0.3529435896795665,2.072106466709398,1
Abner,Lyon,DF,0.6863927070019354,-1.9272933531329897,2.167274672770092,-0.2971176353515452,-0.9845968306550256,1
Kevin Danso,Lens,DF,5.500446726103006,-7.813574533788125,-0.4457805175024956,-0.3872442195596368,-0.156196019786255,1
Akor Adams,Montpellier,FW,-11.635947971357892,-5.899219806233723,-0.9830174226710714,-2.282407635658083,-3.4891558799728237,1
Gonçalo Ramos,Paris S,FW,-15.775397620221868,-4.951462328137136,-4.048247725898734,-4.460414307123531,2.886818122312216,4
Matias Fernandez-Pardo,Lille,"FW,MF",-9.963831086314888,-2.8431810484974696,-0.2618519585402684,1.183580684229092,-0.1951737252001959,1
Sofiane Diop,Nice,"MF,FW",-8.850643164161136,1.6063588104045672,3.4457618757223694,1.3515133622569764,3.200866748005436,1
Irvin Cardona,Saint,FW,-8.89754738698098,-3.223260194217772,0.3950073609097754,-2.791620030348376,0.8187423377272631,1
Rassoul Ndiaye,Le Havre,MF,-2.461824001033377,-5.07027853979638,0.9036531003078556,3.031020220107055,-0.7718613970010534,1
Jeremie Boga,Nice,"MF,FW",-10.226247105145568,0.4710491652608196,1.5908815835362866,-2.680036377129682,-0.0798966104529331,1
Ernest Nuamah,Lyon,"FW,MF",-7.154195886662259,-0.5264180743885205,0.5000613022866418,0.2488213058046384,0.7201210801972214,1
Amine Gouiri,Marseille,"FW,MF",-15.295260802805062,-2.1706083041161897,4.697758000470639,-0.962195990181728,4.141681393557466,1
Han-Noah Massengo,Auxerre,MF,-3.1673960858928005,-8.36729944172309,0.0273865902828059,0.8778111009393443,-0.8630556904652881,1
Angelo Fulgini,Lens,"MF,FW",-5.337160001268293,2.829430228785044,4.033062926599906,-1.9842635176520005,2.001799687535998,1
Louis Mouton,Saint,MF,-0.8648004878847112,-1.55966989793826,0.550152640477499,3.709821448949268,1.1552441088300849,1
Neal Maupay,Marseille,FW,-8.082594415420516,-7.166657850453706,1.669520381470833,1.1069988771097168,-1.4956951090425317,1
Aimen Moueffek,Saint,MF,-3.649562247950669,-3.76159571110072,-1.082484597585763,0.1581765709115006,-0.0495876122213113,1
Yunis Abdelhamid,Saint,DF,1.0393855465017576,-10.403537787111418,-1.5078805242860462,-4.005592938144365,-0.5402792174693861,1
Khalil Fayad,Montpellier,"MF,FW",-0.4931150711503864,-6.196981959665601,0.8976774501963497,3.916635936209735,1.21568619270668,1
Soungoutou Magassa,Monaco,MF,0.7054977112447989,-2.9057454100415856,-0.5080223524126074,3.337225626806628,0.7211667016425676,1
Mohammed Salisu,Monaco,DF,4.616727332211846,-6.990677828199368,-0.4522593273477505,-0.5174095662835873,0.0295178829923815,1
Warren Kamanzi,Toulouse,"DF,MF",-3.294084426507178,-3.8406745859321383,0.1562333322143739,0.2225930615328306,-2.5041524888377458,1
Saidou Sow,Strasbourg,DF,1.967106075784382,-10.427185941022117,0.3106856695393792,-1.9780832157563863,0.163720347000975,1
Théo Sainte-Luce,Montpellier,DF,-3.247051318236841,-5.555650937030206,-0.0438061018561925,-0.7010794611319411,-2.511603982400348,1
Rémy Cabella,Lille,"FW,MF",-4.684583109471788,3.121274858997201,2.698394797852925,2.1729965377782503,2.2853787979356275,1
Paul Joly,Auxerre,DF,2.574285646818914,-2.8197183931313705,3.598036313858228,5.050793315557583,-6.952030332664632,2
Oussama Targhalline,Le Havre,MF,-1.3432603166867088,-5.931667831322423,2.368549672160101,1.393482106585613,1.3802828457979923,1
Edon Zhegrova,Lille,"FW,MF",-9.78150548319504,-0.1194312263022815,5.321961236775412,-1.936892202801664,1.8145713528360372,1
Yanis Zouaoui,Le Havre,"DF,FW",-3.9062589469224926,-1.9685996925753424,9.409335564020884,2.5371495924649,4.3040038761717,3
Abdukodir Khusanov,Lens,DF,1.230653070161183,-10.47414305238377,1.5219743551992082,-0.4003172797222228,-0.0150568638745368,1
Anthony Rouault,Rennes,DF,2.606351084577241,-9.986653579841247,-0.10966560137521,-2.090456775042157,0.1597770621360405,1
Ado Onaiwu,Auxerre,"MF,FW",-8.924693970481142,-4.860887477203526,-1.993951244642028,-0.1056715016205174,-0.6332348163564825,1
Junior Mwanga,Le Havre,MF,-2.4839109881498134,-6.244527120584196,3.660028720544868,2.3847612520224075,1.9856811448376643,1
Thiago Almada,Lyon,"MF,FW",-3.744473230871306,0.8925852470559235,6.546526002257392,-0.7787739565924581,3.770523386109267,3
Sael Kumbedi,Lyon,DF,-2.054122563676091,-4.596429287670548,1.139594211418174,-0.1210923984820289,-2.005512088051368,1
Marcus Coco,Nantes,DF,-0.374790154808041,-6.870061567632764,3.5094995565705123,3.847530752399248,-4.596052679133394,2
Abakar Sylla,Strasbourg,DF,2.907220769288257,-11.587478875992243,0.0936544812084191,-1.7714602469140186,0.3997228986594144,1
Yael Mouanga,Montpellier,DF,0.2736716839414269,-9.370068992763173,-0.5507382590164482,-2.4972006461407688,-0.8077702126737749,1
Antoine Joujou,Le Havre,"MF,FW",-8.989409733825761,-2.2196104428453705,0.7395334370003461,-2.3000257460837727,-1.481612828598833,1
Ibrahima Niane,Angers,FW,-14.003540187142614,-4.916217792577644,-1.332961814908704,-2.2148688128958285,2.063394625566596,1
Theo Bair,Auxerre,FW,-11.930238542257175,-7.731739835451505,-2.2518395836087866,-2.312460574168116,-0.8970896823089928,1
Ulisses Garcia,Marseille,DF,-3.5939763029663965,-4.119770299546321,2.566283770955013,-0.0746311964120603,-3.136550578267447,1
Jérémy Jacquet,Rennes,DF,0.2611154566297195,-7.476455405461074,0.9521325409908772,-1.515468994347242,-0.2606986578382689,1
Baptiste Santamaria,Nice,MF,-0.6027699122874293,-6.087177234136138,0.6429661702968613,0.4694808008929222,0.640635158129852,1
Khvicha Kvaratskhelia,Paris S,FW,-11.7809182811896,2.8242064202639074,2.7691759598857324,-1.5032931470144557,1.5674784605832317,1
Wesley Saïd,Lens,FW,-7.746429445045488,-5.6223422381722505,-0.4455927234290706,-0.1784801983129327,-0.9923747320499116,1
Ismaily,Lille,DF,-0.6391903430611655,-2.764120645984524,2.0709849447505158,2.080198053289372,-2.1214093058038426,1
Romain Faivre,Brest,"MF,FW",-8.23040813276364,-2.1495437341223,2.8669328610683924,-0.8660751890138019,2.946436471185899,1
Hiroki Sekine,Reims,DF,-1.4330082225254654,-6.65566219034319,3.007677726386192,-0.6329694305096999,-1.144206090503464,1
Goduine Koyalipou,Lens,FW,-12.296370994270369,-6.683282492694537,-0.6296228927955706,-3.85761237096146,0.2727553353247349,1
Lucas Hernández,Paris S,DF,2.7611506441336697,-7.72686376605296,1.0977616700336714,0.5747815678300929,0.734620151261537,1
Mathis Amougou,Saint,MF,-2.704192886588784,-7.338986828752505,0.9347609393222812,1.1803885335295552,0.1880167354743471,1
Mamadou Diakhon,Reims,"FW,MF",-10.68106787258498,-2.335021447489422,0.4470180811725726,-1.5316260223163334,-2.159438104093216,1
Mohamed Abdelmoneim,Nice,DF,1.6787095262537746,-10.122185742785886,0.1036968434554699,-1.2728017948062864,-0.3366157844949158,1
Koka,Le Havre,FW,-8.19783849984131,-9.252544500542662,-0.5055514755002725,-5.353671376434252,0.3042484163010777,1
Zinedine Ferhat,Angers,"FW,MF",-6.856972683331232,-5.714498385782242,10.448487270198758,1.0477068263123397,0.5001696082157356,1
Seko Fofana,Rennes,MF,-3.1482631571665176,-3.301328880514075,1.205098897858482,-0.2642013469468207,1.0597503503391776,1
Antoine Mendy,Nice,DF,-0.4820771698228436,-6.270674470035264,1.210062214407536,0.1434181890039413,-0.7254565476829958,1
Ibrahim Sissoko,Saint,FW,-11.802469927449364,-6.004611101611548,-3.2514712286081675,2.2145739937925257,-0.8829770985489029,1
Louis Leroux,Nantes,"MF,DF",-4.98749887815816,-6.159563443206039,1.405351012807584,-0.9665443556811468,-1.2909280424244989,1
Albert Grønbaek,Rennes,"MF,FW",-7.776397892398811,-3.2489921431369124,4.607676101238489,0.3193785393652568,1.913497173082027,1
Senny Mayulu,Paris S,MF,-5.108996150113732,-1.8917303593259016,-1.1259576708581474,0.0937379064584911,-0.8188924315061309,1
Jonathan Rowe,Marseille,"FW,MF",-12.353018009332969,-0.3604114959433117,-0.0780328102280564,-3.315232107956034,-1.056322791180143,1
Alidu Seidu,Rennes,DF,-0.4076621129801762,-5.976325016775392,2.0022663449938545,2.188464299582256,-2.0070146208946853,1
Yoann Salmier,Le Havre,DF,-1.2337773378507662,-9.88206164189227,0.0819627330714887,-2.7746912945497573,-0.9101877995703838,1
Yvann Macon,Saint,DF,-1.813391341429482,-6.215332703316808,2.462979301169629,1.026992979481045,-1.0400930988772863,1
Jordan Amavi,Brest,DF,-0.8529775652007755,-7.072569067894145,3.4560164073115653,1.025927705095134,-1.8941404933999264,1
Tom Louchet,Nice,"DF,MF",-2.146282551401507,-4.656817937961653,2.9074102005514155,0.963294881325896,-1.6225819829478745,1
Sekou Mara,Strasbourg,"FW,MF",-8.256941097064901,-5.5038449951639405,-0.3346233079960749,-1.299256363979412,0.090403441436119,1
Maxime Bernauer,Saint,DF,-0.636585278917985,-11.852629960503302,2.624932332324601,0.7417021119289312,-2.0402176400057,1
Boubakar Kouyaté,Montpellier,DF,-2.067751323465941,-11.534302396262122,1.3044782028780613,-0.2171654131567654,-3.3948139617004096,1
Teddy Teuma,Reims,MF,-2.00400531511281,-2.078683116854024,5.8597685913458015,-0.4744681754417468,2.331846856064051,1
Angel Gomes,Lille,MF,-6.056840884394248,-5.028557677316844,4.485141722179009,-1.4444609741064145,0.5027756817498754,1
Saïd Benrahma,Lyon,"FW,MF",-7.971593541026709,-2.96631264408642,3.453808948669601,-1.604674078457126,0.8138658865207671,1
Augustine Boakye,Saint,"FW,MF",-7.757638449397374,-4.830630272894357,0.9500391653234856,-1.0633641551408428,1.289299749921365,1
Mathieu Cafaro,Saint,"MF,FW",-5.62212419603871,-6.267423503341435,4.639620238433414,-2.0642369678729304,0.7406920934298716,1
Rayan Raveloson,Auxerre,"MF,DF",-3.1867215575376715,-7.571374248720765,3.2824550861031887,-0.3984446051484238,1.4857122983887674,1
George Ilenikhena,Monaco,FW,-11.765474748784344,-7.801138270628071,-0.8433117355795242,-2.54644571675928,0.7137865832585149,1
Lucas Mincarelli,Montpellier,DF,-2.629463464217608,-8.310267474023222,1.2649994760980958,-0.7895930488749429,-1.2165213168780706,1
Jacques Ekomie,Angers,"DF,FW",-2.992036776386425,-7.975131778886242,1.2104246353220574,0.253032682717858,-1.7512911940002347,1
Mikayil Ngor Faye,Rennes,DF,0.0983843573049842,-9.89265390590921,1.608311310471514,-1.2975400494049831,-0.3865121530901078,1
Abdulai Juma Bah,Lens,DF,-0.3357126234847009,-10.05738131832504,1.621718638340418,-0.7522103171352533,-0.6104211725436163,1
Pol Lirola,Marseille,DF,-2.582873447773974,-10.36026609212733,2.888686943008301,0.0773374739556339,-1.7155462429082633,1
Assane Dioussé,Auxerre,MF,-2.063397473802271,-7.893876165398059,3.00527274374656,0.6613313400874085,1.8379986906652723,1
Glen Kamara,Rennes,MF,-3.740909177031451,-8.040096575218014,0.8377810575694953,-1.0719964400462303,-1.1060508026393874,1
Emmanuel Sabbi,Le Havre,"FW,MF",-8.721270582229176,-6.7529737710549895,1.385722923876096,-2.652448470154978,1.3264251571539412,1
Ismaël Bennacer,Marseille,MF,-0.2129739975088334,-4.519406335729567,5.20141116469786,3.735586715867507,1.5579633550158565,1
Chuba Akpom,Lille,FW,-11.655922881901764,-8.228692415571793,0.5632890483553334,-2.924618180285596,1.0714475915000707,1
Luck Zogbé,Brest,DF,-2.5389392248646256,-8.537688882947059,0.802982699096345,1.8924603027821183,-2.000595711312103,1
Rémy Labeau Lascary,Lens,"FW,MF",-8.212342495713303,-5.628884092979871,1.0305584405518198,-0.9897072501135712,-1.23242231871198,1
Yaya Kader Fofana,Reims,"MF,FW",-6.129600889333007,-4.960038493442423,3.015246167276079,-0.3714661738567604,-0.5783214814441,1
Rasmus Nicolaisen,Toulouse,DF,-1.2995915474437774,-12.626794074298203,2.526646964447989,-2.3527649324478466,0.5853505974379226,1
Marco Asensio,Paris S,"FW,MF",-8.921763317153523,-6.149957728328117,1.3286054530915932,-1.542749124647408,3.2483525143067604,1
Folarin Balogun,Monaco,FW,-11.705029106828098,-6.962109651630634,-0.2229968158279221,-3.924194482035023,0.3278213144690495,1
Andy Delort,Montpellier,FW,-7.673220483221059,-9.861903615795654,0.9601402598879624,-1.3030774081335836,-0.7732499231013956,1
Jhoanner Chávez,Lens,"DF,MF",-3.988402211620473,-7.935798315952255,4.857123365717342,-1.2791740358953647,-0.0514561472597411,1
Fodé Ballo-Touré,Le Havre,"DF,MF",-2.596092523824873,-10.367131514879102,1.920559615787878,-1.393011769704607,-2.3840297587602977,1
Nampalys Mendy,Lens,MF,-3.6028862885049895,-9.756446040065835,2.006112131477058,0.8510370446745301,-1.3639206155637085,1
Mahamadou Diawara,Le Havre,MF,-2.992586534257559,-7.975009242562713,1.049766626135524,0.164408816108188,-0.7141874523129601,1
Nikola Maksimović,Montpellier,DF,-2.5322567153313478,-11.2335711738198,2.888711346232802,-1.3255608345270844,-0.0620035041483,1
Pierre Cornud,Saint,DF,-2.0829163775197475,-10.508228053909765,1.2015902415895887,-1.506824480699773,-1.6348381031517176,1
Florian Ayé,Auxerre,FW,-8.303535622856728,-9.357622496659967,-0.1753335700616327,-2.5412222296070635,-1.2856735425098686,1
Elye Wahi,Marseille,FW,-10.94010316797088,-9.096878440310771,-0.3992771595518786,-3.63774734432751,-0.5827605498346067,1
Maxence Caqueret,Lyon,MF,-3.4635205930927846,-6.65394934367348,2.460501131724753,1.4590564479612915,-0.3229102216743579,1
Jordan Teze,Monaco,DF,-4.203731163342613,-8.877172499015908,0.8333188680288925,-0.3106048089288853,-3.570573911743724,1
Daler Kuzyaev,Le Havre,MF,-3.529858305734957,-8.674896692134704,1.8229682925282888,-0.7919639899241052,0.1749513281040203,1
John Joe,Reims,MF,-3.219985315327413,-8.390826600205255,1.9188281673797896,0.4709740959782449,-0.7333434004603939,1
Mohamed Meité,Rennes,FW,-7.585026207528141,-9.432450358394062,0.938629435944841,-1.5029847520989266,-0.2525613345293553,1
Andrew Omobamidele,Strasbourg,DF,-0.8787489998488436,-13.453018442218587,3.360084187842168,-0.9007565211922076,-1.9807787161769137,1
Jean-Kevin Duverne,Nantes,DF,-2.458077506090817,-8.32925597583056,2.008337564476095,-0.3466537027718667,-2.0049243603755085,1
Bamba Dieng,Angers,FW,-8.939003483464054,-9.626168905507392,0.563945955889455,-3.4512394142230143,0.5702234983795412,1
Ben Old,Saint,"FW,MF",-6.8353744467115,-7.195680884433646,2.107415865873518,-1.140468306085431,0.9363426528052158,1
Amine Harit,Marseille,MF,-6.941690091516274,-6.357730022198514,4.940462208744692,-0.4210925504362183,1.092665529132865,1
Tino Kadewere,Nantes,"MF,FW",-6.507051788512627,-8.185397769720668,-0.0042512443340744,-1.293377036019607,-1.580017610797962,1
Krépin Diatta,Monaco,"DF,FW",-2.9232450418842486,-8.043947067290471,0.8144092838682221,-0.5198507123027947,-1.676890421272749,1
