player_name,equipe,positions,tsne_1,tsne_2,tsne_3,tsne_4,cluster
Jordan Lefort,Angers,DF,-0.022345955,0.77990776,-0.5624884,4.607697,0
Andrey Santos,Strasbourg,MF,1.6128367,0.38500437,-0.7439238,0.6202952,0
Valentin Atangana Edoa,Reims,MF,0.8273682,-1.2623512,-0.6063252,0.70098644,0
Himad Abdelli,Angers,"MF,FW",-0.6747267,0.057239056,-1.1787231,-1.6838815,-1
Mason Greenwood,Marseille,"FW,MF",0.5571542,1.2557135,1.2797319,-4.334605,3
Zuriko Davitashvili,Saint,"FW,MF",0.3949421,-0.648227,1.7670913,-3.84055,-1
Gautier Lloris,Le Havre,DF,-0.38659355,0.24987164,-0.19169778,4.739288,0
Matthis Abline,Nantes,FW,1.4260929,-2.0788872,-0.21288541,-3.964378,1
Bafodé Diakité,Lille,DF,-1.5556669,2.4290931,-0.9225437,4.5516763,0
Adrien Truffert,Rennes,"DF,MF",-1.0468806,0.10018454,0.98909116,-0.40732887,2
Moussa Niakhate,Lyon,DF,-0.8025732,1.9974365,-0.9994786,4.075985,0
Guela Doué,Strasbourg,DF,-1.2861658,1.7847621,0.025043994,2.2749724,0
Alexsandro Ribeiro,Lille,DF,-1.0094671,3.2991865,-0.71817386,3.9175982,0
Cristian Cásseres Jr.,Toulouse,MF,1.198851,0.8873134,0.11072366,-0.0015969595,-1
Benjamin André,Lille,MF,0.72927713,1.9698447,-2.3669863,0.34731677,-1
Gaëtan Perrin,Auxerre,"MF,FW",0.6638172,0.35360947,2.5163763,-2.9986594,-1
Junya Ito,Reims,"FW,MF",-0.46122062,0.7971247,2.5396647,-2.1678813,-1
Aron Dønnum,Toulouse,"DF,MF",-0.8208918,0.15780029,1.163579,-1.0907433,-1
Kenny Lala,Brest,DF,-0.980132,1.0705087,1.4842739,1.1821879,-1
Florent Hanin,Angers,DF,-1.3895128,-0.09783755,0.97277766,1.2947857,2
Pierre Højbjerg,Marseille,MF,-0.8105482,4.162647,-0.26517132,1.1525291,-1
Mahdi Camara,Brest,"MF,FW",0.77019423,-0.6791303,-0.5471323,-0.6527392,0
Keito Nakamura,Reims,"FW,MF",1.1524936,-1.288235,0.074056566,-3.5399723,1
Jubal,Auxerre,DF,-0.9322759,-0.5666821,-0.7072506,5.3163004,0
Ismaël Doukouré,Strasbourg,"DF,MF",-1.5923616,1.5098408,-0.82253754,4.8169026,0
Léo Pétrot,Saint,DF,-1.0283688,-1.1110089,0.9234595,2.012868,2
Jean-Charles Castelletto,Nantes,"DF,MF",-0.03254521,0.46816856,-1.535742,5.245475,0
Adrien Thomasson,Lens,MF,0.056004494,1.5920087,-0.62026936,-0.92291725,-1
Luis Henrique,Marseille,"DF,FW",-1.0139413,0.6245604,0.70151323,-2.5440094,3
Moses Simon,Nantes,"FW,MF",-0.1366619,-0.26363304,2.0457015,-3.8324645,-1
Charlie Cresswell,Toulouse,DF,-0.4487272,0.94431907,0.38135773,4.873782,0
Arnaud Kalimuendo,Rennes,"FW,MF",2.398198,-1.5805094,-0.019442722,-5.2952695,1
Pierre Ekwah Elimby,Saint,MF,0.38378942,0.44118717,-0.71256405,2.0702555,0
Diego Moreira,Strasbourg,"DF,MF",-0.8260934,-0.019091804,0.32541567,-1.7541049,-1
Evann Guessand,Nice,"FW,MF",0.7324152,-0.74396896,0.47281012,-4.310884,-1
Jonathan David,Lille,FW,2.347223,-1.5644702,-0.07359442,-5.4141774,1
Facundo Medina,Lens,DF,-0.3190166,2.6753523,0.10548074,2.3605604,0
Sergio Akieme,Reims,DF,-0.73683804,-1.262059,0.5350821,0.8213658,2
Dilane Bakwa,Strasbourg,"MF,DF",0.057606682,0.5820521,1.7199653,-3.2316632,-1
Mark McKenzie,Toulouse,DF,-0.7050093,0.65133524,-0.25141597,4.4283385,0
Ludovic Ajorque,Brest,FW,2.391559,-3.1370652,-0.27060664,-3.9225519,1
Clément Akpa,Auxerre,DF,-0.053029064,-0.06699892,0.2119578,3.5818377,0
Adrien Rabiot,Marseille,MF,-0.66575366,1.9953645,-0.6014429,-0.6554664,-1
Loïc Nego,Le Havre,"DF,FW",-1.3154958,-0.8270714,0.8333342,1.1907729,2
Michael Amir Murillo,Marseille,DF,-1.1958379,1.9647565,-0.07328716,1.858684,0
Hicham Boudaoui,Nice,MF,0.5442947,0.09114318,-0.90603673,-0.45928645,0
Brendan Chardonnet,Brest,DF,-0.22468428,0.23577471,0.056039196,4.827484,0
Maghnes Akliouche,Monaco,"FW,MF",-0.29330233,1.3285885,-0.07539593,-3.6455736,3
Vincent Sierro,Toulouse,MF,0.6120116,1.214736,0.46859202,0.629654,-1
Thilo Kehrer,Monaco,DF,-1.8007039,2.35304,-0.40076685,4.407571,0
Clinton Mata,Lyon,DF,-0.98428774,2.0110312,-0.20512578,3.048672,0
Mamadou Sarr,Strasbourg,DF,-0.62870324,1.9356081,-0.48125437,4.979285,0
Téji Savanier,Montpellier,MF,0.8880457,1.3192998,2.6586618,-0.34768224,-1
Lorenz Assignon,Rennes,"DF,MF",-1.0870308,0.11958693,0.33902347,-1.2747974,-1
Habib Diarra,Strasbourg,"MF,FW",0.78546417,-0.4606657,0.60123956,-1.4066502,-1
Pedro Chirivella,Nantes,MF,0.015800504,1.9958857,-1.0427694,1.929812,-1
Elisha Owusu,Auxerre,MF,1.121373,-1.2808827,-0.8374428,0.9860924,0
Yann Gboho,Toulouse,"MF,FW",-0.028375981,-0.5008198,0.45105225,-3.8503942,-1
Corentin Tolisso,Lyon,MF,-0.5088261,2.1772633,-0.5210121,-0.46416888,-1
Abdoulaye Touré,Le Havre,MF,1.7891742,-0.16568322,0.74775743,1.3387789,-1
Hugo Magnetti,Brest,MF,0.50621784,-0.7166429,-0.5605857,1.3744138,0
Etienne Youte Kinkoue,Le Havre,DF,0.3885968,0.5027868,-1.2156821,5.2814016,0
Douglas,Nantes,MF,1.0711367,0.13102612,-0.75792676,0.9986003,0
Mickael Nade,Saint,DF,-1.2794011,0.2253401,0.08795396,5.445537,0
Jonathan Clauss,Nice,"DF,MF",-0.31729674,1.6911763,2.2515013,-0.7118914,-1
Lassine Sinayoko,Auxerre,"FW,MF",0.6455403,-1.4792908,0.9023215,-4.43787,-1
Ludovic Blas,Rennes,"MF,FW",0.5990106,0.256044,2.4038956,-3.1058018,-1
Emanuel Emegha,Strasbourg,FW,2.1248364,-2.0143137,-1.4310594,-4.9315963,-1
Gideon Mensah,Auxerre,DF,-1.5910491,0.011661344,0.8355729,1.117082,2
Leonardo Balerdi,Marseille,DF,-1.3537058,3.8420317,-0.3866144,3.604209,-1
Takumi Minamino,Monaco,"MF,FW",0.41722563,-0.8525905,-0.74205023,-3.4161873,-1
Andy Diouf,Lens,MF,-0.3931909,-0.069068484,-0.7086449,-1.9603345,-1
Moïse Bombito,Nice,DF,-0.39032248,1.8383888,-0.95608133,4.6345053,0
Cédric Kipré,Reims,DF,0.17641172,0.9901959,-0.8467433,4.5964026,0
Bradley Barcola,Paris S,FW,-0.25922975,1.3379778,0.41324896,-4.5965753,3
Kelvin Amian,Nantes,DF,-0.5679452,-1.565245,0.78517336,1.0017443,2
Gabriel Suazo,Toulouse,DF,-0.9132974,1.0472072,1.4915859,-0.1373265,-1
Denis Zakaria,Monaco,MF,2.0135036,0.7892046,-0.7034953,0.67051476,0
Modibo Sagnan,Montpellier,DF,-0.40310743,-0.318371,-0.265507,4.434108,0
Willian Pacho,Paris S,DF,-1.4053819,3.2185867,0.20186067,4.0348597,0
Dennis Appiah,Saint,DF,-1.5877976,-0.7774453,1.1472847,1.7095747,2
Ki-Jana Hoever,Auxerre,DF,-1.8413291,-0.3429471,1.0602517,0.46872538,2
Jonathan Gradit,Lens,DF,-0.38513702,1.446257,0.03399264,3.6001074,0
Sebastian Nanasi,Strasbourg,"MF,FW",1.1183045,0.6273498,1.420571,-2.6389697,-1
Djibril Sidibé,Toulouse,DF,-1.1604053,0.7691657,0.47945672,1.4231894,2
Yassine Kechta,Le Havre,"MF,FW",0.7962171,-1.5012444,-0.44384423,-0.18747185,0
Wilfried Singo,Monaco,DF,-0.77473575,1.9838961,0.18632783,3.4346652,0
Hamed Junior Traorè,Auxerre,MF,0.736439,-0.7960857,0.53135365,-3.585686,-1
Azor Matusiwa,Rennes,MF,1.279508,0.42447087,-1.0637336,0.91863924,0
Achraf Hakimi,Paris S,DF,-0.81064653,3.8794672,-0.004903159,0.21336414,-1
Vanderson,Monaco,DF,-2.5132473,0.88521314,0.8335623,0.4354349,-1
Lamine Camara,Monaco,MF,0.07428326,2.1526432,1.9184269,-0.5004069,-1
Alexandre Lacazette,Lyon,FW,2.4080594,-1.6519209,-0.23344494,-5.567446,1
Nicolas Cozza,Nantes,"DF,MF",-0.2558053,-1.7332689,0.58237463,0.9755582,2
Warren Zaïre-Emery,Paris S,"MF,DF",-0.68410915,3.2361577,-0.44649318,0.85954225,-1
Johann Lepenant,Nantes,MF,0.66953623,-1.1506346,-0.93946284,0.20790374,0
Carlens Arcus,Angers,DF,-1.3675851,-0.79746896,0.45308945,1.2687705,2
Vitinha,Paris S,MF,-0.8371721,4.3254194,-0.33413175,1.3566505,-1
Rayan Cherki,Lyon,"FW,MF",-0.37685242,2.586394,1.2473177,-3.3686886,3
Geoffrey Kondogbia,Marseille,"DF,MF",-1.3669676,2.834705,-0.58047825,2.8697097,0
Nicolas Pallois,Nantes,DF,-0.28301144,-0.65521485,0.22086146,4.858911,0
Dylan Batubinsika,Saint,DF,0.24789631,0.59652317,-0.7240176,5.6265144,0
Lucas Beraldo,Paris S,DF,-1.3307598,3.8210464,-0.614215,3.5993617,-1
Nemanja Matić,Lyon,MF,-0.12922311,2.2486744,-0.89840686,1.8061618,0
Josué Casimir,Le Havre,"FW,MF",0.5086522,-1.6530952,0.96402365,-4.1582284,-1
Ainsley Maitland-Niles,Lyon,DF,-2.2542367,0.88644224,0.43483862,0.24094623,-1
Aurélio Buta,Reims,DF,-1.0807289,-1.0201616,0.3059491,1.1566793,2
Dante,Nice,DF,-0.62900764,2.2930725,-0.10863475,3.4342806,0
Jean-Eudes Aholou,Angers,MF,0.94953746,-1.2196137,-0.6226355,0.6375467,0
Sinaly Diomande,Auxerre,DF,-0.45921817,-0.0039442675,0.3112251,5.5643954,0
Melvin Bard,Nice,"DF,MF",-2.4640756,0.5466834,1.0606118,0.31292188,-1
Youssouf Ndayishimiye,Nice,DF,-1.6287391,1.9087371,-0.6857794,4.5125785,0
Caio Henrique Oliveira Silva,Monaco,DF,-0.9001604,1.6059307,1.7577946,-0.3326445,-1
Thomas Meunier,Lille,DF,-1.8458775,1.7803918,0.41696477,0.8461481,-1
Fabián Ruiz Peña,Paris S,MF,-0.69537944,3.7589557,-0.19543007,0.2836089,-1
Issa Soumaré,Le Havre,"FW,MF",1.373717,-2.217225,0.6073062,-3.5170257,1
Nicolás Tagliafico,Lyon,DF,-1.9091933,1.8717445,-0.28915784,0.76006997,-1
Zakaria Aboukhlal,Toulouse,"MF,FW",1.3136277,-2.4455092,-0.12571195,-4.848543,1
Enzo Tchato,Montpellier,DF,-1.1861342,-1.1704427,0.91250694,1.3446287,2
Farid El Melali,Angers,FW,0.51104325,-0.9009848,2.3681836,-4.2139444,-1
Joris Chotard,Montpellier,MF,0.37150928,-0.8818594,-0.47339773,2.1673973,0
Lucas Stassin,Saint,FW,2.3556528,-1.869856,0.046580564,-3.734237,1
João Neves,Paris S,"MF,DF",-0.69108045,3.7216933,-0.23752157,0.30030605,-1
Breel Embolo,Monaco,"FW,MF",0.97352207,-1.6333092,-0.8631239,-4.919287,1
Gaëtan Laborde,Nice,FW,2.1813288,-1.6883259,-0.1423778,-5.45916,1
Deiver Machado,Lens,"DF,MF",-1.3858118,-0.76220304,0.7819926,-0.56090593,2
Becir Omeragic,Montpellier,DF,0.5532721,-0.14955771,-1.187912,5.0072055,0
Florian Sotoca,Lens,"FW,MF",-0.36498433,-0.39667767,-1.0724843,-2.6315627,-1
Haris Belkebla,Angers,MF,0.6333766,-0.6020429,-1.2889234,1.4472948,0
Gabriel Gudmundsson,Lille,DF,-1.1713566,0.10649985,0.5883154,-0.15618058,2
Félix Lemaréchal,Strasbourg,"MF,FW",0.54175603,-0.5838855,-0.42471513,-1.6852808,0
Pablo Rosario,Nice,"MF,DF",1.3431907,-0.32452542,0.0041991854,1.2001395,0
Jordan Ferri,Montpellier,MF,-0.00078281714,2.1792135,-1.8711493,1.8341007,-1
Benjamin Bouchouari,Saint,MF,-0.67444974,-0.5363901,-1.7244401,-0.6732414,-1
Hákon Arnar Haraldsson,Lille,"MF,FW",-0.0063607236,0.7494991,1.2953732,-2.1878705,3
Jim Allevinah,Angers,FW,0.4395332,-2.1161509,0.053738512,-3.6619916,1
Eliesse Ben Seghir,Monaco,"MF,FW",-0.11346202,1.436931,0.70646703,-3.1970048,3
Aïssa Mandi,Lille,DF,0.032279342,2.0085683,-0.89342725,2.9438562,0
Ousmane Dembélé,Paris S,FW,-0.18448713,2.0328434,0.9572166,-4.5757265,3
Désiré Doué,Paris S,"FW,MF",-0.92685896,2.0734656,0.36666206,-4.3663015,3
Marquinhos,Paris S,DF,-1.1499919,4.0758243,-0.81550235,3.345224,-1
Abdoulaye Niakhate Ndiaye,Brest,DF,-0.7638599,0.14711598,0.43392494,4.537854,0
Joseph Okumu,Reims,DF,0.660143,2.5685866,-1.1237469,4.5302234,-1
Marshall Munetsi,Reims,MF,1.5557187,-2.9343584,-0.5883871,-2.7381496,1
Rabby Nzingoula,Montpellier,MF,0.7662843,-2.0424688,-1.140802,-0.022373509,0
Hans Hateboer,Rennes,DF,-0.49847817,1.5592803,-0.16140437,2.613091,0
Massadio Haïdara,Brest,DF,-2.194187,-1.4916981,0.7138669,0.49988204,2
Nuno Mendes,Paris S,DF,-0.7834273,3.7717888,-0.0018432292,0.21762197,-1
Joshua King,Toulouse,"FW,MF",1.3715574,-2.3136132,-0.29209718,-4.225222,1
Lee Kang-in,Paris S,"FW,MF",-0.35525933,2.6754901,1.2379272,-3.007365,3
Gabriel Osho,Auxerre,DF,-0.7003825,0.13941069,-0.9923601,4.8063736,0
Esteban Lepaul,Angers,FW,2.256181,-2.579215,-0.33568856,-3.4789624,1
Oumar Diakité,Reims,FW,1.2344782,-2.2802753,-0.503995,-3.7541964,1
Mohamed Ali Cho,Nice,"FW,MF",0.061171133,-0.12801594,0.5269196,-3.8991907,3
Quentin Merlin,Marseille,DF,-1.2261328,1.8119017,1.044595,-0.7846612,-1
Malick Fofana,Lyon,FW,-0.2776229,0.23208934,0.5352753,-4.116132,3
Neil El Aynaoui,Lens,MF,0.83768225,1.3568306,0.81886965,0.59312886,-1
Duje Ćaleta-Car,Lyon,DF,-0.44116595,1.5477637,0.041247252,5.1579933,0
Mathias Pereira Lage,Brest,"FW,MF",0.95826507,-0.6587194,2.6625268,-2.9120557,-1
Valentin Rongier,Marseille,"MF,DF",-1.5351342,3.0575442,-0.7604567,1.4575313,-1
Jordan Veretout,Lyon,MF,0.2828716,1.5057839,-0.44628498,1.0386274,0
Pierre Lees-Melou,Brest,MF,0.8793467,2.3923833,-1.2576582,0.9209981,-1
Yassin Belkhdim,Angers,MF,0.9509689,-1.6071241,-0.83708924,0.77670103,0
Frank Magri,Toulouse,"FW,MF",1.5668007,-2.9764407,-0.6687746,-4.003449,1
Nathan Zeze,Nantes,DF,0.23136,0.55451137,-0.43267852,4.2530117,0
Abdoulaye Bamba,Angers,DF,0.31488648,-0.3444016,-1.8413552,4.6218123,0
Christian Mawissa,Monaco,DF,-0.39732,1.3054417,1.3731595,3.605155,0
Tanguy Coulibaly,Montpellier,"FW,MF",0.15367779,-2.5515523,0.34685218,-2.3950076,-1
M'Bala Nzola,Lens,FW,1.407714,-2.2147934,-1.3168368,-4.556297,1
Kévin Danois,Auxerre,MF,-0.041780654,0.41420892,-1.8061143,-0.2622438,-1
Christopher Wooh,Rennes,DF,0.5332304,0.89564717,0.38705584,4.8056865,0
André Ayew,Le Havre,FW,1.7319766,-3.2541416,-0.6817183,-3.157694,1
Georges Mikautadze,Lyon,FW,2.0997941,-1.0236158,0.33039612,-5.507488,1
Derek Cornelius,Marseille,DF,-0.3861486,3.6848845,0.5958387,3.7470505,-1
Anass Zaroury,Lens,"FW,MF",-0.46942553,0.9681386,2.2178922,-2.0409687,-1
Ali Abdi,Nice,"DF,MF",-2.3857317,0.38457742,0.15878394,-0.72531205,-1
Przemysław Frankowski,Lens,DF,-1.5114611,2.0329354,1.1469055,-0.05038632,-1
Malang Sarr,Lens,DF,0.87168765,2.2600353,-0.40635192,4.353068,-1
Julien Le Cardinal,Brest,DF,1.0265309,0.7569938,0.16460148,5.1443996,0
Emmanuel Biumla,Angers,DF,-0.93762195,-0.11665064,-1.1317829,4.8625917,0
Kamory Doumbia,Brest,"MF,FW",1.6944888,1.013144,0.18425071,-0.43423527,-1
Sorba Thomas,Nantes,"FW,MF",-0.5214414,0.81708926,2.6386032,-1.9789953,-1
Lilian Raolisoa,Angers,"DF,FW",-1.5500396,-0.96812606,2.258903,-0.44630006,-1
Amadou Koné,Reims,MF,1.3347604,-0.10628529,-2.0638924,1.5740876,-1
Osame Sahraoui,Lille,"FW,MF",-0.48635882,0.9271579,0.18694167,-3.639968,3
André Gomes,Lille,MF,-0.066955104,2.4124522,-0.7618364,1.3331757,0
Emmanuel Agbadou,Reims,DF,0.44168463,2.80242,-1.0912389,3.9495265,-1
Romain Del Castillo,Brest,FW,0.26447102,0.9127111,3.0161479,-2.520203,-1
Mostafa Mohamed,Nantes,FW,1.7274055,-2.995775,-0.20079271,-4.1199384,1
Florian Tardieu,Saint,MF,-0.21193126,2.4620223,-1.9826105,1.7758788,-1
Arouna Sangante,Le Havre,DF,-2.0018077,1.3601073,-0.7805338,4.9364853,-1
Abdallah Sima,Brest,"FW,MF",1.9866697,-2.242781,0.09639786,-3.7076006,1
Tanner Tessmann,Lyon,MF,1.1249999,1.6994495,-0.73110044,1.6728402,0
Lilian Brassier,Rennes,DF,-0.1443854,2.689708,-0.60253733,4.051038,0
Falaye Sacko,Montpellier,DF,-0.60847986,-1.782423,0.8812284,2.5408173,2
Mika Biereth,Monaco,FW,2.5226798,-0.9380041,-0.5872887,-5.4928136,-1
Leo Skiri Østigård,Rennes,DF,-0.39181384,1.0716336,0.16261251,4.4354806,0
Ngal'Ayel Mukau,Lille,MF,0.5610792,0.20635968,-1.4762042,0.6507516,0
Shavy Babicka,Toulouse,"MF,FW",0.8899331,-1.5801557,0.4628561,-3.9653883,1
Jordan James,Rennes,MF,-0.37507015,0.60757715,-1.6343849,0.24226023,-1
Christopher Operi,Le Havre,"DF,FW",-0.3749764,1.2070378,2.905866,-0.5564845,-1
Arnaud Nordin,Montpellier,FW,0.23045479,-1.8706079,0.7432293,-3.0580525,-1
Nhoa Sangui,Reims,"DF,MF",-1.0821319,-1.2437621,-0.38908425,1.1895226,2
Valentín Barco,Strasbourg,"MF,DF",-1.6381453,0.8324907,-0.41789785,1.5317936,-1
Issiaga Sylla,Montpellier,DF,-1.1918482,-1.4816144,1.5696955,0.910106,2
Aleksandr Golovin,Monaco,"MF,FW",-0.49928856,0.93467724,-1.4470079,-1.6321044,-1
Ayyoub Bouaddi,Lille,MF,0.6265393,-0.28262758,-1.958994,0.5662138,0
Mama Samba Baldé,Brest,FW,0.6155827,-2.4170277,0.057605285,-4.2325068,1
Mitchel Bakker,Lille,"FW,DF",-0.054826383,0.9877127,1.4683955,-1.915894,3
Tanguy Ndombele,Nice,MF,0.75170106,0.24697167,-1.163589,-0.83152795,0
Mory Gbane,Reims,"DF,MF",0.41073948,-0.1412475,-0.6920512,3.7185109,0
Ruben Aguilar,Lens,"DF,MF",-2.0517564,1.7028017,0.71462184,0.34018946,-1
Djaoui Cissé,Rennes,MF,1.1661669,2.072625,-1.1021403,1.0913756,-1
Wahbi Khazri,Montpellier,"FW,MF",-0.0035488936,-2.5755305,1.4435227,-2.1532838,-1
Musa Al-Taamari,Montpellier,"FW,MF",-0.35900828,-1.1444362,0.5479749,-4.1560717,-1
Timothee Pembele,Le Havre,DF,-0.65582746,-1.8207994,0.48385158,1.1750456,2
Jaydee Canvot,Toulouse,"DF,MF",0.2984646,0.02271137,-0.6550152,3.214086,0
Edimilson Fernandes,Brest,"MF,DF",0.6521826,-0.31967327,-0.8315507,3.3051798,0
Badredine Bouanani,Nice,"MF,FW",0.3785857,0.4649955,0.71009177,-3.605746,3
Abner,Lyon,DF,-1.5218651,0.8304545,0.43978357,0.21502051,-1
Kevin Danso,Lens,DF,-0.14870891,2.3493254,0.6034631,4.4033365,0
Akor Adams,Montpellier,FW,1.2669605,-3.391395,0.090308316,-5.0210333,1
Gonçalo Ramos,Paris S,FW,2.1189647,-1.5426422,-0.95224386,-5.9935575,-1
Matias Fernandez-Pardo,Lille,"FW,MF",0.58683753,-0.4602225,1.0982105,-4.680392,-1
Sofiane Diop,Nice,"MF,FW",1.139283,1.522512,0.8851197,-2.849329,-1
Irvin Cardona,Saint,FW,2.2698371,-1.508369,0.5405205,-3.394297,1
Rassoul Ndiaye,Le Havre,MF,0.6524713,-1.8551283,-0.15828153,0.21855378,0
Jeremie Boga,Nice,"MF,FW",-0.86359227,-0.13577919,0.37251684,-3.8008127,-1
Ernest Nuamah,Lyon,"FW,MF",-0.41389975,-0.5118948,0.28423914,-2.4917896,-1
Amine Gouiri,Marseille,"FW,MF",1.9192475,0.5050742,1.6482049,-3.2615108,-1
Han-Noah Massengo,Auxerre,MF,2.2980087,-1.0618644,-0.71144074,1.4123243,-1
Angelo Fulgini,Lens,"MF,FW",-0.4125321,1.582199,0.8156202,-2.568554,3
Louis Mouton,Saint,MF,0.11250172,0.3695677,-2.2813056,-0.39940858,-1
Neal Maupay,Marseille,FW,2.8916273,-1.4263881,-0.24417496,-3.571803,1
Aimen Moueffek,Saint,MF,-0.06759371,-1.2240149,-1.0968978,-0.099907115,0
Yunis Abdelhamid,Saint,DF,0.5580697,-1.1146824,-0.4184751,4.993138,0
Khalil Fayad,Montpellier,"MF,FW",-0.788202,-1.6720052,-1.8563062,-0.07749916,-1
Soungoutou Magassa,Monaco,MF,0.80105466,1.7707683,-2.4919522,0.24070777,-1
Mohammed Salisu,Monaco,DF,-1.3103015,2.346811,0.76653147,4.0887766,-1
Warren Kamanzi,Toulouse,"DF,MF",-1.3560348,-0.14384094,-0.43187162,-0.6102286,-1
Saidou Sow,Strasbourg,DF,0.0040498194,1.1781263,-0.59839535,5.7065783,0
Théo Sainte-Luce,Montpellier,DF,-0.2063482,-1.9694226,0.75125426,0.9314125,2
Rémy Cabella,Lille,"FW,MF",-0.04167107,2.1265185,-0.032879148,-1.8678904,3
Paul Joly,Auxerre,DF,-3.136888,0.23850976,1.1516956,1.3990434,-1
Oussama Targhalline,Le Havre,MF,-0.25985745,-1.5869406,-1.2319227,1.9069223,-1
Edon Zhegrova,Lille,"FW,MF",-0.25782225,0.7715202,1.8103796,-3.4879959,-1
Yanis Zouaoui,Le Havre,"DF,FW",-0.39918602,1.4149823,2.8139024,-0.6199004,-1
Abdukodir Khusanov,Lens,DF,1.4586719,0.8301593,-0.9592561,4.4080076,-1
Anthony Rouault,Rennes,DF,-0.44887212,2.0305095,0.016103158,4.829554,0
Ado Onaiwu,Auxerre,"MF,FW",1.8998917,-2.0628667,0.13980137,-3.2662227,1
Junior Mwanga,Le Havre,MF,-0.7784535,0.304177,-1.9873545,0.7491299,-1
Thiago Almada,Lyon,"MF,FW",-0.024096891,3.077418,0.9756835,-2.488847,-1
Sael Kumbedi,Lyon,DF,-0.9640545,-0.28830296,-0.15660153,0.27361962,2
Marcus Coco,Nantes,DF,-2.3911002,-1.1331248,0.28082937,1.4198612,2
Abakar Sylla,Strasbourg,DF,0.009927304,0.43795195,0.92660624,5.789523,0
Yael Mouanga,Montpellier,DF,0.4969234,-0.1908376,-1.4108387,4.7835617,0
Antoine Joujou,Le Havre,"MF,FW",-1.0341663,-1.4182187,0.7291654,-3.1234372,-1
Ibrahima Niane,Angers,FW,0.97422886,-2.8154707,-0.58510315,-5.5275865,1
Theo Bair,Auxerre,FW,1.9175597,-3.5893314,-0.6136084,-4.1235614,1
Ulisses Garcia,Marseille,DF,-1.6849821,1.8808018,-0.5244034,-0.81400234,-1
Jérémy Jacquet,Rennes,DF,0.2724867,0.9288761,0.34316948,2.6986823,0
Baptiste Santamaria,Nice,MF,0.27297407,0.49405634,-1.2222905,1.3706359,0
Khvicha Kvaratskhelia,Paris S,FW,-0.76885164,1.9955459,0.46385726,-4.3376727,3
Wesley Saïd,Lens,FW,1.0854018,-2.0952418,-0.73763776,-3.1209428,1
Ismaily,Lille,DF,-2.0772953,1.7609735,0.383167,0.69099694,-1
Romain Faivre,Brest,"MF,FW",0.4065302,0.22723262,0.96809,-3.2220252,3
Hiroki Sekine,Reims,DF,-1.4369417,-2.1020336,-0.16775738,2.0407,-1
Goduine Koyalipou,Lens,FW,1.3356806,-2.2440405,-1.6055188,-4.195834,-1
Lucas Hernández,Paris S,DF,-1.6290734,3.8524117,-0.44515306,3.5375931,-1
Mathis Amougou,Saint,MF,0.2154953,-1.7752753,-0.7613531,1.0774242,0
Mamadou Diakhon,Reims,"FW,MF",-0.9123058,-0.8800718,0.5570684,-4.383238,-1
Mohamed Abdelmoneim,Nice,DF,-0.4576941,1.3549467,0.50414014,3.676157,0
Koka,Le Havre,FW,2.749278,-2.7312546,-0.73975277,-4.9249067,1
Zinedine Ferhat,Angers,"FW,MF",-1.2265505,-0.7196711,2.6429348,-1.3566685,-1
Seko Fofana,Rennes,MF,-0.41619956,2.3650746,-1.1166227,0.027100224,-1
Antoine Mendy,Nice,DF,-1.87282,0.49783733,-0.534345,1.7499293,-1
Ibrahim Sissoko,Saint,FW,0.7962151,-3.4429536,-0.8491027,-4.4561434,1
Louis Leroux,Nantes,"MF,DF",1.5038848,-1.0504265,-0.95385695,-0.7492723,0
Albert Grønbaek,Rennes,"MF,FW",0.9583689,-0.8117774,2.4142222,-3.1520343,-1
Senny Mayulu,Paris S,MF,-0.41260263,1.7025735,-0.7470749,-3.2726886,-1
Jonathan Rowe,Marseille,"FW,MF",-0.027061354,0.5365806,0.007440725,-4.768876,-1
Alidu Seidu,Rennes,DF,-1.966391,0.7732523,-0.71534806,2.0739853,-1
Yoann Salmier,Le Havre,DF,0.19722478,-0.56357455,-0.8921585,4.694462,0
Yvann Macon,Saint,DF,-1.2781359,-1.741156,-0.5734782,0.40426576,-1
Jordan Amavi,Brest,DF,-1.8081774,-0.8531107,1.5773436,2.276977,2
Tom Louchet,Nice,"DF,MF",-2.751173,0.49535775,0.044645805,-0.6072055,-1
Sekou Mara,Strasbourg,"FW,MF",0.30478665,-3.2678664,-0.27269605,-3.308867,-1
Maxime Bernauer,Saint,DF,0.70261407,2.7018306,-1.3590201,5.1562023,-1
Boubakar Kouyaté,Montpellier,DF,0.31032994,-1.6596166,-0.15284197,4.807124,0
Teddy Teuma,Reims,MF,0.9714331,1.314371,2.1100225,0.3331474,-1
Angel Gomes,Lille,MF,0.9158052,-0.24604286,0.935624,-1.4475785,-1
Saïd Benrahma,Lyon,"FW,MF",-0.78938353,0.6722995,1.3525747,-3.6382043,3
Augustine Boakye,Saint,"FW,MF",1.3215808,-0.64961433,0.013761735,-3.2229614,1
Mathieu Cafaro,Saint,"MF,FW",-0.031905822,-2.5870256,1.4327201,-2.1082885,-1
Rayan Raveloson,Auxerre,"MF,DF",0.83432287,-0.8030366,-0.56403947,2.591332,0
George Ilenikhena,Monaco,FW,1.8291284,-1.991267,-1.5473484,-5.2011085,-1
Lucas Mincarelli,Montpellier,DF,-0.2801136,-1.9880834,0.6603725,2.280216,2
Jacques Ekomie,Angers,"DF,FW",0.01353129,-2.9369652,-0.6193273,0.5194236,-1
Mikayil Ngor Faye,Rennes,DF,-0.08915029,2.580914,0.8669367,3.792729,0
Abdulai Juma Bah,Lens,DF,1.5164496,0.6774494,-0.9849865,4.3230486,-1
Pol Lirola,Marseille,DF,0.579966,-0.20888197,2.5101852,1.7253119,-1
Assane Dioussé,Auxerre,MF,1.4044499,1.4078965,-0.7650803,2.0091295,0
Glen Kamara,Rennes,MF,1.2424419,0.59964436,-1.7889298,0.6135083,-1
Emmanuel Sabbi,Le Havre,"FW,MF",0.049968783,-2.894585,-0.05953552,-3.2528007,-1
Ismaël Bennacer,Marseille,MF,-0.83392495,4.585074,-0.22440164,1.2546982,-1
Chuba Akpom,Lille,FW,1.4742634,-2.3626764,-0.32082522,-5.9309125,1
Luck Zogbé,Brest,DF,-2.776284,-0.3684099,-1.1479242,1.4798982,-1
Rémy Labeau Lascary,Lens,"FW,MF",1.6250834,0.0076453104,-1.5547286,-2.885237,-1
Yaya Kader Fofana,Reims,"MF,FW",1.4646312,0.037400372,-1.4359562,-2.594652,-1
Rasmus Nicolaisen,Toulouse,DF,1.0577726,0.8882987,0.8892637,5.327538,-1
Marco Asensio,Paris S,"FW,MF",0.13879429,1.489312,-0.9049274,-4.0072284,-1
Folarin Balogun,Monaco,FW,1.0370332,-1.6371865,-1.7544099,-4.695413,-1
Andy Delort,Montpellier,FW,1.5326748,-4.095144,-0.62550795,-4.1953273,1
Jhoanner Chávez,Lens,"DF,MF",-0.3553422,-0.55763125,1.7534987,-0.100470535,-1
Fodé Ballo-Touré,Le Havre,"DF,MF",-0.99922734,-2.5002544,0.5476831,1.7330121,2
Nampalys Mendy,Lens,MF,2.6228063,-0.9575763,-0.7886185,1.4503385,-1
Mahamadou Diawara,Le Havre,MF,0.59745276,-0.831645,-2.2499676,0.81860155,0
Nikola Maksimović,Montpellier,DF,0.28150773,0.33196697,-2.0126688,4.5652413,-1
Pierre Cornud,Saint,DF,-0.64426947,-1.9134121,1.1141295,2.9262812,2
Florian Ayé,Auxerre,FW,2.678931,-3.4411614,-0.43762475,-3.754725,1
Elye Wahi,Marseille,FW,2.0820947,-1.8469518,-1.6763463,-5.655182,-1
Maxence Caqueret,Lyon,MF,-0.124225445,0.4302476,-2.3429117,-0.6247585,-1
Jordan Teze,Monaco,DF,-2.898402,0.74791324,1.4528462,-0.013385237,-1
Daler Kuzyaev,Le Havre,MF,0.8026708,-1.8978862,0.35703525,2.4266508,-1
John Joe,Reims,MF,0.30909652,-2.8004994,-0.8637835,0.3745557,-1
Mohamed Meité,Rennes,FW,1.4272262,-2.5571377,-1.5414983,-4.3871517,1
Andrew Omobamidele,Strasbourg,DF,0.7223516,2.8253484,-1.4028234,5.4910064,-1
Jean-Kevin Duverne,Nantes,DF,-2.3221169,-0.31226155,-0.43240413,1.8139614,-1
Bamba Dieng,Angers,FW,1.6533935,-3.029454,0.65356296,-5.275214,1
Ben Old,Saint,"FW,MF",-0.35739696,-2.2944875,0.6079763,-2.7977178,-1
Amine Harit,Marseille,MF,0.9653488,2.5759034,0.7696002,-3.056019,-1
Tino Kadewere,Nantes,"MF,FW",2.0136623,-1.6089143,-0.6964641,-1.6735774,1
Krépin Diatta,Monaco,"DF,FW",-3.190656,0.69825137,0.47821623,1.1671772,-1
