isomap_1,isomap_2,isomap_3,isomap_4,isomap_5,isomap_6,isomap_7,player_name,equipe,positions
14.064867833697487,-4.262987309009996,-3.3726177201109664,4.0090636456164805,0.7390376483384979,0.27605213003597545,1.1791416625671034,Jordan Lefort,Angers,DF
2.5351078741650666,-1.324310381237127,2.4443986236235733,-4.475416694928696,5.68917861411718,-0.42383475987094554,2.1153013654703323,Andrey Santos,Strasbourg,MF
-0.6284030529547119,-5.612499223519781,2.327820053654571,-2.1996008848470887,2.365509656643835,-0.9822109189292572,0.47213156003486506,Valentin Atangana Edoa,Reims,MF
-2.8673559680905423,5.670788311552712,-4.9299758333973775,-4.486864111059779,0.9918339696200095,-2.6031739053666505,-0.6282301037734409,Himad Abdelli,Angers,"MF,FW"
-14.353432359907298,5.661253896107888,-7.902313339119514,2.6262349180021864,0.14867551666712683,0.8877301383226487,-4.835480274331166,Mason Greenwood,Marseille,"FW,MF"
-15.174860064839194,2.7407141005748654,-1.126250439325218,6.145736660616895,0.21531044402134197,-1.09961182146894,0.8779265659109112,Zuriko Davitashvili,Saint,"FW,MF"
12.15441309463704,-4.752510948024679,-1.3014845256715166,4.131295300974134,-0.006070179210386721,-0.19835013567017004,0.19429134318606014,Gautier Lloris,Le Havre,DF
-16.450539084262196,-6.003411329885522,-3.8109233734713595,-0.9462154360863749,-0.05104334043693526,-0.8637596322200403,-0.0289053043348813,Matthis Abline,Nantes,FW
14.59907653257169,-1.610696253046093,-6.090196401192011,2.6131224549147833,-3.4627907920738656,1.652032333214437,4.377224332593028,Bafodé Diakité,Lille,DF
-0.759885431249263,4.513644427908667,2.8683933041833556,3.05814064412256,-2.6813653807197873,2.51814455190104,-1.1850025285231087,Adrien Truffert,Rennes,"DF,MF"
13.078795632883537,-0.11055981763869509,-4.569201158232545,1.6978210767436468,-3.1690222230939478,1.4961764841556473,2.580124764193349,Moussa Niakhate,Lyon,DF
9.468533052348203,1.786921059321531,-0.0049142746804231195,-0.9796852486810647,-3.1855753178756623,0.8714703311113404,3.214384752356341,Guela Doué,Strasbourg,DF
15.915072432974698,0.337294061352472,-7.045051463046408,1.094847037716337,-3.900613842152794,2.031264800420086,4.974210532221253,Alexsandro Ribeiro,Lille,DF
1.3915168416829498,1.7754256049243924,5.531434552208436,-0.3911067934752849,8.456536704776703,1.2732001409062084,3.1332429216168305,Cristian Cásseres Jr.,Toulouse,MF
7.236226085351568,1.6391216985554378,-1.2649886654865012,-7.61913278961603,1.7617447585366728,0.8190302742338875,0.12522455779995578,Benjamin André,Lille,MF
-11.44855962625869,12.013054062183098,3.8770329666872176,6.34225148177962,3.1357916342200327,1.5871537491477161,4.362333130888801,Gaëtan Perrin,Auxerre,"MF,FW"
-6.882905429114197,10.85592201334949,2.670629165269751,8.885840931929403,-2.1363851641172915,0.6348177948223901,0.042329142410266925,Junya Ito,Reims,"FW,MF"
-3.36897728704402,7.534883352546121,3.8701080730024087,2.2510628455285104,1.9963425059722135,-0.985049595332395,1.807996515763855,Aron Dønnum,Toulouse,"DF,MF"
5.904971915823617,8.050773776650747,2.2203447089599972,3.975250620699866,0.4086694270345195,3.501919569084063,1.0990706472698573,Kenny Lala,Brest,DF
5.395041919651833,3.8173770540288747,3.325759594270043,2.831828380889894,-2.8593733882809715,4.72278668259169,3.664952915121614,Florent Hanin,Angers,DF
13.51927512870187,11.892620950560257,-7.742177111715602,-7.488122036048303,-0.32960013703548025,1.8961808419708133,1.462802757781007,Pierre Højbjerg,Marseille,MF
-3.8446607743313588,-1.1571979751822106,0.3315631682796335,-2.0826233251488055,1.9486209542982875,-0.5227076809841338,1.813791748522476,Mahdi Camara,Brest,"MF,FW"
-12.590011083441329,-2.3813851829769295,-1.9159488873714858,-0.5791446679739377,-0.5400759676048063,-1.8481087361758601,-0.2673768634683598,Keito Nakamura,Reims,"FW,MF"
11.617707234224447,-8.00027927433146,1.2695421811652874,5.6178863112214374,2.0394824232441597,1.2722670388439716,-7.473490559657322,Jubal,Auxerre,DF
9.051940573917031,-5.189546366944491,-5.501216951263609,0.5238944514136535,-1.2069579788529543,2.1369776044100157,1.310424498510798,Ismaël Doukouré,Strasbourg,"DF,MF"
6.296164130733824,-1.6368531120510321,3.9787499536973825,4.102659406655302,-2.685209796914398,0.7435528352117542,0.5867977805586385,Léo Pétrot,Saint,DF
9.146033340720008,-7.879490508723975,-3.1453338719556236,4.358352833935711,-0.3088214337169951,0.10625328008290996,-0.16759578461112346,Jean-Charles Castelletto,Nantes,"DF,MF"
-0.001001355372684394,4.580907878320108,2.8586290068624782,-5.3007821196934035,4.993197804898451,2.6081568826894497,1.2969101017160864,Adrien Thomasson,Lens,MF
-7.325512106997357,5.049107234233045,-1.9789186497139648,3.75908834816185,-5.455909632668621,0.13543870756687307,-3.4346066078068067,Luis Henrique,Marseille,"DF,FW"
-15.754260348317798,8.654495637110541,1.0350946463371469,5.558866542082924,-1.4771575899929732,-2.1982161335514596,1.535779554001402,Moses Simon,Nantes,"FW,MF"
13.951866455449354,-5.601544854842793,-2.797382353147209,4.558190201298546,2.1460731822518557,0.23855608092079783,-0.43585443875281693,Charlie Cresswell,Toulouse,DF
-13.988931717382583,-6.06490811540903,-4.73877366423289,0.9436766460977964,-2.946182314206352,7.6173286626753365,-4.552631632559595,Arnaud Kalimuendo,Rennes,"FW,MF"
6.519544074785739,-0.4115787552941656,-1.2320976719259165,-1.4566640337462105,4.322010979218495,1.805944276246755,-0.6931760009761201,Pierre Ekwah Elimby,Saint,MF
-6.139605188369606,5.120363162470986,1.5719207494316445,0.35344431951228295,-4.984940732540968,-3.075220585169311,0.8888527691838911,Diego Moreira,Strasbourg,"DF,MF"
-13.045515100949867,-1.782523085730156,-1.4786213922670088,-0.7461487318070145,0.39677543145735994,-3.633474153169201,2.6853761761751143,Evann Guessand,Nice,"FW,MF"
-13.451926735266458,-5.466139161317901,-5.122601859487693,0.2524542210494791,-3.304635521522164,8.184599418949377,-5.117260771221155,Jonathan David,Lille,FW
9.628764372673746,3.357112431210829,-4.755466893932235,-3.1817625607213946,-0.9224899282676047,-1.5129226750399665,3.0594354824957253,Facundo Medina,Lens,DF
0.7738245443048795,0.15718282925916782,1.3962019106459223,4.130790595864924,-3.594376557204024,0.12525285691800686,-2.3490650418785357,Sergio Akieme,Reims,DF
-12.601881899787855,11.082672723214056,1.1054771407957247,5.935849715135123,1.6520238245914658,-3.01433429620936,1.6955958726943405,Dilane Bakwa,Strasbourg,"MF,DF"
9.153170677546813,-6.795684878880161,-1.00603528905097,0.9861408350071662,0.5516426795234277,0.6179587699278084,0.305070578326226,Mark McKenzie,Toulouse,DF
-13.190491516518874,-13.32695157281156,-0.39753077167843426,0.5449938683705678,0.5672998969464753,3.7425092271933464,5.805405590803884,Ludovic Ajorque,Brest,FW
10.507756598299121,-4.398275050366816,-0.292768466625472,1.1690495450721683,1.8523977932185494,0.44273791645677735,-3.772200849220008,Clément Akpa,Auxerre,DF
-2.638120842967847,4.525432645981728,-3.804644245742082,-4.2191617002916155,-1.7717180530101417,-0.03499989369886312,-1.9699488873927178,Adrien Rabiot,Marseille,MF
2.485594256771768,0.7372880624990209,3.1456449445110084,1.7100883888189258,-1.93877540864111,1.7045715583520418,2.1322726433110337,Loïc Nego,Le Havre,"DF,FW"
7.523213855701075,5.680407759357515,-2.409468464482181,-0.44887233098621926,-2.6625957095974484,2.04026224419252,-1.3666788695434025,Michael Amir Murillo,Marseille,DF
-1.6252163239836555,1.3283122826830112,0.8107073211819167,-5.158790188830557,3.2578842246618662,-0.6722860735172317,-1.5522102231118182,Hicham Boudaoui,Nice,MF
13.591445925728776,-5.7992678367320165,-1.9460924346257975,4.08562024546809,2.7978722573885353,-0.13611570785914268,-0.9720024533686575,Brendan Chardonnet,Brest,DF
-11.497929376524203,10.720188964275275,-3.9632792256771054,-2.6559878318180483,-3.22684467600194,-2.2868650146501004,-0.18365160444462172,Maghnes Akliouche,Monaco,"FW,MF"
2.9747010666916416,2.6026384095624344,-2.15125416561489,3.947121414608481,6.186538030077452,3.284273277381316,-1.830393617351333,Vincent Sierro,Toulouse,MF
13.635856598133236,-0.14193673314962107,-5.174448937371742,1.8373916536161476,-1.8907939992855336,1.161312797593146,2.9427492551773224,Thilo Kehrer,Monaco,DF
10.629388773408762,1.2947771490478253,-1.5385545853926386,-0.6779076460920986,-2.5599110600406503,-0.49181528909925426,1.6352067220819233,Clinton Mata,Lyon,DF
13.958991916105628,-5.2636624728982095,-4.886170696906535,0.8661475822605977,-3.1833713261921206,-0.8537141789145122,3.3352745795737024,Mamadou Sarr,Strasbourg,DF
-2.3059116591963575,13.964311177130181,-0.11522858432802194,9.019343582468927,11.620325697257746,-1.3818045887791874,3.1280259783190942,Téji Savanier,Montpellier,MF
-3.0256633906288153,5.409707895744063,3.28766117724806,-0.39381729599998694,-5.254322281895906,-0.030791398150017624,-0.6116817518791011,Lorenz Assignon,Rennes,"DF,MF"
-4.946811498118808,-0.8592006651466374,-1.565015390661736,1.2735105590182936,-1.243839006046467,3.102590332109147,-3.370702131914636,Habib Diarra,Strasbourg,"MF,FW"
8.386689661226024,2.6386136413827184,-2.5444862908861925,-0.18279034020535123,4.923241465599225,1.8510450047372657,-1.0857823620155955,Pedro Chirivella,Nantes,MF
2.716472720588785,-6.056889410738458,3.664404180765011,-2.7852397726400477,4.525751190123175,0.15134355193386836,1.9545120362651167,Elisha Owusu,Auxerre,MF
-14.092644349900675,1.228500444419835,-1.3407912741848806,-0.18112582920732007,-1.586361688346827,-5.3269861706992465,1.7382575749687925,Yann Gboho,Toulouse,"MF,FW"
3.594271498078564,5.699819921441638,-2.7982755591316066,-5.636994641181685,0.3449214303319939,2.912662219345805,-0.28711915188424286,Corentin Tolisso,Lyon,MF
-0.08166506203115094,-5.861113962290168,-0.2653654313439747,0.19641056799344542,6.822764382209097,10.053438107066317,-6.8149683805961105,Abdoulaye Touré,Le Havre,MF
3.10524296337427,-3.318662108826586,0.7813069366191668,-0.42546285901761144,3.96748122895247,0.7907046869139142,-2.3246578429548994,Hugo Magnetti,Brest,MF
14.308820789809806,-8.655930856884256,-4.031665083706137,2.566093535565371,-0.05669342975417202,-0.7266447151749016,-1.0553505761124857,Etienne Youte Kinkoue,Le Havre,DF
3.7987191424530726,-2.539315998870965,0.18286607523912807,-2.3673152089241873,5.134142271609482,-0.3477783934833154,2.026626526930559,Douglas,Nantes,MF
14.082623482154682,-5.622536675405838,-2.202383314087843,2.628779990711852,0.008919203272084312,-0.2907342790223945,1.0600704292410936,Mickael Nade,Saint,DF
-1.8574299004266852,12.004568000712906,4.816641488036018,8.868461331537349,6.803934182871114,3.8789594353426113,1.8751559396176214,Jonathan Clauss,Nice,"DF,MF"
-14.866501729020007,-2.5717436289501494,-3.500155380741867,0.6141765617922946,-2.498258510717203,1.1345716903449337,-0.8607970593498563,Lassine Sinayoko,Auxerre,"FW,MF"
-12.673394378635999,10.918800199075926,2.225710057548408,4.570157702649787,3.708025701232454,-1.4886864502595618,3.432371894430083,Ludovic Blas,Rennes,"MF,FW"
-15.667551994142181,-10.948699436156822,-3.453071699822531,2.0796149456498534,-1.5053089529269352,2.080194592799023,1.4521305122890953,Emanuel Emegha,Strasbourg,FW
3.8157403694284238,5.497079249207917,5.175040829062794,1.3529651577003448,-4.47170498129358,-1.6747651217154584,1.5026484294118887,Gideon Mensah,Auxerre,DF
17.595206039902124,5.6502521942539845,-8.154266905860666,-3.458093064789756,-4.073022464731443,-0.6672607621017327,1.5445057758658673,Leonardo Balerdi,Marseille,DF
-10.100952313093169,-1.054711988555034,-2.231528422206042,-4.070779241906813,0.5378396322132104,-0.4082368175952281,-4.652984533097545,Takumi Minamino,Monaco,"MF,FW"
-6.311800554266911,2.9345765609005445,-2.0806580345904537,-4.598091204000786,1.1892020417361013,-3.9145391738559936,-0.8897353359197637,Andy Diouf,Lens,MF
14.27562527726665,-4.204626698771944,-4.302974040355298,3.7121783790938636,0.5384484112619324,-0.7237904448856797,2.683602673725851,Moïse Bombito,Nice,DF
13.776609305748432,-2.83635978503965,-2.2765065122196013,4.116745491358402,-1.2768736337576436,-0.5661915091177864,0.6893103078748383,Cédric Kipré,Reims,DF
-17.23948146346781,8.08981066244455,-1.3935639770291035,0.3383255722583832,-6.670917409112758,-5.2755563375641525,-0.9675871051777242,Bradley Barcola,Paris S,FW
3.685700410222985,-2.504852737129704,5.8930428104720285,4.1827484735793545,-3.276948520799115,0.4993002321730967,-0.6028982224793639,Kelvin Amian,Nantes,DF
1.277184685912537,9.388803672627404,4.859924758816841,2.0260678895367636,-0.12286825423562919,1.8951239369327497,0.45081034726083774,Gabriel Suazo,Toulouse,DF
2.437346315678512,0.00017077749535842168,-2.71126021654888,-3.5108443743360294,4.353498780501534,1.1871675502426913,0.39662552422305514,Denis Zakaria,Monaco,MF
11.29594366767118,-6.428663537844727,2.049036680343887,1.2441010965858947,1.2433930696078843,-2.536041456245343,-2.9382670830149955,Modibo Sagnan,Montpellier,DF
15.87447280316433,-2.6953702765183314,-4.929362371892516,0.29587704822683986,-2.081438657240727,-0.630307649006488,4.2586494144123375,Willian Pacho,Paris S,DF
5.311081362466979,3.1030279214114103,6.524048096746996,0.5293977353019061,-4.5362110194387935,2.92833293708312,2.665675059184241,Dennis Appiah,Saint,DF
2.383869763365115,3.8283056861018183,5.237864499503055,2.798922128514486,-4.865154414391403,0.12541020803137307,2.183276440586946,Ki-Jana Hoever,Auxerre,DF
9.089959658495214,-2.153251963729415,-3.1334759923701507,2.148084429290934,1.9157317538973118,1.7451581479612823,2.158709598084745,Jonathan Gradit,Lens,DF
-7.82742513250384,3.834223229540595,-1.6306587231524352,5.667605049064869,2.254930553996241,3.228402023399456,-1.7420041992318234,Sebastian Nanasi,Strasbourg,"MF,FW"
7.023466986718069,3.3149329992286685,2.583265034933239,2.1368430486605092,-0.15946616275297967,3.217097231484483,3.700535538895511,Djibril Sidibé,Toulouse,DF
-1.377834871366343,-2.852690219700326,4.045990006669851,-2.6923081469020316,4.5116583488462,-0.4155763713906774,0.7949259494598561,Yassine Kechta,Le Havre,"MF,FW"
13.194032077269668,0.7492923496461008,-3.5585182125033454,0.2799698087960141,-1.3702365842909594,1.7963285019978523,0.6373600434042017,Wilfried Singo,Monaco,DF
-12.377253631033422,0.6234799771084848,-2.9698408757544503,-1.2823117828868043,2.164013977234063,-4.648977156471226,1.573706387140337,Hamed Junior Traorè,Auxerre,MF
4.240092064217757,-1.2517456597932146,-0.10775092427274761,-2.7137111800657467,6.0966753869555985,0.5825987576516104,1.527773458311709,Azor Matusiwa,Rennes,MF
4.240158018109742,14.331862108750727,-4.033280514336543,-4.727124273097785,-3.4440270605881373,4.572040619719789,-1.7966197340257826,Achraf Hakimi,Paris S,DF
3.996496853670869,7.2011534670670265,5.585004426854914,-3.411129777517039,-3.7241201554663426,4.006109765303665,0.6033395387477665,Vanderson,Monaco,DF
0.8548836259232337,12.061291082280295,4.785098301317105,2.3410922530240668,13.000004817278644,2.515023591024581,4.22246550310113,Lamine Camara,Monaco,MF
-16.25764230847446,-8.266223811613338,-7.514942753728104,-1.5594232846220935,-1.9726051755759588,6.797902305416153,-5.103956503894649,Alexandre Lacazette,Lyon,FW
3.0667623097054375,-5.1485309227703375,5.321840098730303,1.4685009601886956,-2.602145339210852,2.3703993650671014,3.030812010755722,Nicolas Cozza,Nantes,"DF,MF"
6.107492912369592,6.240832650345173,-4.657806443689371,-7.838129908175898,-2.19223685465093,0.17919866833428622,-2.2213328929995484,Warren Zaïre-Emery,Paris S,"MF,DF"
-0.6197192320606009,-4.05122524094165,4.266962744211732,-5.031607807030228,2.709589147047123,-0.9393609641066102,1.9540079779489974,Johann Lepenant,Nantes,MF
4.319834339142454,-0.034593851170981085,6.118102088587263,1.6540498767678387,-1.8280043368072827,3.3270159852085537,1.0519966393828128,Carlens Arcus,Angers,DF
10.62144183216776,12.547854957800531,-13.046539182736378,-7.343425784590113,-0.11204070714557662,-2.061567153401074,2.339469049717345,Vitinha,Paris S,MF
-14.903856073624718,20.26399858452961,-4.006160180622369,3.2742469734142654,3.9457787409248772,-1.2015431590072483,0.6235177683309489,Rayan Cherki,Lyon,"FW,MF"
13.453895931965755,3.155086409319238,-5.416671955713779,-2.3847958452470515,-1.7777554630435382,2.0763721167280376,0.8884148486431791,Geoffrey Kondogbia,Marseille,"DF,MF"
12.315333375709884,-6.380207427481349,2.874072622275328,3.0430381879320443,2.0077061959885376,-1.9836450915097141,-2.562898704877116,Nicolas Pallois,Nantes,DF
13.430562465059175,-6.835035898206741,-4.6616280864099835,5.030594006782489,1.0557447512808877,0.06170732464424108,0.5553102956876695,Dylan Batubinsika,Saint,DF
16.00725577928484,2.7173676449584723,-8.388358861229728,-0.7639592412408931,-3.6725746280829616,0.5574802151505756,4.324680771517852,Lucas Beraldo,Paris S,DF
8.793378743991001,4.924899736272129,-5.1197062471731645,-1.6049678369431488,2.242827896598743,-0.5059106191706612,-0.6613585346564139,Nemanja Matić,Lyon,MF
-11.19855310532218,-3.715964462120524,-0.4725418031707448,-1.0450616849834329,0.8163838118303683,-0.760153608868088,1.7489599057283962,Josué Casimir,Le Havre,"FW,MF"
5.205468240180292,5.909599652378307,4.977307931171028,-2.661507659970001,-2.43181554289088,4.932432301055745,-0.8434336798572246,Ainsley Maitland-Niles,Lyon,DF
3.07958440420346,-0.5175058358272602,3.378411150460691,1.3610768707756353,-3.8537595922114893,3.0192675472294757,-1.7576267989930945,Aurélio Buta,Reims,DF
13.08965210405287,0.0880658849845176,-4.9797819527875555,1.840171529567494,-1.8169518034441354,1.0293602902916636,2.8856118547533356,Dante,Nice,DF
0.8023196966658716,-5.321730726674546,3.623219535833748,-3.9485411450668577,4.339752872160867,-0.383206515923279,4.460579695563165,Jean-Eudes Aholou,Angers,MF
10.064446473522676,-6.63175920777309,0.8704652316176753,1.3871065658477966,4.517305152425264,-3.882675038311393,1.1824894512182065,Sinaly Diomande,Auxerre,DF
3.6465585694154528,5.816068015157923,3.429393788797146,0.7060443881518126,-5.37524981522043,-2.054805349715674,1.6197982800177488,Melvin Bard,Nice,"DF,MF"
13.281673786766582,-0.3351255349332363,-4.472011532625195,1.4142980436545056,-2.0263749067322405,1.5476116453037405,1.350788692602216,Youssouf Ndayishimiye,Nice,DF
3.500526843674981,10.708843140917523,1.5432922698004914,6.238828478262457,-0.6087728499399984,3.3840382901604964,-0.027560986724151658,Caio Henrique Oliveira Silva,Monaco,DF
6.870657590126797,7.597179606268555,-0.10485091074961367,-0.16982308545617977,-4.776425421195213,2.669128491799325,0.48484211718660686,Thomas Meunier,Lille,DF
4.62330250068361,10.420781236971605,-8.189245177720847,-6.552682694919646,2.1261069791817477,1.4002616550883595,-2.999633309011932,Fabián Ruiz Peña,Paris S,MF
-12.499388358089337,-3.366582634777356,-0.06959903382031209,-0.3266929291562862,2.0443209106797116,-1.398293843206125,5.042453402061085,Issa Soumaré,Le Havre,"FW,MF"
6.099529379824724,1.270027618963136,1.5613358962631407,-5.295195580690015,-1.5431074875134563,3.9792327896957644,3.5940671094171064,Nicolás Tagliafico,Lyon,DF
-16.70220329035919,-7.567415231886814,-4.674930318086065,1.1422680045283748,0.772334556724311,0.5035302924344524,1.2857443442962024,Zakaria Aboukhlal,Toulouse,"MF,FW"
4.250113619115269,1.5964778651504925,5.517174111969959,3.11533134921193,-3.7878890979699302,2.1585157873372496,0.8215709871225801,Enzo Tchato,Montpellier,DF
-17.698661441758162,3.9359608433628903,2.123713224799181,4.975657760073588,1.3374401297622127,-1.9175984667521497,4.925571677387219,Farid El Melali,Angers,FW
4.7379210706578085,-4.01704320944386,1.714944570897072,1.2152661997482432,4.515641412755977,-0.11881447950094565,-2.745963979982614,Joris Chotard,Montpellier,MF
-13.89852747215567,-5.870751477028592,-0.6246635058072423,-1.178860821723183,-1.4712437236327984,3.0865670046934413,-0.397631937654525,Lucas Stassin,Saint,FW
5.301289024964435,10.563440628386417,-4.124188332161079,-9.632340490248989,0.8549021663870338,3.4726411978793865,0.6799473031818727,João Neves,Paris S,"MF,DF"
-16.16932021683986,-5.313703471738555,-5.986957467874838,-2.507179075708268,0.8632498081266681,0.8736257160977772,-1.1762597011228508,Breel Embolo,Monaco,"FW,MF"
-16.404857884447757,-7.1232687934957735,-6.733496486106145,-1.634151803352087,-0.33546440202199757,5.660961579504472,-5.784483149879266,Gaëtan Laborde,Nice,FW
-2.1650968354593525,1.9222847894357764,6.041347544400578,1.8598903319830808,-3.7588907302275256,-1.2208607202447832,0.21703290920298754,Deiver Machado,Lens,"DF,MF"
11.87668345879955,-6.311612803579059,0.7197843283657275,2.9304518831465742,0.9927707251857825,-2.690598824795093,-3.867183745144439,Becir Omeragic,Montpellier,DF
-4.812123583768943,2.453734213747029,-1.8095570682396822,-0.8094623149381116,-1.2152807007995912,2.8975947505171775,1.007083264826707,Florian Sotoca,Lens,"FW,MF"
5.777125086121765,-4.654793889358785,2.9643490887019963,-2.7852699533831617,1.0072716340572154,1.7184124498812972,2.0488421056728865,Haris Belkebla,Angers,MF
1.9969380756732242,4.359277119039345,0.42054386545973427,1.1724582011639197,-6.4747231046903275,1.6591107758187835,-0.6976525228642908,Gabriel Gudmundsson,Lille,DF
-5.882463593641056,-1.3764595779586808,1.5508696857272497,-0.7466615965841523,0.4578962763790072,-0.42188870448426,-1.7055354546544514,Félix Lemaréchal,Strasbourg,"MF,FW"
1.4604643137458826,-6.253561708213155,-2.817683455000584,1.9430723054164227,2.7239500051768757,0.9409659839340018,0.2330262168005383,Pablo Rosario,Nice,"MF,DF"
8.215358617338469,3.1286665377535283,-2.293103520324509,-3.93833414092785,4.657912787887209,1.3795381216761176,1.3464186868088954,Jordan Ferri,Montpellier,MF
1.4295836694902921,2.1316072621387723,-3.731603272819569,-7.518474053137568,-0.6741805546257357,-0.30507511879266336,-1.4653808885700152,Benjamin Bouchouari,Saint,MF
-7.623853469689681,8.701410196398582,2.1604671678737346,1.2622192502900633,2.374961657344012,-1.2833799581437728,-1.4444837023232122,Hákon Arnar Haraldsson,Lille,"MF,FW"
-11.384565059694783,-4.553106778104892,-1.0810148222123181,-0.3809044355835701,1.2575161103106558,-2.4578288712136884,-0.7523921423355454,Jim Allevinah,Angers,FW
-11.789273896913176,11.752422535140735,-4.7376528812647685,-2.271610090520725,0.2013740409075492,-3.2127102424901457,1.1747266913824808,Eliesse Ben Seghir,Monaco,"MF,FW"
12.804913959547239,1.5098928953911421,-3.6411320058263406,1.2973201911473944,0.1363379230110824,2.4252088439816197,-0.4829620639063398,Aïssa Mandi,Lille,DF
-19.01647311341984,16.64966105838449,-4.344558919760954,1.806906689468384,-1.0118355862545507,-4.883764642900234,-4.159338398467132,Ousmane Dembélé,Paris S,FW
-15.603034268817733,15.223237821681344,-2.644863651533392,-5.160714981305319,-4.778255714898118,-3.0327083972920006,-0.7590377990194437,Désiré Doué,Paris S,"FW,MF"
19.806442339798704,5.458440782029596,-11.256708699987364,-2.406832724540153,0.07080109995850503,-4.0066490049078975,0.9980150355372337,Marquinhos,Paris S,DF
14.432896707079218,-6.686298670972891,-0.870636337122623,3.486207267287622,0.9696137846392152,-1.1419372638137963,-1.188463360293949,Abdoulaye Niakhate Ndiaye,Brest,DF
16.02276930386729,-2.351937763292769,-6.302231243591738,2.5786916309323935,1.385116251251806,-1.897100631408654,2.715648429051908,Joseph Okumu,Reims,DF
-5.600070595321397,-9.103526040777579,2.723518740587027,0.037291794630227484,1.8360958411684658,1.7366369926341803,5.2992343110282505,Marshall Munetsi,Reims,MF
-0.06219644639513835,-2.4863380925195178,6.34105168576493,-7.550942677823561,4.131816357671089,-1.902219859920667,2.79548320640287,Rabby Nzingoula,Montpellier,MF
8.97310256405746,3.0662841178870046,-0.9845631505646337,1.9938176425828267,-2.334484557155113,1.2951267433859972,-1.0109354360309593,Hans Hateboer,Rennes,DF
3.147025083284338,-1.1815072859014637,4.616160882318122,1.801705520288799,-3.2159049078159443,0.8411545320185564,0.045111173995030604,Massadio Haïdara,Brest,DF
5.624409163716875,14.71066766907005,-2.304627637231777,-0.9471429583051804,-1.916621425837952,2.144711375232831,1.6515807310592359,Nuno Mendes,Paris S,DF
-15.221681121880797,-8.061807151174675,-3.0992680990581176,-1.0503044658992642,-0.2468616041866308,0.29509721707664255,3.3648888312746528,Joshua King,Toulouse,"FW,MF"
-4.660477221184301,19.08268577120893,-4.259334922681762,3.901774563855971,2.620054717358608,-0.8774691853233704,1.7878995459551241,Lee Kang-in,Paris S,"FW,MF"
9.214315267497893,-9.176363726163142,-1.5820121162821998,3.313657365866683,1.1029489107325439,-1.294157254959876,-1.7425874250846718,Gabriel Osho,Auxerre,DF
-14.12596662713213,-10.956980383866316,-1.2954571392228764,1.4516184980300941,-0.8331129341435994,1.7164504768307305,4.400519190694856,Esteban Lepaul,Angers,FW
-11.386300218063083,-7.609174615626831,-0.2964048120167434,-1.520768063934812,0.09402065566154146,-0.7829833091555893,-2.1915855603111356,Oumar Diakité,Reims,FW
-14.670245393391733,2.301539643924057,-2.0831388355591303,3.6234931933803307,-2.2766627308752736,-3.215358972464983,-0.35625518134786305,Mohamed Ali Cho,Nice,"FW,MF"
1.2067035285330905,8.539342955343916,-0.895635567467457,5.240897376099901,-3.2830614353201972,2.3934022893186806,-0.4960169317625597,Quentin Merlin,Marseille,DF
-15.061023663412985,5.477619271664393,0.9201237217205599,1.3564558012797108,-8.942401989115726,-2.5026288057852066,1.7571237883626458,Malick Fofana,Lyon,FW
3.0321962460220786,4.381489751710779,3.621058428600458,2.4840409523330216,8.927812314016675,6.794821545350696,-1.6911482775105173,Neil El Aynaoui,Lens,MF
14.766183834576484,-6.010454379248185,-2.75549822922876,4.528203574097893,1.56177910484727,-0.71294139116261,-0.607654563730757,Duje Ćaleta-Car,Lyon,DF
-8.694073993602004,4.352955358389477,7.070627682699518,3.7258035301114467,7.338625138418794,1.8779318990606173,3.8322075957144928,Mathias Pereira Lage,Brest,"FW,MF"
9.827021147480844,4.05637934806413,-3.3256254743474845,-9.62768495645223,-1.0617625237675943,3.2587572693706734,0.29501576373269106,Valentin Rongier,Marseille,"MF,DF"
5.262107738098094,1.600283485959337,-2.6314789261346747,-0.9418444129509671,2.7228818018260514,2.4121702414431785,-1.944793072715477,Jordan Veretout,Lyon,MF
5.554213686174554,6.588871474831669,-1.8714121688435887,-7.347142773960567,5.782733172135185,2.514068638636927,-1.678748634294769,Pierre Lees-Melou,Brest,MF
1.7105312059568412,-7.341003346369415,4.942025295271125,-4.442581233952962,1.3237230979692016,-0.6134400161183834,1.9376163713994732,Yassin Belkhdim,Angers,MF
-14.092607089302971,-12.333016203972583,0.09854541064867398,0.559525844191936,0.08380287244842387,1.6472072900830557,5.774090342820741,Frank Magri,Toulouse,"FW,MF"
12.1684666665602,-6.01117148560831,0.13423117741598056,1.7163777396640123,-0.7835640823714143,-2.6034861688805258,-2.3452687783900092,Nathan Zeze,Nantes,DF
7.866674191579829,-9.667465579809507,1.411051851588432,4.657725489452384,-0.15757173666042495,-0.4078626585875892,-1.061180349775063,Abdoulaye Bamba,Angers,DF
9.942251909892466,-3.0656536940260195,1.0651035079015028,-2.4657790383107296,-2.3750171700971343,-1.84990763756314,-1.434032180112057,Christian Mawissa,Monaco,DF
-10.12857361489305,-5.11870492894177,3.985130339299108,-1.9687991734606476,-0.35231389041598493,-3.497719280920992,-0.5942232754110052,Tanguy Coulibaly,Montpellier,"FW,MF"
-15.816598820661188,-11.10216762753206,-4.0410704599242955,1.6174684710229754,-1.3636943802809784,1.0817622701356915,0.5739018868302083,M'Bala Nzola,Lens,FW
-0.23606861145582322,2.265610271260151,2.0239920971047165,-6.6643806582069205,3.513578849423462,0.0012662835257235066,-0.7184733964523665,Kévin Danois,Auxerre,MF
12.943571438239644,-6.533695053620542,-0.590402545831442,2.3581904081963674,0.05434228202878864,-3.6793576507226162,-1.8404069640669927,Christopher Wooh,Rennes,DF
-10.667468822905533,-12.579593174124193,4.292810335054689,2.044866620462387,-3.8176644684725067,1.9412809146930912,3.2817697043121,André Ayew,Le Havre,FW
-16.03980769223013,-3.4000786076639438,-5.382699755636364,1.8940428640642148,-3.3080264505536805,5.847334294798005,-3.9729042453595476,Georges Mikautadze,Lyon,FW
18.99282744324609,1.6346925663012168,-7.893574651794676,-2.552259041174841,-3.4175920037549874,-5.612449001334288,4.421591685978463,Derek Cornelius,Marseille,DF
-5.6427457421966505,10.27653525171036,3.158626268714812,7.686535560564096,-0.6379884906925509,3.3368386254074003,-2.5314046066338793,Anass Zaroury,Lens,"FW,MF"
-2.155736343206126,2.3961755466463046,8.313711995201764,-0.8988660154330192,-2.4538190730441833,4.11182748569922,0.2043228067514253,Ali Abdi,Nice,"DF,MF"
5.356816472463631,10.931324947957583,0.2853392663344377,2.3415658288859404,-3.246642665689919,4.3438055869139856,-0.5040060468011406,Przemysław Frankowski,Lens,DF
14.823942928463994,-1.398770421671856,-3.494194467444046,4.336508822906317,-2.3409111625050607,0.5844588720479967,1.2122704435709555,Malang Sarr,Lens,DF
15.541386908715163,-5.527855720611279,-3.3554894780572915,4.03958381304893,3.104829869141734,-1.5509802804615787,-0.13284224749723772,Julien Le Cardinal,Brest,DF
11.290629546291195,-7.7715559944596375,1.9728129886569221,3.1712819456123986,1.9424567087736733,-3.8103953693600503,-4.888376893037894,Emmanuel Biumla,Angers,DF
-2.045065466632329,4.728863098716259,2.588089906256073,-1.9355962702575742,8.12474685950541,-2.2056958600975527,1.1751192968784447,Kamory Doumbia,Brest,"MF,FW"
-4.57173268220394,7.9951009219022025,2.940982392807506,8.958663648171663,1.8916896256543303,1.9792489004145746,-4.762823259629238,Sorba Thomas,Nantes,"FW,MF"
-2.4927471297176935,4.931550291385974,8.03305343479673,3.4494372506591295,-2.8430973247196185,-1.2328059309803414,0.9401472988356041,Lilian Raolisoa,Angers,"DF,FW"
3.9401467960270504,-2.045195244196137,4.833724818077215,-6.110282892955705,3.2461838522600694,0.6909502066019385,1.8574207806825234,Amadou Koné,Reims,MF
-12.277859105730142,8.485958710224542,-4.328489767048857,-1.9846346928711964,-5.741710646022349,-2.597342379119331,-0.33574604472668856,Osame Sahraoui,Lille,"FW,MF"
7.271117061909039,5.533258086140228,-3.7739668613093236,-4.844961625214103,2.3494162515571912,-1.0467759708857847,-2.420628693275636,André Gomes,Lille,MF
15.159545695434739,-0.12272585345902787,-4.508367372104696,-0.35593138958630627,1.2748639047529178,1.0723510800586435,-1.4257115621622725,Emmanuel Agbadou,Reims,DF
-4.837424378757565,10.98241266340852,-2.184718985112212,10.001759816170114,6.35711840045956,2.027383971577621,-0.8389584599901226,Romain Del Castillo,Brest,FW
-14.477581211185404,-12.184649318412733,-0.21840409459176907,0.9517962236915123,0.562100882534159,1.3908751478644137,7.0820923258196125,Mostafa Mohamed,Nantes,FW
8.319584104740464,8.71951694799515,-5.6995069968339225,-2.6192316063893393,4.412577266884116,1.4443857477027837,-0.703553085819649,Florian Tardieu,Saint,MF
13.975382774038097,-2.0104828848359824,-1.6384448252263846,2.6980859665985633,-2.4608605966672767,-0.532927702663241,1.260529032322395,Arouna Sangante,Le Havre,DF
-16.385197268547255,-7.982095454202426,-2.731323189886845,-0.062240146576119676,0.3082735687102047,0.3060683768485272,1.38634859439051,Abdallah Sima,Brest,"FW,MF"
7.891319504406945,1.042505088959925,-1.7973391482752221,-0.6072726790488184,4.933293724239178,0.40946384086357746,-4.377665443671808,Tanner Tessmann,Lyon,MF
13.919686772291591,1.230822203531221,-6.090520796752077,2.6534257812755646,-1.774697152110605,0.27509521289112493,2.712156406336858,Lilian Brassier,Rennes,DF
8.517616392666921,-1.4253543162591764,3.4188165006515185,2.9137099430916753,-3.805551850438203,-1.9518849617264595,-4.7996029879785915,Falaye Sacko,Montpellier,DF
-19.066698825007595,-7.664036393498829,-4.1771695062379175,-6.081568291723913,-0.06368661476025589,7.688755488531012,-6.6315310080223755,Mika Biereth,Monaco,FW
12.468743726722609,-3.822276579156817,-2.349500944908581,2.507150154251053,-0.686610317686721,-1.856283920870681,-0.44662134122593344,Leo Skiri Østigård,Rennes,DF
1.916059817411385,-1.335070760298275,0.9140152135119154,-4.701601475905405,1.7255426248416517,-0.7083917082803945,-2.954312738200657,Ngal'Ayel Mukau,Lille,MF
-12.190801184175443,-3.3008439714350395,-0.08221609152854253,-0.7182766978158088,0.7384842576646373,-1.3484902032380441,1.4685272650768029,Shavy Babicka,Toulouse,"MF,FW"
-0.14553974310810888,3.2283815598286654,2.15080611711121,0.14972428694843784,6.8219933463658915,0.22491282750331462,-2.7111298814662965,Jordan James,Rennes,MF
0.11535377633374673,12.656015104061465,5.946761104329654,8.608015045319286,-0.3150646412745509,0.8449296041642643,-2.1870115713191103,Christopher Operi,Le Havre,"DF,FW"
-12.412285269753307,-2.539491649594392,-0.7537600660512189,-1.337930532680326,0.5486889121618599,-2.6597380662055503,-0.07118782480877524,Arnaud Nordin,Montpellier,FW
2.5200841360704,-1.6694372679765057,2.2290663082218227,1.3935227638511247,-3.4698551866719995,2.1696833357151637,-5.268120643513927,Nhoa Sangui,Reims,"DF,MF"
5.688535129206093,4.587037742318198,3.479091293105785,-5.039573657879838,-0.8664768823616148,4.09353510239326,-0.49653433939390673,Valentín Barco,Strasbourg,"MF,DF"
5.0054864159324834,-0.07127684509620041,5.604822239990457,2.4008590750164935,-3.901789139986568,3.625072738210261,0.7537287405367156,Issiaga Sylla,Montpellier,DF
-2.1514693945480334,9.455406016350429,0.31347233421277065,-7.860438715069939,2.754408205323876,-2.5533091021261027,0.7470148985527124,Aleksandr Golovin,Monaco,"MF,FW"
2.355047162625484,-4.230037673655533,4.433122605031318,-7.025854039024877,1.2092222232509027,-2.493872451599035,-0.24699534578132273,Ayyoub Bouaddi,Lille,MF
-16.492685147956927,-6.349938042793964,-3.634187409321664,0.8467355788715778,0.2701807843339552,-3.969959264676379,3.425220174006857,Mama Samba Baldé,Brest,FW
-3.977298649434789,10.215663202537884,3.1246311687810557,8.48350678645664,1.4610190592102723,-0.3912222086510583,-0.7013980368111165,Mitchel Bakker,Lille,"FW,DF"
-3.2124785134690015,-0.16630156672563995,0.013933774586057449,-6.2494009436048925,1.711910901850139,-4.222235704914065,-1.2970077963154785,Tanguy Ndombele,Nice,MF
9.6205156903245,-5.541291104844404,0.35779333726647616,0.8907410554181803,2.2511964717351813,-3.972274051325281,-4.000275985444141,Mory Gbane,Reims,"DF,MF"
4.345022954464759,9.177004481829952,5.667427026898593,-2.7590088723998165,-5.1880775694285255,4.32493631204817,-0.5290782815722116,Ruben Aguilar,Lens,"DF,MF"
4.801414741666229,3.0675721815247385,1.7414045228179098,-7.468772838156166,3.5163145922704686,0.5405335728913245,-5.137523352488111,Djaoui Cissé,Rennes,MF
-7.184109004492404,-0.23332779717524946,-0.021873171784551986,3.0753081169999263,5.710779668853764,-3.510435630076498,1.3641394761391363,Wahbi Khazri,Montpellier,"FW,MF"
-18.19959567664817,-0.7210798367558139,-0.844486071947133,-1.385429220406202,0.16507900289229538,-7.088843332992221,0.30220023946784685,Musa Al-Taamari,Montpellier,"FW,MF"
1.675557316969815,-1.9698068747342259,6.067877821752785,-1.106442040855103,-4.794840390246771,-1.2147776066232305,-1.471566342975165,Timothee Pembele,Le Havre,DF
5.635017089027563,-5.191443170134794,0.6590487202627202,-0.2555369702886861,-0.8618705334596101,-1.7050767859124287,-2.96068852137886,Jaydee Canvot,Toulouse,"DF,MF"
8.161526346281999,-5.289909737176327,-3.3556247633871834,0.21732057723955475,2.1300861194348832,0.21263072570409897,-1.2728195142202547,Edimilson Fernandes,Brest,"MF,DF"
-14.019948245559739,3.807647835864686,-0.7195326157402429,2.105986446676734,-0.16094936402859916,-3.958304071373043,-1.5317248278875781,Badredine Bouanani,Nice,"MF,FW"
4.692832076018133,4.640392547364607,3.9087089376526647,-1.0530235818716904,-3.4601210960664806,2.9935253875809233,-0.4802622263140784,Abner,Lyon,DF
14.62611811267536,-1.6132938957807923,-3.869282516567007,4.286041045392016,-1.9162015311621134,-0.5777886311620881,1.8669806491028151,Kevin Danso,Lens,DF
-17.127763616593878,-11.940723363263993,-3.8452108380689363,0.7118154982669522,-0.42658421009902436,1.9533946785037601,2.8367605261431206,Akor Adams,Montpellier,FW
-18.332797483756877,-11.626736272906507,-8.507090972459553,3.5669739556760423,-2.4790957515670913,8.727823464672955,-4.620754038385993,Gonçalo Ramos,Paris S,FW
-16.405167983801544,2.5312588680941217,0.9440888193751844,1.9337735866524097,-3.9693575208769083,-0.7153134892967855,5.4501570998001085,Matias Fernandez-Pardo,Lille,"FW,MF"
-8.596483393884437,8.802907672191978,-1.4378699799591463,-5.241695178504577,4.06650765766072,1.0009801635641788,0.3815242628909815,Sofiane Diop,Nice,"MF,FW"
-12.90683958394866,-2.7473313843271336,-1.4233312841002985,-0.4632101831646795,-1.6241544794002283,2.020265387237964,-3.9120996405749806,Irvin Cardona,Saint,FW
0.21952828801431004,-4.347377277087783,5.609830527390456,-2.4382752612194367,4.497529127566558,-0.7418571498412229,2.620693320708432,Rassoul Ndiaye,Le Havre,MF
-16.26282378739421,5.757156920616991,-1.150097902056705,0.05001362325876433,-4.179129571070549,-6.305495109693135,1.5259923972907885,Jeremie Boga,Nice,"MF,FW"
-11.05874450116384,3.6041302820426195,0.7027007171287463,-1.078403414388991,-4.378543842110375,-0.9060891989714612,0.012469841961481954,Ernest Nuamah,Lyon,"FW,MF"
-19.63697135691535,2.9489905013732924,-0.8511101970892461,7.400357231283773,6.850943441602288,1.8376741151795355,-1.8072799394763006,Amine Gouiri,Marseille,"FW,MF"
3.6397996714065166,-5.924937342794453,2.553435344837498,-2.392549972060152,2.235174161219134,-1.6642646499832527,-3.4549234300159304,Han-Noah Massengo,Auxerre,MF
-8.681881868415655,12.698124471883288,-4.13725623758079,0.4984716068020037,-1.3765862480712416,-1.1791938418806696,1.2057720453265781,Angelo Fulgini,Lens,"MF,FW"
0.9071724455346603,1.3514805252490403,5.093276764190247,-7.052683480130803,5.299391117568823,2.6152604269735606,0.29062793091069694,Louis Mouton,Saint,MF
-11.26212190317023,-7.215437218515676,2.9288009215833983,-0.6353374603873416,-2.227809986275429,0.8743741436170565,-4.762060302538234,Neal Maupay,Marseille,FW
-2.8809991883566872,-5.050125856796354,1.06029893862891,-3.050609753076226,0.8748599915510303,-2.533411214940246,-3.1447031411979736,Aimen Moueffek,Saint,MF
14.150148045752813,-10.37109632464679,-1.4075221638840874,3.0603118595536514,-0.06476774395145733,-1.8391380815723406,-2.7457088055049916,Yunis Abdelhamid,Saint,DF
2.3467498968104525,-1.4888671093769004,5.129132920090244,-5.545209746654755,2.680925886603501,0.5888612616868967,-3.6508990569444273,Khalil Fayad,Montpellier,"MF,FW"
4.60478322304748,2.6081774807114164,4.855664484822171,-10.068081515795873,3.9976309370180343,0.31340952685583645,-1.652631255885517,Soungoutou Magassa,Monaco,MF
14.10831163494795,-0.9679819136009106,-3.921519414852367,1.960758696529703,-2.8215364916770826,0.41294395339110535,3.201902098803418,Mohammed Salisu,Monaco,DF
-1.6717706101151288,0.617979626989825,6.246366662266807,-2.8276140878561855,-5.161041544110278,-2.5071431252602645,-1.980779129017141,Warren Kamanzi,Toulouse,"DF,MF"
14.83054305951121,-8.113333507541304,-1.9534126249045578,2.4869213416615064,-1.286080244109422,-2.6096991322722745,-1.7544000850790813,Saidou Sow,Strasbourg,DF
0.6723801435861371,-6.729722376561298,7.333854923731487,1.2417589613289575,-3.3455042496106344,2.3361142146941756,0.688038379941234,Théo Sainte-Luce,Montpellier,DF
-3.724486667739886,18.520669959229185,4.194194178836954,0.5280304214539568,-0.31541799687812894,-0.164245384095213,-2.6809623806368563,Rémy Cabella,Lille,"FW,MF"
6.132214231673321,8.026923715929746,12.892773208240335,-1.0589000328283764,-2.1424433787320996,1.4985504037936515,-0.3781318496719875,Paul Joly,Auxerre,DF
2.298495478330218,-2.6073628320527678,-0.9483474613027323,-2.6645502715567595,-0.8062465042979586,-3.1342266406750676,-3.6297875705982428,Oussama Targhalline,Le Havre,MF
-14.781358323529188,8.821875737810748,0.6133399337628861,3.7732980815503563,0.2173739564597405,-3.9823077762588075,-0.7486520097966228,Edon Zhegrova,Lille,"FW,MF"
-0.7447945902196809,14.623932302434467,7.442884876436301,11.261115565063548,6.696314994642436,2.215344157847451,3.892841604039754,Yanis Zouaoui,Le Havre,"DF,FW"
12.900555688806108,-6.5859856395128755,-0.7010840976175936,2.9684976573158424,2.7896763063688526,-3.1211602277082116,-1.9939212804352426,Abdukodir Khusanov,Lens,DF
15.390521414817286,-4.087735720588132,-4.591936119590603,3.547486448152251,1.7705932120618115,-1.5271421778366325,1.0852605321696216,Anthony Rouault,Rennes,DF
-11.720466774327543,-4.442066244557176,-0.40224147015862755,-2.832218990237411,-0.06235354509759019,1.5267411725419782,2.0546327834861815,Ado Onaiwu,Auxerre,"MF,FW"
2.642381528420558,-0.9375768082350185,3.810626828760121,-0.5580388194786912,6.077861294875505,0.24653388275326982,-4.165925122928116,Junior Mwanga,Le Havre,MF
-3.585434882677251,19.551633853058377,-6.46387488825364,2.4725661133786057,0.8403084854752239,2.435412511108649,1.890525347022656,Thiago Almada,Lyon,"MF,FW"
1.0020316357191372,-0.7828203438997725,6.150671372920991,-2.6575538934665537,-3.2951643655821026,-0.49547731096238756,-3.4977353504405397,Sael Kumbedi,Lyon,DF
7.01965676742831,-0.9811048090330697,7.932391104873805,1.8863752007025707,-3.446674304073328,-0.9060565835538846,1.7683421548182807,Marcus Coco,Nantes,DF
16.31156131956017,-8.90207083810003,-0.45770443907793523,1.329280073884945,-0.7859329568952312,-2.936961606449612,0.40922259193418464,Abakar Sylla,Strasbourg,DF
11.001410163543742,-7.240502828319883,0.8418725165431487,3.090529436626856,-1.500239284224066,-5.256497716578268,-3.762122174492976,Yael Mouanga,Montpellier,DF
-13.336681982677874,1.4267758705545597,0.99237620036545,-1.203725700026835,-5.237745706707688,-5.523486558911926,1.6130920018281532,Antoine Joujou,Le Havre,"MF,FW"
-18.668867503520634,-10.13132326052255,-1.0135322414786985,-2.0174841437263744,2.95254651715111,2.9675136824912114,-0.9729397453284161,Ibrahima Niane,Angers,FW
-13.974486205207308,-13.601201182310986,0.03996683621957346,1.0142077315566922,0.3747339117181609,2.5513015657636364,7.062289085828144,Theo Bair,Auxerre,FW
0.6758789063676279,4.469277584761955,-1.7601398231752603,-0.25040177353894605,-6.076166134932122,2.177786245935342,0.4020837994170067,Ulisses Garcia,Marseille,DF
10.689653714271753,-3.4408970017488554,2.0962787879922122,-1.4194289572580274,0.4283913506053849,-0.8536053457911473,-0.15279148732782155,Jérémy Jacquet,Rennes,DF
4.491931089310079,-2.60025745734319,0.7150213670956953,-2.079112733618552,4.609156690173561,0.7462019338374893,-1.5747860129963736,Baptiste Santamaria,Nice,MF
-16.238868498501553,14.836540169634324,-0.211787893697115,0.005255073991595185,-3.2775978276961237,-6.635436736019133,-0.6610396955647241,Khvicha Kvaratskhelia,Paris S,FW
-7.980083599000169,-8.856480421621232,-3.366222279350999,1.2603765604104742,0.9281978623686375,-0.40783455347874986,1.3678553628919945,Wesley Saïd,Lens,FW
6.263625553680365,5.568103674601702,4.638676459262786,-2.686368687564142,-3.7063703446011886,2.5581081883577315,1.2994840645973045,Ismaily,Lille,DF
-11.343816666365118,4.116898275055875,-2.0364405628831177,0.4252272996327025,3.529847691669837,-4.6098897718715035,1.1765704099677503,Romain Faivre,Brest,"MF,FW"
7.358604987408575,0.6027478730294632,3.511689349638495,3.8261959300746122,-4.912777934113982,-1.7799027590136753,-4.163313967469249,Hiroki Sekine,Reims,DF
-16.649948996747312,-10.423618382616084,-4.838051763189813,1.500531228017985,-0.28762900376214257,0.6668677355995545,0.6500144995776471,Goduine Koyalipou,Lens,FW
16.288521009884587,3.543686308386404,-6.87529284949003,-1.378045051673831,-5.156610592521813,2.6053658399294255,1.9188351661431413,Lucas Hernández,Paris S,DF
-0.014717425031154422,-5.675753670591634,2.9831966978295936,-2.534425980297665,0.5144904939676638,-4.367283153302966,0.23113519625601636,Mathis Amougou,Saint,MF
-17.954580048195456,4.05382952250693,1.3730227730268345,0.6991595445077766,-4.570925368993765,-5.832587424892481,5.474061444713731,Mamadou Diakhon,Reims,"FW,MF"
12.403905888849156,-3.387248522102478,-0.29682974643350485,1.229476538262458,-1.608458075065779,-0.2469908622382975,-1.2679094007799812,Mohamed Abdelmoneim,Nice,DF
-7.564860025512747,-13.111769909573608,-8.175671126860232,3.9527940986905823,0.06847515216682122,1.5278680824569837,2.738547963204586,Koka,Le Havre,FW
-5.512508166109363,10.9376051093805,4.833439550789939,9.933664079667418,6.2031707267683025,-2.3018281160920284,-4.421216389886316,Zinedine Ferhat,Angers,"FW,MF"
2.3383676219274823,5.934877091608771,-6.307665725784545,-4.938369304438543,-1.729562147417467,-3.139519211045557,-1.907642215277919,Seko Fofana,Rennes,MF
8.489628983718914,-1.2583864118196153,4.7749048405732895,-2.9916181923211855,-2.697426406691051,-1.283268961525791,-0.9541217532225919,Antoine Mendy,Nice,DF
-14.691627409449042,-14.141768536060951,0.6866536094419431,0.809076474353465,1.3060196722100164,2.195382920044771,6.265144501071238,Ibrahim Sissoko,Saint,FW
-1.580193354326865,-2.9797169580966942,4.321698544188638,-7.591434807114764,0.2623318641008997,-4.492173303100031,0.0011467308780087845,Louis Leroux,Nantes,"MF,DF"
-12.710987841315369,1.6163249249016538,6.822165811916144,2.5689593589370405,2.7012393188314237,-4.214440964356713,0.642648771546199,Albert Grønbaek,Rennes,"MF,FW"
-6.109884709807876,6.156165578231304,2.48457397867698,-6.296659275708522,-0.8211875763902656,-4.922884997700676,-2.5765084105488607,Senny Mayulu,Paris S,MF
-20.577332934166492,4.385773836792134,-2.0947045369657604,-1.1046592190147608,1.237123110170595,-7.449976594665325,-2.844921331766378,Jonathan Rowe,Marseille,"FW,MF"
7.035786702973375,1.3269514366972677,2.0533818725877704,-5.605061395257889,-3.1202157328647813,-0.5328631578822965,-0.13073811764020488,Alidu Seidu,Rennes,DF
11.946905286581991,-7.029102008513422,2.1245860831714207,5.075026957282481,-1.4253918917511792,-3.995828818722142,-4.393427338859269,Yoann Salmier,Le Havre,DF
2.142622232520645,-1.2655589974847836,5.402086519920336,-3.9249160391487825,-3.8984328707678557,0.16447544904470232,-3.0486342337244903,Yvann Macon,Saint,DF
8.211605623632463,2.0600179389815203,5.442739104119468,-3.1965715429798784,-6.046554509310928,2.65872991488934,-1.686874399805376,Jordan Amavi,Brest,DF
2.5392185419006585,5.752441638032177,11.381934036678564,-2.5519413028386615,0.6180213349791462,6.896344872753789,2.6485811354928996,Tom Louchet,Nice,"DF,MF"
-11.388903134728357,-8.852309645455058,0.7774373580537111,-1.5041042344263884,0.1661436900096166,-1.401844861625984,-1.6020225812675593,Sekou Mara,Strasbourg,"FW,MF"
17.333908198273686,-2.5460433627338896,-6.433677074801111,2.1532755579164,0.9770715756805417,-3.889486139183992,2.0800105079760756,Maxime Bernauer,Saint,DF
11.332451174076702,-12.221103548873556,4.498894495100614,0.6618186287411747,2.3314138074557182,-8.920184993181673,5.170065541555233,Boubakar Kouyaté,Montpellier,DF
5.811478811644422,11.75476769103985,-0.35098355843277035,3.070097677906853,3.0485605866695815,3.9975804037409435,-3.1953024851646146,Teddy Teuma,Reims,MF
-5.173083871405733,2.5422101071484513,-2.5692012429791546,-0.026959324407651777,0.12044835630143075,1.9383814444353988,-2.0115889860848553,Angel Gomes,Lille,MF
-11.425625473488351,10.512313202412441,-3.8060273301758674,3.5163427190645278,-5.751141533636492,0.5646382488874042,0.5673780978080847,Saïd Benrahma,Lyon,"FW,MF"
-14.38479120357898,-1.7470296729533596,-1.642032208935014,-1.6435215427131658,-0.48531687356110903,-5.462545005368802,-0.9826711746782923,Augustine Boakye,Saint,"FW,MF"
-8.742110502836974,-0.751425427769739,1.9409546730794869,8.040939109790004,4.739067164528702,-5.042828819888913,-5.820499653950088,Mathieu Cafaro,Saint,"MF,FW"
3.82163550138929,-3.74894323805256,1.808127562467447,3.2844666351964555,5.549351796966793,-2.608263805068324,-3.2813711365511913,Rayan Raveloson,Auxerre,"MF,DF"
-15.953774265815365,-11.890255615834276,-3.3042691429350834,1.5482436080103779,-0.1980804844373387,1.6616982704407712,1.9785786452158056,George Ilenikhena,Monaco,FW
6.788836502978013,-2.8081288525856873,4.181316973915936,1.328092838023693,-3.3620308028824937,-1.620780885327896,-1.6178691970122434,Lucas Mincarelli,Montpellier,DF
1.8693734044718961,-4.561829611143572,10.260517627583713,-3.210108162183119,-3.8685896919093845,0.7992800433004121,-0.1256939330550918,Jacques Ekomie,Angers,"DF,FW"
16.022739086973658,-0.05334670007059329,-3.639084011823041,1.387221225535889,-3.90204759986684,-0.13722175267807268,2.594248062858374,Mikayil Ngor Faye,Rennes,DF
12.732352951665328,-7.17014186982583,-0.007766043098403486,2.011937691662065,-0.7510930142344223,-4.382593392655396,-2.8477750441306546,Abdulai Juma Bah,Lens,DF
7.445602759722555,-0.3917577401499141,6.831108916464441,2.5380249159097357,-0.7799280865230398,-1.6251438566988115,-1.9125295356212393,Pol Lirola,Marseille,DF
7.631812987236929,-2.1146731163566823,1.4062830175858565,-3.362687817107647,3.211103600387203,0.6362958523698915,0.24196405118487865,Assane Dioussé,Auxerre,MF
4.5832835039003,1.298563744764235,1.5483025346326627,-8.49739837307202,2.1738672213774,1.2891641749995113,0.5697422151594466,Glen Kamara,Rennes,MF
-12.520847480844138,-4.653165288493746,-0.5410189371156185,-2.364045477152904,1.3015433728994596,-2.0644523165658732,4.0163938959755185,Emmanuel Sabbi,Le Havre,"FW,MF"
11.933093892747417,22.495175334488902,-10.722767532477908,-5.695521292549603,8.027925450478762,-0.9586270943955386,4.2056826774132015,Ismaël Bennacer,Marseille,MF
-18.476070254187025,-12.264584414856643,-5.400620336992373,0.5310188899100373,0.9316532533681716,3.995213402901092,-1.610551112450805,Chuba Akpom,Lille,FW
4.237707897608572,-1.4813404348035333,13.555814528851712,-5.290325429571584,0.5652511831095147,2.758990259431018,6.246423706023496,Luck Zogbé,Brest,DF
-16.019587196006302,-4.276437609826798,3.7454205695195966,-2.1510556058945935,-7.805994586905366,-3.2458606545465263,-2.0109025464104815,Rémy Labeau Lascary,Lens,"FW,MF"
-7.134012579864076,-0.11549576008877406,4.467455459498016,-7.452239243153298,-2.5162208174604683,-4.656362056136641,-6.029519603451732,Yaya Kader Fofana,Reims,"MF,FW"
16.52940670974806,-6.221327343086352,-2.197732431466104,4.4268956963759605,2.505188763450366,-2.140365936850685,-1.7854024832345605,Rasmus Nicolaisen,Toulouse,DF
-11.625820366278177,10.23873812273534,-10.497575626082405,-1.5912367367524678,-3.6989635502105696,0.24830041190395846,-1.1589679263527428,Marco Asensio,Paris S,"FW,MF"
-20.47084198975919,-6.6952633986362535,-2.979985881158242,-2.339952365523632,1.2784897532988548,-1.8382929701131894,-2.172022499969206,Folarin Balogun,Monaco,FW
-13.841622785566567,-14.128030546163332,0.628933641938903,0.5696573496203188,0.131530463295801,2.438587639981379,7.83443555850445,Andy Delort,Montpellier,FW
0.469528313203345,0.712232484994877,6.6002355892283875,6.041564925138178,-0.9935111718511085,0.4605289424038234,-5.372737426608067,Jhoanner Chávez,Lens,"DF,MF"
6.566982215683337,-2.7274474196308884,5.773653477446839,-0.06983181446555883,-7.157293036775373,-1.603011380704619,-1.08898431966363,Fodé Ballo-Touré,Le Havre,"DF,MF"
4.324080446682171,-3.9296868075878013,3.8806011842746853,-5.270208663649532,7.25289014316473,2.2966272017150176,0.26622030704583827,Nampalys Mendy,Lens,MF
1.27105005981506,-4.411359831272247,4.259694793408007,-6.009187566942082,2.0223711104356434,-3.480455392049416,-2.8112110822719414,Mahamadou Diawara,Le Havre,MF
11.993498458223627,-5.883235224230621,-0.8352341773764567,3.882770706593138,1.1810034273343064,-4.333405331316143,-3.161030655131567,Nikola Maksimović,Montpellier,DF
9.284792250951753,-1.3453550059655885,5.760570566410748,1.9392719538621621,-4.30909245966634,-2.65179921103267,-4.329182178022175,Pierre Cornud,Saint,DF
-13.558396563404774,-13.09505740580605,0.4829577692726455,0.7561531131631587,0.47005114441303164,1.6324635012851372,7.7587902632153884,Florian Ayé,Auxerre,FW
-17.247803097110488,-14.756963321830616,-6.168880609586228,1.206596787521841,0.12687715809003516,4.446233906799012,-3.0036099893348664,Elye Wahi,Marseille,FW
2.270539375576013,0.9714356283836366,2.5032116729282756,-9.617518586948462,-0.07849853948557399,1.976116551485922,-0.7177714779290904,Maxence Caqueret,Lyon,MF
5.340911935085911,4.726418873921373,8.447943495184779,-0.5128474357204342,-5.462209238469304,0.2281656653417472,-0.5425530701149648,Jordan Teze,Monaco,DF
4.811222240729268,-6.33078686559881,0.3104618325177256,-0.834716576771324,2.866971752506216,0.24115217442082643,-0.7272565770079025,Daler Kuzyaev,Le Havre,MF
1.2829151694913976,-3.6600506756701483,6.9630339449359315,-8.836139213404369,3.3098509471159536,-1.8379495429136035,1.8695227429745487,John Joe,Reims,MF
-15.27968819965528,-11.644258549886843,-2.8291376568520605,0.949808088733598,-0.8097536395116716,1.898977094492384,0.38529220743554016,Mohamed Meité,Rennes,FW
23.991186896331683,-10.062243045316794,-2.569147374942463,2.9716875232200857,-1.6126786323414988,-7.695499761935118,2.1233085873808983,Andrew Omobamidele,Strasbourg,DF
5.9340738866620875,-2.5155952387492277,9.227471965755365,-3.1928203966295157,-4.921172085344721,2.7125782696929677,3.7510432907185907,Jean-Kevin Duverne,Nantes,DF
-20.69374718017998,-12.809598834490965,0.7429373036310137,-1.758163331747116,-0.13190364963873652,4.22347603134033,-3.0369389938266096,Bamba Dieng,Angers,FW
-10.711338937619795,-3.2043550796703024,2.150559896985842,-1.5746570452150854,1.318319664640295,-6.814290170122666,-2.448305449358767,Ben Old,Saint,"FW,MF"
-14.163672551493287,8.421831222205562,-8.842436247007464,-0.8250938516998719,-0.7312153974063305,2.0530349697847003,1.553297781777205,Amine Harit,Marseille,MF
-8.332723280873923,-4.119631179498024,5.253813206395372,-7.122973350060848,1.0890558284082619,0.08917246261459373,-0.13864995797506857,Tino Kadewere,Nantes,"MF,FW"
6.752084734882765,0.3985951842352224,6.996906173368566,-3.79605371833954,-7.581914467909733,4.597722960816113,3.509038493591404,Krépin Diatta,Monaco,"DF,FW"
