isomap_1,isomap_2,isomap_3,isomap_4,isomap_5,isomap_6,player_name,equipe,positions
-14.933259094975275,-4.580006560276111,1.4600089502471452,5.641093896438821,-1.1556838962975677,1.5029913059277948,Jordan Lefort,Angers,DF
-4.728829879899386,-1.2692739440306258,0.16186652444500352,-4.0607609384803744,5.991786345905074,2.9020682406224534,Andrey Santos,Strasbourg,MF
-0.10316683663662161,-7.535313837867261,0.1939941075135058,-1.884261237010177,0.3521967551088274,-0.770226807371991,Valentin Atangana Edoa,Reims,MF
1.4932055425146118,6.623596907962277,-0.6505879257508255,-0.6224940560869623,0.2930214681772763,-1.7906257189692172,Himad Abdelli,Angers,"MF,FW"
14.9275706644495,7.3836090952613365,6.424727216136899,5.303783359571489,-2.771237750448069,-3.1823245868374483,Mason Greenwood,Marseille,"FW,MF"
15.642957737497218,1.91318946270653,-2.60696519327269,6.37405430277377,2.452993467680552,-1.6332089738194,Zuriko Davitashvili,Saint,"FW,MF"
-11.942905322841952,-6.776843726381448,0.24290116650639568,2.28979028206223,4.550596279941224,-4.229657637341641,Gautier Lloris,Le Havre,DF
18.453590877803013,-6.541680452189936,1.6456476824145556,0.42760435597889035,-0.7976623578111093,-0.9512923139011806,Matthis Abline,Nantes,FW
-16.250805984727517,-0.9437251909829626,8.812612401438754,1.4276161736692115,-4.734654673329706,0.48624553769417483,Bafodé Diakité,Lille,DF
0.5124650787853967,5.9203786222537484,-6.65326749181038,1.8407413733652014,-4.716933712105942,1.6035798690914655,Adrien Truffert,Rennes,"DF,MF"
-14.738871487677368,-1.8181705387689626,5.099096723348693,1.0405933172037811,-3.611242121776946,-0.4835715198032473,Moussa Niakhate,Lyon,DF
-10.790535315281844,2.374268429543425,-0.7232149718099912,-1.4611637320923379,-2.5274497472765787,-2.3476424030700436,Guela Doué,Strasbourg,DF
-17.1889297587646,2.5685342405723333,7.653446903519115,0.9604985513071719,-5.670174321786251,0.500045274395472,Alexsandro Ribeiro,Lille,DF
-2.2012835747844006,1.816977231964051,-6.979551711549685,-3.9698178049452837,6.654982975023859,5.9061470172441455,Cristian Cásseres Jr.,Toulouse,MF
-7.86134923401176,3.2860790505408937,2.516333888162229,-6.253082195809961,5.425690972268739,2.72926157530083,Benjamin André,Lille,MF
13.973732901552689,13.884317795099712,-7.253562202694929,5.779474707327345,1.5232185838744283,5.5908795085875935,Gaëtan Perrin,Auxerre,"MF,FW"
10.761788785417188,10.119089844271567,-8.922691789130083,5.210146113352656,0.17253058116756714,-0.6056708408335183,Junya Ito,Reims,"FW,MF"
2.7637545075925507,7.156615636992937,-7.210584101946904,2.4940011676928444,-0.6736891181383964,1.5298944352471846,Aron Dønnum,Toulouse,"DF,MF"
-8.073800904179146,7.345334356722353,-4.765371769682515,1.3092878164033948,-2.174709761163202,6.22609872639289,Kenny Lala,Brest,DF
-6.315783381498505,3.033509665436859,-7.199211527042518,0.46349586312522295,-5.027182664008797,2.1272099313583874,Florent Hanin,Angers,DF
-15.853945238604727,13.895065966281276,7.620518071409248,-6.686157862450206,1.2924538150973046,0.022604472754137035,Pierre Højbjerg,Marseille,MF
3.6782195248413347,-1.2198372719515898,0.009487306538511004,-2.608439816586195,2.83873437846436,-1.6149300982247232,Mahdi Camara,Brest,"MF,FW"
14.39885927710868,-2.2305074386664723,1.1225811225204638,0.4324789446255343,0.5060126510479778,-3.1678313940524396,Keito Nakamura,Reims,"FW,MF"
-14.945042785523507,-8.5250451048153,-1.1648644397359802,6.398045210248594,-0.2868608874054987,-0.5468824742788799,Jubal,Auxerre,DF
-10.414655505260827,-5.2358259984051765,7.454430017979778,0.8257628185164025,0.038465108117241166,-0.2566202514923359,Ismaël Doukouré,Strasbourg,"DF,MF"
-7.374975655003215,-3.9183410975223243,-6.976543855463347,0.8424394710382853,-3.49278431491678,-2.394515055647193,Léo Pétrot,Saint,DF
-14.695844040044692,-6.28978422562097,2.570948441893877,4.134139058789384,-0.687329884713443,0.42034225443344136,Jean-Charles Castelletto,Nantes,"DF,MF"
0.9785451602777064,5.734729629299968,-0.15611263330496794,-6.18305546787941,5.988526564007932,-0.561342470558334,Adrien Thomasson,Lens,MF
7.302987394834827,5.7153522918246855,-0.13598916662651467,4.434872100770119,-6.262365773313784,-3.210490857272486,Luis Henrique,Marseille,"DF,FW"
18.556986689417453,6.7362816605291505,-4.264565199248153,5.046941002051232,-3.4497768124003523,0.826222809059739,Moses Simon,Nantes,"FW,MF"
-13.982439468574027,-6.520348846391079,3.400577043687343,4.890059418015387,2.4011222752690995,1.4227629729264086,Charlie Cresswell,Toulouse,DF
15.715691183518143,-5.262202938670781,5.037792535594446,1.9476689416884778,-4.463862851052678,1.8224201704615304,Arnaud Kalimuendo,Rennes,"FW,MF"
-7.762000829348114,-1.7628666572299718,-1.2402700826200943,0.07677072470151769,4.1422564516213605,1.0229582827141006,Pierre Ekwah Elimby,Saint,MF
6.976537539286711,6.221504067431063,-2.817092078614615,-0.20144842640046232,-4.540951351424766,-4.321733136322471,Diego Moreira,Strasbourg,"DF,MF"
16.342211823341888,-0.5651659495633199,2.852480137246286,0.8485774904293819,3.771296245866122,-4.68145943183773,Evann Guessand,Nice,"FW,MF"
15.219682430299791,-4.573850533059565,4.796791154113699,0.8354858726397205,-1.055794162077064,1.0800590384075086,Jonathan David,Lille,FW
-11.013542568417302,6.1191388585701505,2.6995086783885864,2.979379420742125,-0.35756656005109116,0.8770697914030813,Facundo Medina,Lens,DF
-0.8901269631546541,-2.873821811327917,-5.398505511621876,4.319324369668269,-4.6359109268961705,0.8296560390569141,Sergio Akieme,Reims,DF
12.900719731355379,10.916340275744625,-4.713967082211573,7.481901247638209,0.7536201287498168,-2.1724393930416155,Dilane Bakwa,Strasbourg,"MF,DF"
-8.509267647044778,-4.381074092754819,2.7613858316718223,3.454893484104305,1.7330129916743422,2.2063434793797354,Mark McKenzie,Toulouse,DF
16.40018042875686,-13.628543541787572,0.3264641375115287,-1.0192812517658116,-1.0702072484842382,2.00114342259094,Ludovic Ajorque,Brest,FW
-10.506746209037397,-5.57592605916099,-0.8689109478823828,0.7631352534450884,0.2823425656669394,-2.6009059398434586,Clément Akpa,Auxerre,DF
2.451844475470213,6.314778049374628,6.97470987296934,-3.1977715837624783,-1.691221983017515,-0.6968343860021994,Adrien Rabiot,Marseille,MF
-4.345588749553998,-1.1917484428907577,-4.917954806248739,-1.33853893023603,-4.203980301739112,3.5610308449272616,Loïc Nego,Le Havre,"DF,FW"
-9.318364287860868,6.341567564879206,5.069797287575362,-0.30336847581541365,-3.484390002387612,0.6127070604308912,Michael Amir Murillo,Marseille,DF
1.672889957391539,2.0921725217616007,0.5462827571137263,-5.991101531516167,4.5587260933231954,-0.3303307071799206,Hicham Boudaoui,Nice,MF
-14.449515668349813,-7.235429143843604,2.4608300575212736,6.112268588416461,2.4537143324245947,1.0048842720136777,Brendan Chardonnet,Brest,DF
11.9254431081252,11.600118836702752,5.232122437227117,-2.858135553740543,0.6159856892208301,-6.643354623759204,Maghnes Akliouche,Monaco,"FW,MF"
-2.3087020927597086,2.938327663452135,0.778672256318061,5.690126325724149,4.133403076221453,3.5875410546250754,Vincent Sierro,Toulouse,MF
-13.99600304064458,-0.6014835492854017,7.419236037447355,1.2967651830230507,-1.416271310123074,-0.6573636545831616,Thilo Kehrer,Monaco,DF
-13.078185638835933,0.8905299281399086,2.802063895590158,0.26126125240113246,-3.024019369906081,-1.646814626320235,Clinton Mata,Lyon,DF
-15.169870596122804,-4.1165048856676885,5.622805608262341,4.2099965932800325,-1.6396128045106149,2.10101372615426,Mamadou Sarr,Strasbourg,DF
2.507464988445051,11.915558033465958,-7.7058639958790325,10.704696658353502,8.812754021372827,7.662510405239453,Téji Savanier,Montpellier,MF
2.9295719649685608,5.887457771994031,-3.553026127957422,-0.307008794797862,-4.773450442658429,-2.6780232127495975,Lorenz Assignon,Rennes,"DF,MF"
5.384920476795165,-0.8404939090645199,0.8016103698508482,2.323469387314437,-1.8437279666675166,0.5638019740239165,Habib Diarra,Strasbourg,"MF,FW"
-8.80345863754054,2.027626015064633,0.47460201573313043,2.1408905943074314,3.9750941794637025,1.1757553348729408,Pedro Chirivella,Nantes,MF
-2.853757766075004,-7.380264594576231,-1.8713092385938492,-3.6072280399521155,4.815190654870137,1.1993403873921058,Elisha Owusu,Auxerre,MF
15.09080548885329,1.9284603926194628,-0.24858890793777383,2.6784134562047353,0.8097831542395608,-5.650012448886138,Yann Gboho,Toulouse,"MF,FW"
-5.083455447038501,8.44738597060133,5.252446412742075,-5.086132690345788,2.495531911682342,1.5300746068103919,Corentin Tolisso,Lyon,MF
-2.765638740699492,-4.012315039891347,-4.629742394621414,1.6186580969365587,5.567035891694945,1.2090119952320162,Abdoulaye Touré,Le Havre,MF
-3.4540420831885577,-3.385085503520561,-0.7007263358630871,-0.16668070910129495,2.334862088042693,-0.9405909806930315,Hugo Magnetti,Brest,MF
-17.35394674299482,-9.072060286256264,2.85778264659371,4.564009559103796,-0.6471408846517318,-2.1876037041134615,Etienne Youte Kinkoue,Le Havre,DF
-3.7363987281128668,-2.8240989427016103,0.0572114811410258,-2.085990449218481,6.574613764073101,-0.82698381870639,Douglas,Nantes,MF
-15.06350478523662,-7.038557120131728,-0.2055686081645621,3.6527351645996675,1.0058916652761878,0.18873803735788094,Mickael Nade,Saint,DF
1.5722668178743056,12.582821910512582,-7.543298642747085,7.295932176013115,4.658670678117567,9.812684090553905,Jonathan Clauss,Nice,"DF,MF"
15.491222332195353,-2.0678642361454624,1.4569686723315278,2.730341791452406,1.4327564587767412,-2.035903931605206,Lassine Sinayoko,Auxerre,"FW,MF"
14.583959894011386,10.991932073490656,-4.5453913934764465,4.740457744124703,3.592334112725614,2.0067587583565003,Ludovic Blas,Rennes,"MF,FW"
19.095419838264306,-11.544719017183727,5.328686786109479,1.8125965671470252,-3.24741704004127,3.15787511749028,Emanuel Emegha,Strasbourg,FW
-4.4244860701707545,5.010116455617127,-6.241514204389186,-1.9511816703807006,-6.001828545228496,-2.4946061837688465,Gideon Mensah,Auxerre,DF
-20.31969085847802,7.0008068517643665,9.189492334842068,-0.223944983652088,-5.452314225114487,-1.1072719321722233,Leonardo Balerdi,Marseille,DF
12.283126799560561,1.1612432082415325,6.1985162367480875,-6.040719059997908,-0.007672174838594686,2.141188278616835,Takumi Minamino,Monaco,"MF,FW"
6.876832144533992,2.6106580085922464,1.279576090370618,-2.192573077501246,1.0077845672047394,-1.3695579276906904,Andy Diouf,Lens,MF
-15.505970680602328,-4.368907299922655,4.509351351557324,3.8761782263101012,-1.6796170964872799,1.6246709903291259,Moïse Bombito,Nice,DF
-15.396003976960992,-4.7009446950874905,3.4436323742890114,5.358769062771526,-0.6206416510989043,1.429619556248941,Cédric Kipré,Reims,DF
15.824953937880514,11.494288171584058,9.333527967152333,1.249129881441637,-6.179254216973515,-6.028766671276918,Bradley Barcola,Paris S,FW
-4.672312324228109,-4.053929190706924,-4.841896809834904,1.3716433497265936,-4.475498194380654,1.0476053975019708,Kelvin Amian,Nantes,DF
-1.0615169944604443,8.993117022097469,-6.808932961658636,-0.15188333768384757,-0.9263690806984588,4.259548975825606,Gabriel Suazo,Toulouse,DF
-2.977900873146097,1.0274866754257064,5.216253226148871,-1.2825956845438613,4.117911575584673,-1.469576939355741,Denis Zakaria,Monaco,MF
-10.288926835243927,-8.778690762983771,-2.2729164117576444,0.7882280055612054,6.428191366499264,-4.377718788303874,Modibo Sagnan,Montpellier,DF
-16.97858865198122,-0.17732816640420052,9.811727602851311,1.5439544384912984,-3.776191624931144,0.621952768696356,Willian Pacho,Paris S,DF
-5.576030067198342,1.0121459550691816,-9.596835933840717,-3.5814377934928956,-4.673051350923656,0.5034186883922235,Dennis Appiah,Saint,DF
0.18818425688054602,2.8496592973762627,-5.647764926996467,-1.6522700328493696,-5.588266762225837,-0.9106235818450943,Ki-Jana Hoever,Auxerre,DF
-9.612684559842766,-2.0273869617122933,2.9515655047594587,3.2932696804640127,1.3899813660675175,3.1564485631444184,Jonathan Gradit,Lens,DF
8.757396471163164,4.0945403147005495,1.2064807985551114,7.6286642061753245,0.4999123600031682,6.436270314787299,Sebastian Nanasi,Strasbourg,"MF,FW"
-8.914449626466268,3.6442007191155037,-3.6248716755384116,-0.0068501406203635914,-0.3770943737956506,1.5357971548480132,Djibril Sidibé,Toulouse,DF
2.3941449733885305,-4.868099518088654,-3.67408317181691,-3.593070914076851,3.475760068921895,-0.42942565443841685,Yassine Kechta,Le Havre,"MF,FW"
-14.796507161275306,-0.38552954981119847,5.3379662473319875,0.9138315206765435,-2.6422811293276176,0.6501266899683151,Wilfried Singo,Monaco,DF
14.634377049499944,0.5383636333582,0.12564305365443895,1.8322909036650517,4.4898476215632,-3.8038724861551665,Hamed Junior Traorè,Auxerre,MF
-6.064944978455198,-1.6566103213688834,0.30064341878650225,-3.790399957903327,6.097211500654887,1.5932677406269031,Azor Matusiwa,Rennes,MF
-4.824817953223005,16.770820406657997,7.186618453927978,-4.160423528429644,-2.240015598959032,-0.839323602428803,Achraf Hakimi,Paris S,DF
-4.358714641930497,8.11240170200699,-3.9818491176349315,-6.956731250587231,-4.0421944732737956,4.266439105105371,Vanderson,Monaco,DF
-0.957724957759205,12.655851367913614,-6.886688781103003,1.4333766757449558,12.120553381893046,8.02217291251278,Lamine Camara,Monaco,MF
18.98424231777537,-6.743490857001513,9.280909385212995,-2.559738469475658,-3.3867959223122286,4.5517483252464,Alexandre Lacazette,Lyon,FW
-2.9846496294683065,-6.703318214801487,-5.920235512725859,0.13446799273201876,-3.773857981574772,3.223544666537675,Nicolas Cozza,Nantes,"DF,MF"
-7.668986151161762,7.452336846440975,7.115369349023907,-7.2193959639883145,-1.395099444415586,-0.18360399335837724,Warren Zaïre-Emery,Paris S,"MF,DF"
0.8131887112278214,-4.471096644673494,-4.133525240031786,-5.1399927457827586,3.469129986630027,-1.0166506383633698,Johann Lepenant,Nantes,MF
-5.049044377921797,-1.7706664682222841,-5.431071770166367,-1.1179900688970177,-4.52783199687798,1.24319656466734,Carlens Arcus,Angers,DF
-15.57042173568518,19.99443796711971,8.928785828513634,-2.44621481084617,3.6541168747354202,-1.3567503625923494,Vitinha,Paris S,MF
15.846444125165412,21.015940263285323,0.379633879371474,6.75070082877853,6.273630183907261,-2.633314649763498,Rayan Cherki,Lyon,"FW,MF"
-16.250323324637044,3.055694493733544,7.307693021725977,-1.5339350918011665,-2.9305598746290538,0.34049959735717117,Geoffrey Kondogbia,Marseille,"DF,MF"
-11.022755532450102,-8.701281898380392,-1.8381457528847636,0.10977995157940651,5.5317225803132315,-3.590330194089879,Nicolas Pallois,Nantes,DF
-15.779180632222571,-8.74305546909206,1.2577017577846485,6.413207868797232,2.8435404546989766,-2.1221754274705513,Dylan Batubinsika,Saint,DF
-19.981295470017635,6.593242640172428,8.55475922209539,-1.5866602153633202,-4.7902055424493035,-1.6221704303205953,Lucas Beraldo,Paris S,DF
-10.060400585052282,4.385907383169608,2.527587421959509,-0.47238292626044026,3.1251279193232264,0.4639141815450188,Nemanja Matić,Lyon,MF
12.961477400649867,-3.340366229330383,-2.52731728068015,-0.4539901469863232,2.769169085825731,-3.0016177371184356,Josué Casimir,Le Havre,"FW,MF"
-6.09219578604331,7.686734160494176,-1.40807625413076,-6.40043262104215,-3.510439896922701,4.3389447595075,Ainsley Maitland-Niles,Lyon,DF
-3.723983485380119,-1.1740361040923775,-3.339474067188701,-0.7611116212460356,-3.5367910780121594,-0.27449465996254574,Aurélio Buta,Reims,DF
-14.63180698327853,0.20316180836867806,5.9500487581996495,1.5620480779907455,-2.7641208959310704,1.6123178939943914,Dante,Nice,DF
-0.546329760829365,-7.203987104599147,-2.181019505893445,-5.382335114983907,3.767460619235971,1.4307796852139347,Jean-Eudes Aholou,Angers,MF
-10.039894024272659,-8.738244679848666,-0.30216042095425777,0.8361057455401644,8.315385992536228,-4.21473921043649,Sinaly Diomande,Auxerre,DF
-3.7393966821841627,7.183693293211419,-1.4354175549628319,-1.0117275818049432,-7.606895630898849,-1.5734024927989485,Melvin Bard,Nice,"DF,MF"
-14.086924899155624,-1.1697244237093034,6.233474719575589,0.17111304337970729,-0.3665657648195781,-1.8679429082985692,Youssouf Ndayishimiye,Nice,DF
-4.015130699190524,11.91739340321586,-2.977779625429796,4.748585237209308,-2.561865140150616,2.406393039321561,Caio Henrique Oliveira Silva,Monaco,DF
-7.584656724769917,8.268215958020972,1.6321664111387473,-1.2310441636098262,-5.640711853589894,1.387006486119697,Thomas Meunier,Lille,DF
-5.2471390660316475,13.59763671434678,9.221996924078429,-3.792074401577518,1.8120511332838347,1.255558641222757,Fabián Ruiz Peña,Paris S,MF
15.905497407506985,-3.9790217574885727,-0.8252206193337631,0.13951743964066005,4.1765973819316775,-0.7735832654475728,Issa Soumaré,Le Havre,"FW,MF"
-5.405379489732371,1.5950976668208454,3.0232336781957065,-5.146536321633598,-2.0584744973341054,1.0429331689813115,Nicolás Tagliafico,Lyon,DF
19.2745118262307,-7.45376448225317,5.374979350581255,-0.6312639006984148,-1.6071342693746131,3.407298127203525,Zakaria Aboukhlal,Toulouse,"MF,FW"
-5.273466625086523,-0.9546652929377497,-8.393719582983907,0.3683441188289614,-5.926080674166458,0.7053329526778063,Enzo Tchato,Montpellier,DF
18.252493938460336,3.645497504098513,-5.918224524550587,4.363763328021154,0.9925648963438951,0.16790419800833076,Farid El Melali,Angers,FW
-5.131857101954476,-5.9718063732638536,-4.719565643872332,1.7162674577356214,3.0179940956366704,0.7386400549729033,Joris Chotard,Montpellier,MF
15.684685761487007,-5.535046904994595,1.9839125484597424,-1.0595998286003823,1.3696409460615218,-0.9236705624515726,Lucas Stassin,Saint,FW
-5.601096186127751,13.196349256203936,5.482876701347146,-9.054711692981332,3.088793910939659,1.8687586088089385,João Neves,Paris S,"MF,DF"
19.269614611179097,-3.5291884651075534,8.178760329822579,-3.1570559734525663,-1.616986749592975,3.5716771495736634,Breel Embolo,Monaco,"FW,MF"
16.38142587752318,-5.6874112897681215,5.056944809184146,-1.7659395268256282,0.3382828029935117,2.779116632867152,Gaëtan Laborde,Nice,FW
1.931862509651788,1.8495460924027118,-5.539634447864988,0.6687647095401549,-6.476596674175713,-1.0712551038458302,Deiver Machado,Lens,"DF,MF"
-13.924213494199742,-9.037207495412625,-2.1442671566036244,5.27779976090329,0.6279622579023381,-2.884235137452797,Becir Omeragic,Montpellier,DF
5.8333626261805085,1.6688840285289885,1.3574038970442137,-1.149074858224725,-3.969694852383528,5.432327847372307,Florian Sotoca,Lens,"FW,MF"
-6.295191743928871,-5.850569403981493,-1.9048089988307142,-3.792617286136896,-0.2796401385662917,0.37541795728269234,Haris Belkebla,Angers,MF
-2.085152796572447,4.722833071118332,-1.5159126111852763,0.14040583463394382,-7.892962379491555,-1.2718090499735073,Gabriel Gudmundsson,Lille,DF
6.389455469291736,-0.7792526422114271,0.7564668454869109,-0.7202659209756486,2.752665152566956,-1.8069048130964902,Félix Lemaréchal,Strasbourg,"MF,FW"
-1.370793171057118,-6.015974541437178,2.9778643684865354,2.1191174828178987,2.6586380180033853,2.277378057266633,Pablo Rosario,Nice,"MF,DF"
-10.089077220925018,1.0006740948944424,-0.9725967881038537,0.7694280419883263,5.3993760591266,-0.16779941595934644,Jordan Ferri,Montpellier,MF
-2.6622286975400327,0.16393172797266248,-0.45805617954820216,-5.099751194024984,1.3962350218905213,-3.713553240610887,Benjamin Bouchouari,Saint,MF
6.524071425877301,8.925974071658784,-0.9093333796784311,5.032034115729037,4.332792348969728,-1.4739913323405942,Hákon Arnar Haraldsson,Lille,"MF,FW"
13.489235840161074,-5.438790179447775,-0.1899037537172194,-0.13188036800237635,1.5290651412592202,-0.5281125288017113,Jim Allevinah,Angers,FW
12.064259186461726,13.864740274596016,2.1989740294925726,1.6170311261856911,-0.2289938909750715,-4.321360622538262,Eliesse Ben Seghir,Monaco,"MF,FW"
-13.154841673433918,0.43607800064389246,3.5118694981336613,2.0324355506284157,-0.21565965915320948,0.8832856512535966,Aïssa Mandi,Lille,DF
21.02950881495839,17.531834355889586,5.1977889122688525,6.975585960704104,4.496663248939236,-5.673273924490413,Ousmane Dembélé,Paris S,FW
11.713028673279078,19.827406169923083,6.5216187617325385,0.1100007121657767,-1.9759413538503223,-9.284283901554222,Désiré Doué,Paris S,"FW,MF"
-20.837466113409555,10.664839886519111,12.39711601708153,-1.1575436148462064,-0.388013513805791,-3.1740062994033296,Marquinhos,Paris S,DF
-14.701710912505018,-7.506250509403101,3.0820098995293277,5.587248978397236,2.841998020874357,1.0627967064708788,Abdoulaye Niakhate Ndiaye,Brest,DF
-17.598451783752136,-3.1692515674405093,2.7805389634462503,5.534206072614935,-1.2890116633245752,1.045405672835704,Joseph Okumu,Reims,DF
8.005540007872366,-8.977987727942217,-1.8198338598920132,-1.737197375466273,1.8630202893051562,2.6275627167654707,Marshall Munetsi,Reims,MF
-0.18377278798889765,-4.820508322190081,-6.784786770488309,-7.1805979150149675,5.465003015569369,-1.7919176766928298,Rabby Nzingoula,Montpellier,MF
-10.600624665150574,2.8467735329214237,0.21244817147366407,1.6311236010174794,-1.5160359573213282,0.4101496290350958,Hans Hateboer,Rennes,DF
-5.119411923972321,-2.6650096630397355,-4.069493090046031,-1.3090211516757644,-6.695570645755783,-0.4701109906872274,Massadio Haïdara,Brest,DF
-8.900349161684984,17.382712060448487,1.8185103819068877,-1.7184465332307493,-3.3428207818073576,-0.9711828479088849,Nuno Mendes,Paris S,DF
18.024390588461756,-8.267337547046948,3.6264869768329975,-0.8211140494732913,-1.2864653276698839,1.0424290546933141,Joshua King,Toulouse,"FW,MF"
6.108907615181422,22.32757019822131,2.8646640830951093,4.215634159419448,3.18443746378318,1.4366374134368562,Lee Kang-in,Paris S,"FW,MF"
-9.978345267614415,-9.104843674717944,4.122384476712754,5.42038678725153,2.6445482330931043,-1.0336394753919949,Gabriel Osho,Auxerre,DF
17.386136837195973,-10.611201502579695,-0.21218535369136962,1.1217209980291005,-0.12306553105943717,-0.7907195143899876,Esteban Lepaul,Angers,FW
11.614986950442512,-8.256196137225402,3.0217536373888234,0.814990098225179,-0.5186696732859062,-0.23069185395124345,Oumar Diakité,Reims,FW
15.23765201552465,2.8821604790837174,0.27091262052373816,4.4615957363192145,0.3617782879910348,-5.705429503195438,Mohamed Ali Cho,Nice,"FW,MF"
-1.5944258268773754,12.07389081894926,0.32440696894958054,2.3512533328606287,-4.371315535374723,2.837281753709559,Quentin Merlin,Marseille,DF
14.24525775881193,8.229631890000766,3.978532721063645,1.1406227449343724,-7.523738640626853,-4.754003787731869,Malick Fofana,Lyon,FW
-0.09514553889481399,3.8810273200424565,-3.5690071398749734,1.1989158197246617,6.606428252043901,2.3221243960209876,Neil El Aynaoui,Lens,MF
-15.08601958890912,-6.691180699464501,4.305717059118944,5.393598541401479,1.8878799747376107,1.5115957014804045,Duje Ćaleta-Car,Lyon,DF
12.177278371374259,2.7258933147757993,-8.42734618370272,-0.9538716658665652,6.191689903272043,7.261511343738488,Mathias Pereira Lage,Brest,"FW,MF"
-8.785709033188922,6.392310332632982,7.388721086211573,-8.423380863816142,1.0717849290022539,-0.5731124311603846,Valentin Rongier,Marseille,"MF,DF"
-4.668938337860556,1.7361356715291083,3.552899713650838,0.10610332877158596,1.7496499424164824,1.6543483879986431,Jordan Veretout,Lyon,MF
-6.345280464701513,6.724780810783963,0.7489211757298999,-6.458294267391373,7.025783602207521,4.697362461426688,Pierre Lees-Melou,Brest,MF
-1.2399285290888875,-6.986078477137886,-3.7703168370877065,-6.867990312094713,3.0269532496276756,-0.6342617092981324,Yassin Belkhdim,Angers,MF
17.198722644829814,-14.036940927675671,1.3435277692228997,-0.8506531724155391,-1.2551115337346004,3.4322930246852716,Frank Magri,Toulouse,"FW,MF"
-14.095208111407434,-6.64199273983731,0.3625537744454721,2.221437666790181,0.6549112559082673,-0.0859056229426333,Nathan Zeze,Nantes,DF
-11.155861943773694,-7.695551219310455,-3.8323208714231485,2.171999128021912,-0.09383541777363144,-5.042534668791976,Abdoulaye Bamba,Angers,DF
-10.775844317400184,-1.9070761467740083,0.601216305450051,-2.3908256382493196,-0.9849137120257971,-5.038265576833569,Christian Mawissa,Monaco,DF
9.181502139715208,-7.299358056387393,-3.762829567096086,-0.8704778267573084,0.4788145128455262,-2.925424732005545,Tanguy Coulibaly,Montpellier,"FW,MF"
17.82342811992906,-9.566505784707275,6.85289882411807,-2.320649925407058,-2.9757981500701556,4.903520469324629,M'Bala Nzola,Lens,FW
0.517748017757726,2.384120071069491,-2.900273807435574,-5.963624574596736,4.207470580864728,-2.8141409883119257,Kévin Danois,Auxerre,MF
-12.370947348158788,-6.6692052033858955,2.162161443963724,1.2023975035432024,6.212200840176849,-4.603963301187483,Christopher Wooh,Rennes,DF
10.3348156343772,-13.249369146989032,-4.695433163926343,-1.2270113412487051,-5.562311450338224,1.5416246689212862,André Ayew,Le Havre,FW
17.545294377249416,-2.485635479473614,5.215315251985802,4.846229147071509,-2.1650274450821367,-0.6516554342364481,Georges Mikautadze,Lyon,FW
-18.984232234470213,3.22795312215252,9.828914960251382,2.7701665281874503,-3.854627599642816,0.2551641481935301,Derek Cornelius,Marseille,DF
7.069167950614926,10.6383047626444,-5.892263390716836,5.998731524798115,-5.007985591388919,0.6757540087312781,Anass Zaroury,Lens,"FW,MF"
3.617261691083161,4.052614087248836,-2.5491121595944612,-5.7906900550739016,-3.382688123446972,5.056199713629878,Ali Abdi,Nice,"DF,MF"
-4.790400091914125,13.091827352404355,-0.12151891917177346,-1.6657179847830963,-4.566779082166665,3.8002813960593165,Przemysław Frankowski,Lens,DF
-16.20285163115867,-2.9475356640675003,2.605242972332501,4.267370960123269,-0.933849420790571,2.1503933148810286,Malang Sarr,Lens,DF
-17.124720919513738,-6.3889925360707025,1.7900264621999347,6.708972328822079,2.2063710761885935,0.5078760666612467,Julien Le Cardinal,Brest,DF
-10.866521990330826,-8.210753224794098,-1.017001176941149,3.784691348047894,2.80985665041073,-5.578559337077386,Emmanuel Biumla,Angers,DF
2.6182889830926834,4.8727523627627,-3.718366091206906,-2.522731771427116,10.638145842214008,-1.7622630555791134,Kamory Doumbia,Brest,"MF,FW"
4.703453517772866,6.751391038089491,-7.341812689530133,10.242042975438567,-0.9037985993840685,2.767728728801187,Sorba Thomas,Nantes,"FW,MF"
0.31507151371449227,5.09775414956245,-12.904544518245762,2.9786996247311186,-5.486224952816833,-2.885230734587438,Lilian Raolisoa,Angers,"DF,FW"
-4.924823013401978,-3.9229366988343597,-2.918424420394735,-5.649166173745542,3.7427633941096428,1.4955934516733258,Amadou Koné,Reims,MF
12.581508842957387,8.9509051585136,4.7689576061002175,-0.12928400311482896,-1.3550113643117823,-8.060518748121355,Osame Sahraoui,Lille,"FW,MF"
-9.331200876176274,5.336214205329885,1.990448052640448,-2.0873999445299263,3.945309072501938,1.0670946919858681,André Gomes,Lille,MF
-17.121525009045754,-1.5052470371321494,2.648049694372428,2.8670927263965895,0.4532973222648009,1.7696870210425804,Emmanuel Agbadou,Reims,DF
4.691201905647974,11.314922047514123,-3.517396069197704,13.168708925773426,2.6249565474334373,5.380090796365548,Romain Del Castillo,Brest,FW
17.058202074903637,-14.11894990068786,0.5132837910591375,-0.7988584350824764,-0.1352530961029599,2.0743486879890147,Mostafa Mohamed,Nantes,FW
-10.360551179264089,6.933691392657775,1.8057590434205266,-1.5243838420480431,6.393685078109946,1.6062388650732278,Florian Tardieu,Saint,MF
-12.860738504635854,-6.8357267466981115,2.6888137063180837,-0.21141723514515876,7.913258618983109,-5.114338385050529,Arouna Sangante,Le Havre,DF
19.18815126471519,-9.474128362967901,0.8600755483301749,0.6898349432955172,0.10576390802384773,0.8283730795814594,Abdallah Sima,Brest,"FW,MF"
-7.015565115087975,0.0861645698498819,2.9043131280678,-0.7744611186465304,3.0175454001273163,3.099554479566052,Tanner Tessmann,Lyon,MF
-16.78801866224211,-0.11122084659953074,3.633497368040329,3.356061734951121,-2.0324812270201837,1.265700506261821,Lilian Brassier,Rennes,DF
-8.010895431992127,-5.041530450703805,-6.511580419245709,1.9213685098306463,-2.142550272467552,-1.6115579445690238,Falaye Sacko,Montpellier,DF
24.924971858305163,-3.9891761012822946,9.77090818496616,-8.821231174393837,-1.1960338457482076,5.949591995136697,Mika Biereth,Monaco,FW
-14.2784637446041,-4.954847161883644,2.7936757522807207,4.111244747674133,0.9033565573180179,0.6257469688103227,Leo Skiri Østigård,Rennes,DF
-2.7447318410341888,-0.7186334631941709,1.7635408972414905,-4.374462794019013,2.3907073038005806,-2.4737394355285827,Ngal'Ayel Mukau,Lille,MF
15.29375297877158,-3.314722696514165,0.47134678396594354,0.41949428872926986,1.5363349847800534,-1.96536773498913,Shavy Babicka,Toulouse,"MF,FW"
-1.4331521959842577,3.075374326736205,-1.1700868002439138,-0.6373646113432998,4.921884803414152,2.8497234200977184,Jordan James,Rennes,MF
-2.4338002118454907,8.21643499673139,-14.83545522477072,7.870254459836504,-4.35196465590737,6.125916210215058,Christopher Operi,Le Havre,"DF,FW"
13.765828315237401,-2.2684402135884882,-0.9744134727910841,0.053995960990655345,1.167972991346261,-4.870290162546153,Arnaud Nordin,Montpellier,FW
-3.567663483939862,-2.8839087983565994,-1.2138557038180977,0.8106998183723568,-6.818387930438191,-2.2147170600012216,Nhoa Sangui,Reims,"DF,MF"
-7.254773791158283,5.70305739624011,-0.1675579252030872,-6.0492292767028575,-3.2511801742711306,2.8105784250733223,Valentín Barco,Strasbourg,"MF,DF"
-5.500175968616062,-3.1893836109981146,-5.491453700471739,-0.6808645641551774,-6.658519009904704,2.4016788654271948,Issiaga Sylla,Montpellier,DF
0.35870209907766865,9.616306916948112,-0.24024238313623078,-4.589012379934643,3.579728042285397,-1.277374675813479,Aleksandr Golovin,Monaco,"MF,FW"
-3.2399658283724326,-2.705715102648589,-1.0216579306543963,-9.009864161228077,2.6119869019835282,-1.9263236999788982,Ayyoub Bouaddi,Lille,MF
19.317824819168926,-6.761138769980067,1.9269849300667494,3.983558681344781,0.9418574007346395,-1.4985517935724282,Mama Samba Baldé,Brest,FW
4.867997743162818,9.5361015554187,-3.969512980513332,6.875450688356945,0.26723468183273164,3.622852092234293,Mitchel Bakker,Lille,"FW,DF"
2.5402840726838205,1.4570168238377048,-0.32813845221449817,-4.654328891871539,5.368710827493053,-5.661555422206906,Tanguy Ndombele,Nice,MF
-9.695963699259117,-7.144571443661814,-2.1898307554661076,4.675445979498758,0.7030311577404571,-4.211053697965353,Mory Gbane,Reims,"DF,MF"
-4.788656062284357,10.08373709642573,-2.182692566227648,-5.689455090105775,-7.097787818991631,3.2530288128146876,Ruben Aguilar,Lens,"DF,MF"
-6.777604945974676,2.9158768906321804,1.3136507806899813,-6.078914621483393,4.578663683106603,-0.12630480239617015,Djaoui Cissé,Rennes,MF
10.14547685129441,-5.83273155962969,-5.255392425866571,3.280235531307659,5.254999522069963,1.6886308798210141,Wahbi Khazri,Montpellier,"FW,MF"
18.17400059937662,1.288207434509908,-1.4309269934884048,0.4916043783814103,-4.346489245077529,-4.579176664546977,Musa Al-Taamari,Montpellier,"FW,MF"
-2.7640348679267026,-3.5646398359290603,-7.5959703774868395,-3.5715103261504693,-2.9891396261708074,-1.3884227221640366,Timothee Pembele,Le Havre,DF
-7.19439248128962,-5.824169024913994,0.23789206315995262,0.1679583446421314,-1.6262511916929046,-1.2654512531467474,Jaydee Canvot,Toulouse,"DF,MF"
-9.507902872051119,-6.2651906914929425,1.9046688687701858,1.4676666841035586,1.4388678247290032,-1.127385488538739,Edimilson Fernandes,Brest,"MF,DF"
14.493349080701206,4.804710603366019,0.13025405664667492,3.855302655722245,2.4930759886044522,-4.940411406788778,Badredine Bouanani,Nice,"MF,FW"
-4.96577673469842,6.338927845520763,-1.6051329401962358,-3.674857170614303,-5.180865535153074,2.7472845167525755,Abner,Lyon,DF
-15.682802945592975,-2.5363396466744317,4.59672016368626,3.6437906383724408,-0.9910820604760612,2.3853455917124435,Kevin Danso,Lens,DF
19.090173479052858,-13.87369048696407,0.35653844570131976,0.1451153787049341,0.04929301441004752,1.677929580018318,Akor Adams,Montpellier,FW
22.651162672657996,-6.801195548298722,12.601248290709322,-3.6912027889554917,-2.401563470659515,8.466338448447855,Gonçalo Ramos,Paris S,FW
15.464463464531255,1.6178378518471872,-1.3596907920264931,2.9555249925356772,1.6051044634784306,-3.2189759515610064,Matias Fernandez-Pardo,Lille,"FW,MF"
9.608169281702377,10.54527046649831,3.2690736872084645,-3.959962439176992,6.526972150923119,1.39991925734095,Sofiane Diop,Nice,"MF,FW"
14.617419193343649,-3.5105671462170256,1.4295997631204056,-0.3967531032598631,0.8711039859463754,-2.7183547706027102,Irvin Cardona,Saint,FW
0.6103858212535087,-5.830883827144678,-6.252546193823621,-4.434601455594498,3.412480452421748,0.9216870642973785,Rassoul Ndiaye,Le Havre,MF
17.035278440369165,6.862489545674025,-3.010814536943665,1.6340417176553008,-2.7411002349351494,-2.99279359456157,Jeremie Boga,Nice,"MF,FW"
9.024716347644011,4.138965559818546,-0.015027319595242733,-2.0433741276679838,-4.136164087127349,-1.310104079508104,Ernest Nuamah,Lyon,"FW,MF"
22.303515921791877,5.792313831703908,3.437555392299087,7.4044926667226445,4.252656676054185,7.975864003505918,Amine Gouiri,Marseille,"FW,MF"
-2.0355199136708877,-4.772898017092119,-2.1777873231289124,-2.8846083881691125,2.232701576746406,-2.0518390505122537,Han-Noah Massengo,Auxerre,MF
7.159019464938141,10.344635943293572,4.0571909311145,7.24529659342994,2.700636459526842,1.7167239494937898,Angelo Fulgini,Lens,"MF,FW"
-1.1294221611896045,-0.03907829054300781,-6.125792708557502,-9.69736115164232,4.272642745422415,1.5312921311116623,Louis Mouton,Saint,MF
9.895244221546138,-6.801749248093777,6.193635792970807,4.927252854049273,-2.512129251488169,-0.6960396725074245,Neal Maupay,Marseille,FW
2.58779045348204,-6.552561383264588,-1.5667486339937498,-2.9333147002866347,1.082783719279572,-2.26351950178235,Aimen Moueffek,Saint,MF
-15.012521698247628,-9.423879650820947,-3.0461425357032152,5.327773366852485,1.9480680725197383,-1.4085897693668203,Yunis Abdelhamid,Saint,DF
-4.254023837151785,-5.513422693125399,-3.5578184407743354,-5.4480674130601345,2.225529124761924,-1.5045776784967875,Khalil Fayad,Montpellier,"MF,FW"
-5.506589492584315,0.8544919068575256,-2.003748876787281,-10.190751136457921,5.091858089476125,2.780063074572432,Soungoutou Magassa,Monaco,MF
-15.808721861758025,-0.502146881527673,6.096794509830894,0.17526794695710918,-2.7267659295909072,1.7429520359005268,Mohammed Salisu,Monaco,DF
1.4949174206746767,1.4969870157511755,-2.591989741980971,-4.973270865965333,-3.7362560479295515,-4.75368900348747,Warren Kamanzi,Toulouse,"DF,MF"
-15.35333670492333,-7.563216623423559,1.483368869697502,5.2339596818083765,-0.05008373320438761,-0.8236693226714347,Saidou Sow,Strasbourg,DF
-0.49012155283666026,-7.819291265879421,-7.320106914542887,-2.806300438175254,-4.3269411606840436,1.0433352292661253,Théo Sainte-Luce,Montpellier,DF
3.1017686864616625,20.304874398947128,-1.5956176213532887,-2.730512098784872,2.096371221864105,0.8901112613529303,Rémy Cabella,Lille,"FW,MF"
-6.805418772819891,7.583041592786402,-14.376309727406262,-6.302781107549819,-4.843743450664987,1.0296836185106188,Paul Joly,Auxerre,DF
-3.7416251770649835,-3.123469179400539,-2.604860245196438,-0.7911257647532681,-2.9145781215548467,-2.3856076214027233,Oussama Targhalline,Le Havre,MF
16.36220813524861,11.008970511782964,-3.1682514564026287,4.70502921136484,0.1964743039282994,-2.2330035551484104,Edon Zhegrova,Lille,"FW,MF"
0.32212767086455657,13.049652262689118,-13.04215015922982,8.196939841241825,1.625477906512549,7.998710777679929,Yanis Zouaoui,Le Havre,"DF,FW"
-15.34452822375976,-8.337137461335404,1.4664946880232967,4.385351972626473,0.7951575089555633,-1.7225452015875837,Abdukodir Khusanov,Lens,DF
-16.161424751066647,-5.275631892527679,5.263775076561981,5.623156869109546,1.6554295099476757,1.8693234266126455,Anthony Rouault,Rennes,DF
14.121626012651749,-5.245182440545789,2.1223051953300383,-2.4932964676299116,0.4084741968269056,0.7674741689075014,Ado Onaiwu,Auxerre,"MF,FW"
-3.605319923546166,-2.600664297877654,-5.450863912136011,-0.6324152338451249,4.047403928532986,3.3289032418664095,Junior Mwanga,Le Havre,MF
2.4760489858310217,22.980417274313538,2.0370987968543384,-0.05004633282927655,5.275051570288024,3.3972024945199117,Thiago Almada,Lyon,"MF,FW"
-0.6653090207065189,0.2734251716099316,-4.149268225047935,-2.436993126361901,-3.4071523670988175,-3.389222750939347,Sael Kumbedi,Lyon,DF
-6.253221360889399,-2.108584364086079,-6.858247103768548,-3.279326291314029,-7.108902930316569,0.7855364080989633,Marcus Coco,Nantes,DF
-16.619086296869835,-8.546626683427633,3.1153389252786194,5.365005719819222,3.319940293217531,-0.13632400826388102,Abakar Sylla,Strasbourg,DF
-13.261744684587221,-8.858923543717069,-1.9511105426184088,4.501885965314517,-0.14325107794567316,-2.8549648577025044,Yael Mouanga,Montpellier,DF
14.831731854799294,1.880567547013574,-3.1733490559572646,0.08248609263645888,-2.3414410549462406,-5.6919178434974285,Antoine Joujou,Le Havre,"MF,FW"
21.4423585776931,-12.204920468994946,3.0111509997352615,0.42220394102731534,-1.3877364439713817,2.465080395281816,Ibrahima Niane,Angers,FW
17.304819413012005,-14.798189991784021,0.20097060471105618,-0.8964361512912267,-0.18323830832338514,2.6000730654937985,Theo Bair,Auxerre,FW
-1.4064189296588006,6.439059931948586,4.561974969557729,0.35571424337900953,-6.360012129012195,-1.8789788400665808,Ulisses Garcia,Marseille,DF
-11.184963132673975,-2.9595634764027383,0.02955007996398611,-3.527990785177769,1.5480203743016707,-2.78692094848002,Jérémy Jacquet,Rennes,DF
-5.410769844036667,-0.6444216362995802,0.3655783290660043,-1.7472846084055988,2.1014697980541004,1.41632358967462,Baptiste Santamaria,Nice,MF
16.948856196619317,16.86794258591711,0.07545032488071211,2.7998500964515753,0.7595960846833867,-9.04329758493489,Khvicha Kvaratskhelia,Paris S,FW
9.770024245261041,-9.017957648281708,3.8341826348433337,1.4482799421053165,0.9968295037796682,0.47403164869518044,Wesley Saïd,Lens,FW
-6.815794274498347,5.844248034205734,-0.17489198065217412,-5.925159195982846,-3.6685888369127575,1.8032202702362847,Ismaily,Lille,DF
11.71911477008809,5.171155198360485,1.0981482149573447,-0.024274783945507132,3.6719998216138725,-1.7754101152659607,Romain Faivre,Brest,"MF,FW"
-7.848222782378753,-1.906671260319192,-6.2731941815345404,4.631556495168891,-6.557181800417023,-0.8078146863062785,Hiroki Sekine,Reims,DF
18.69957725449023,-8.220797898628055,7.366209756316218,-2.2181887258207857,-2.486171065298328,4.57264801674196,Goduine Koyalipou,Lens,FW
-20.300346941749762,6.282002348007772,7.355945414454496,-2.6291320070897557,-4.888733305217647,-1.6004122696869154,Lucas Hernández,Paris S,DF
0.010928301848475687,-6.764676245244262,-3.9018466770183062,-2.3957378553134454,0.4552210987751194,-3.164222684799556,Mathis Amougou,Saint,MF
18.851289022085446,5.502720698119927,-3.2570305936650716,2.0688711409711247,-2.345792882427934,-4.162933001725796,Mamadou Diakhon,Reims,"FW,MF"
-13.928202149619109,-3.2734731839490183,2.218732755885841,0.7676553392763327,1.2212467890523577,2.4852571841458224,Mohamed Abdelmoneim,Nice,DF
9.951093884480372,-13.533215615103835,9.734274102993336,3.7568221327617533,-0.34770639540182113,4.26040570299212,Koka,Le Havre,FW
5.91434865606855,8.907743260969365,-8.64294661166778,12.283332314000925,2.7303872787373953,0.4207429971328862,Zinedine Ferhat,Angers,"FW,MF"
-2.2737675844190797,5.901909440235735,6.479432787821758,-1.108660704421732,-0.6817327552459049,-1.3432793040945907,Seko Fofana,Rennes,MF
-9.931858805106845,0.9756999282458182,-3.4194509183046096,-4.3794305108819875,-0.6225279172848169,-1.236408640204392,Antoine Mendy,Nice,DF
17.73758271115327,-14.270068881806324,-1.321034797628682,0.4009640046140382,0.3975655229927132,3.8626448330100853,Ibrahim Sissoko,Saint,FW
2.417087757261068,-3.156050134905229,-3.3157465890033913,-6.503449077543299,4.071294477338518,-1.5277475820643922,Louis Leroux,Nantes,"MF,DF"
14.550323258862703,0.9188279138031651,-5.438430263437215,2.154609894932445,5.0362516358787275,-2.2904571263928286,Albert Grønbaek,Rennes,"MF,FW"
5.302208441621611,10.394004621692298,3.0619619800984794,-5.821776177426932,5.655798121201692,-6.263522190877246,Senny Mayulu,Paris S,MF
20.64266379649683,8.805656512484093,0.5831693667584631,-0.1117593381000287,-4.5919855225065795,-5.4824132832928685,Jonathan Rowe,Marseille,"FW,MF"
-10.156679477031938,1.0241691637554586,-3.2232375193938387,-3.1015320002151157,-3.1846769109767155,-4.573243459440574,Alidu Seidu,Rennes,DF
-13.655236531291266,-9.256394968663475,-3.3382632815072792,4.929739869453831,0.6340494530195488,-2.8455444882649936,Yoann Salmier,Le Havre,DF
-2.9580841735608385,-3.584490265017063,-7.175333323223256,-6.4831298034197005,-5.118429833882489,-0.4593718500060264,Yvann Macon,Saint,DF
-7.442298809966952,1.5365076618585947,-9.31206140066231,-3.2058453278756347,-5.808195469989874,-1.5723720053878218,Jordan Amavi,Brest,DF
-4.631293917466052,6.886673305993942,-4.327697238392034,-7.882213285205382,-2.4279951947786453,7.281185931825469,Tom Louchet,Nice,"DF,MF"
12.509082826783434,-12.568267186840945,-0.3084018827942457,-3.2607066589251676,-0.8159473891097921,-3.046904290571907,Sekou Mara,Strasbourg,"FW,MF"
-19.015871644638562,-2.407507796701188,3.4327583576680207,4.9636109988961055,-1.012682342525732,0.48484207817678193,Maxime Bernauer,Saint,DF
-9.360258849181735,-14.76697089467183,-2.800228288986243,1.2908109837683104,0.5071360809354342,-3.507379940018233,Boubakar Kouyaté,Montpellier,DF
-7.164440228349466,8.433176559097046,-9.600711423504501,-0.6381900767793465,1.180931285773331,4.258146752376578,Teddy Teuma,Reims,MF
5.092186375322989,1.7317854402397928,0.6088539071503177,2.110261891158642,-0.1160080614711429,3.2696984825288973,Angel Gomes,Lille,MF
13.140243215656772,12.41132532934007,0.6052880962036317,2.294201733780668,-6.647234476781582,-1.1760653223471786,Saïd Benrahma,Lyon,"FW,MF"
15.498420734029592,-1.578440487448666,0.6528646881077607,-0.3893764898053488,2.5519031576875406,-6.17249844084883,Augustine Boakye,Saint,"FW,MF"
8.415013053805794,-4.25993534500013,-6.767698589436947,9.034968114161309,1.7838530698558188,-3.545150780235911,Mathieu Cafaro,Saint,"MF,FW"
-3.3708048711161225,-4.779740671093859,-2.3460635053591496,3.834373520090121,3.5300133024648583,1.0958498918412491,Rayan Raveloson,Auxerre,"MF,DF"
20.38843751142272,-11.7073328190338,6.396181036765931,0.8888754507539077,-1.6950787662959688,4.929765268813351,George Ilenikhena,Monaco,FW
-7.029943985013901,-6.3765249804827295,-6.950911725010091,1.6789032791187026,-1.3365986448585594,-0.24312510699217985,Lucas Mincarelli,Montpellier,DF
-2.701375300109771,-4.978564465990591,-9.11037162668546,-6.483420340449891,-5.112903555516951,0.20503235423905072,Jacques Ekomie,Angers,"DF,FW"
-16.03496456483636,-0.7258251715912497,5.995570899688108,1.1624253577087442,-4.098511684756121,0.3808991164908478,Mikayil Ngor Faye,Rennes,DF
-15.075487300433313,-9.969957548903958,1.131523209364817,1.8922005055012248,-1.2527375936483338,-4.726856646825041,Abdulai Juma Bah,Lens,DF
-3.05025005725609,-0.6554040855685516,0.5928689879235436,0.08459498994773403,-1.9560237638331568,-1.5076277873313582,Pol Lirola,Marseille,DF
-8.17195234909322,-4.514294222353585,0.2799046273610323,-3.194808088543332,3.4097479663519135,-0.24902055010152369,Assane Dioussé,Auxerre,MF
-5.697317814212444,0.18435149924648672,0.6110359607601946,-8.172642968884604,3.160032394070071,0.5821751980344031,Glen Kamara,Rennes,MF
10.969800600781756,-10.727403718810812,0.8210860072285038,1.7258736953653415,-0.7962938002187372,-2.9361017822646795,Emmanuel Sabbi,Le Havre,"FW,MF"
-13.762762671200212,23.753533935035584,7.0379067275317935,-0.6001244942390347,10.78262516506923,0.35134408484316326,Ismaël Bennacer,Marseille,MF
22.278905541852954,-12.540245829719275,5.563273035462909,1.605919159858138,-0.5534642421597964,3.6540586230608207,Chuba Akpom,Lille,FW
-4.376182866027727,-2.0841267207030936,-10.478101688908747,-11.095307515840704,-1.672885005270644,3.604574362355833,Luck Zogbé,Brest,DF
17.219894511489695,-2.783122552177645,0.9302905765875065,-3.774105795889202,-2.396106161706243,-7.9270308262804665,Rémy Labeau Lascary,Lens,"FW,MF"
9.16498900456773,0.2015676845400345,-0.1701009620411564,-7.736445323338221,-0.019831789366336623,-5.70744870162196,Yaya Kader Fofana,Reims,"MF,FW"
-16.876879189576403,-4.993444995490733,3.412794138923031,4.744444698819793,-0.9090256845629464,0.20212882636183316,Rasmus Nicolaisen,Toulouse,DF
14.616839614822807,12.521359003031394,17.762776060559684,-0.34975774500177087,-5.711840173494661,8.398247642766872,Marco Asensio,Paris S,"FW,MF"
22.472370844322995,-3.623015276000553,7.080634121904344,-3.161752762316817,-1.257217247260849,4.378579542383393,Folarin Balogun,Monaco,FW
17.813079807748608,-16.230299218861386,-3.0653713260316366,0.5072801214790935,1.7930966570073137,3.2367971384530887,Andy Delort,Montpellier,FW
1.2326920071257088,1.698121084872996,-7.633878332050413,1.3774713434103345,-3.636667053933818,-1.5756378710339378,Jhoanner Chávez,Lens,"DF,MF"
-5.048815666705536,-1.605410923426702,-11.132968491469898,-0.42897252267449903,-4.012347514553138,-0.9417000562841323,Fodé Ballo-Touré,Le Havre,"DF,MF"
-3.976736352107746,-2.1587606341125034,-3.4503917292583712,-9.436773180941106,6.96201057484324,1.8044399115274492,Nampalys Mendy,Lens,MF
-0.35664759015777275,-4.05802130561586,-2.8609959174246438,-6.696156817567393,3.6188674985162996,-4.63958310660368,Mahamadou Diawara,Le Havre,MF
-15.152552844988794,-5.446956420469315,1.8236636313172299,3.606594848031235,-1.1744447102160007,0.30221772938863023,Nikola Maksimović,Montpellier,DF
-8.563542106103867,-6.27843882807681,-10.747413264036755,2.2902158714499667,-5.11161587386132,-3.2469413053754668,Pierre Cornud,Saint,DF
15.216235920941873,-8.69953343857853,-0.22932781494093882,-4.891988279912962,1.2353820660946888,0.48284232816190237,Florian Ayé,Auxerre,FW
21.544950762887897,-9.771223865436637,12.714864029386113,-3.762807675458119,-2.165149423879557,8.605493069844632,Elye Wahi,Marseille,FW
-2.2010590755859423,1.715167829380942,-2.2529625614312745,-9.755172455497204,1.6452097339607434,-2.085845616293786,Maxence Caqueret,Lyon,MF
-1.0055303562756408,4.884529354419737,-0.9735981137068327,-4.455208300373951,-5.261934281291025,2.991850277379785,Jordan Teze,Monaco,DF
-6.877681524448527,-9.265628724505234,-3.792788735238744,0.0893363637453376,3.027537081895929,-0.6536039230107961,Daler Kuzyaev,Le Havre,MF
-1.9778053023463449,-5.727891651465904,-6.966805893788332,-9.806767131920646,2.6732229892217814,-1.809649311860037,John Joe,Reims,MF
18.847749017278634,-12.137666936538757,4.961557705866489,1.0895732911757543,-2.2502586344042266,2.631904143221682,Mohamed Meité,Rennes,FW
-22.384332754565918,-6.264816524980376,6.729726264922855,6.5784681376530765,0.8542038779228166,-1.748002718624717,Andrew Omobamidele,Strasbourg,DF
-6.550024224039791,-2.107001681532693,-5.8812010176071645,-6.3488778646877035,-4.081845271853699,2.1155919246678625,Jean-Kevin Duverne,Nantes,DF
21.221504880411597,-14.05507641053172,2.255428549138268,2.9089460869768784,-3.088550215003461,1.8755086335006825,Bamba Dieng,Angers,FW
10.624588945441843,-5.545835657735628,-4.589658669153847,-0.9453939914926189,-1.420685177659699,-6.83287518737419,Ben Old,Saint,"FW,MF"
13.963569791398125,11.889580717116976,7.556951927261828,3.615638999071627,2.3526662977314774,-7.8487815281250155,Amine Harit,Marseille,MF
7.754652690849804,-4.412370722307495,2.4063472693554977,-5.301962667604821,1.3701680032338608,2.7018607952205604,Tino Kadewere,Nantes,"MF,FW"
-7.366221575109237,4.222591010728425,-4.531219413608633,-8.281180377534673,-5.387853071933968,3.568591182251169,Krépin Diatta,Monaco,"DF,FW"
