UMAP_1,UMAP_2,UMAP_3,UMAP_4,UMAP_5,player_name,equipe,positions,age,player_id,player_country_code
13.981038,7.859321,6.6409802,4.9170628,6.1937914,Jordan Lefort,Angers,DF,30.0,c3e4ecbb,FRA
15.196253,9.311122,4.8551073,6.2362175,6.022041,Andrey Santos,Strasbourg,MF,20.0,dd745366,BRA
14.652905,9.695915,4.643275,6.4425173,6.324705,Valentin Atangana Edoa,Reims,MF,18.0,6b5edd5d,FRA
15.992946,10.377324,5.3124943,5.9807553,6.4048553,Himad Abdelli,Angers,"MF,FW",24.0,7978cbf0,ALG
16.410416,11.968113,6.0759616,6.2479763,6.850604,Mason Greenwood,Marseille,"FW,MF",22.0,58eee997,ENG
16.564281,12.038346,5.816367,6.581857,7.0368056,Zuriko Davitashvili,Saint,"FW,MF",23.0,88b4d2e3,GEO
13.80673,7.992801,6.8469896,4.988693,6.3257504,Gautier Lloris,Le Havre,DF,29.0,ac89503b,FRA
16.05591,12.791388,6.051598,5.9405,7.275061,Matthis Abline,Nantes,FW,21.0,0e46fa2f,FRA
14.717056,7.4111814,6.096524,5.1642,6.154829,Bafodé Diakité,Lille,DF,23.0,1bfb6fef,FRA
16.36053,9.897483,5.823203,6.9448404,6.2307553,Adrien Truffert,Rennes,"DF,MF",22.0,5d0e0a1f,FRA
14.594968,7.6446295,6.4291787,5.0950594,6.1187234,Moussa Niakhate,Lyon,DF,28.0,00242715,SEN
15.217347,8.353534,6.0480695,5.884818,5.899143,Guela Doué,Strasbourg,DF,21.0,b4ef3fb5,CIV
14.971057,7.505436,5.8933086,5.3476243,6.127818,Alexsandro Ribeiro,Lille,DF,24.0,102c9665,BRA
15.511761,9.690694,5.2774982,6.8202167,6.17546,Cristian Cásseres Jr.,Toulouse,MF,24.0,f86fe8c1,VEN
15.427165,9.242182,4.7086015,6.3924274,6.1545324,Benjamin André,Lille,MF,33.0,ef9c1c95,FRA
16.571505,11.191858,5.936463,6.887507,7.0126557,Gaëtan Perrin,Auxerre,"MF,FW",28.0,10dd88f9,FRA
16.911684,11.094588,5.789001,6.779117,6.871323,Junya Ito,Reims,"FW,MF",31.0,dbd3a428,JPN
16.476206,10.660731,5.6163554,6.808611,6.494395,Aron Dønnum,Toulouse,"DF,MF",26.0,10cff752,NOR
16.722527,9.91259,6.0760975,6.7710958,6.3756056,Kenny Lala,Brest,DF,32.0,770d7eb8,MAD
16.270985,9.152635,6.348368,6.78775,6.002499,Florent Hanin,Angers,DF,34.0,6bfb4303,ALG
15.536799,8.660537,5.3115234,5.6529026,6.1221614,Pierre Højbjerg,Marseille,MF,28.0,8b04d6c1,DEN
15.166594,10.233874,4.849165,6.402924,6.315847,Mahdi Camara,Brest,"MF,FW",26.0,8577e60a,FRA
15.885306,12.1909485,5.9756203,5.919043,7.443641,Keito Nakamura,Reims,"FW,MF",24.0,d97af612,JPN
13.252594,7.911207,6.6558757,4.373949,6.525647,Jubal,Auxerre,DF,30.0,56ae428b,BRA
14.018446,7.530613,6.4651875,4.737427,6.1645513,Ismaël Doukouré,Strasbourg,"DF,MF",21.0,0512a60a,FRA
15.366092,8.642702,6.2803016,6.275062,5.8773694,Léo Pétrot,Saint,DF,27.0,00638016,FRA
13.41083,7.8574305,6.831526,4.5210853,6.774023,Jean-Charles Castelletto,Nantes,"DF,MF",29.0,e0f3a1f6,CMR
15.928302,9.81072,5.0879507,6.59705,6.135372,Adrien Thomasson,Lens,MF,30.0,c76b7567,FRA
16.512476,11.208003,5.536341,6.007043,6.9911556,Luis Henrique,Marseille,"DF,FW",22.0,f36d5624,BRA
16.823076,11.629179,5.569745,6.4611707,7.143038,Moses Simon,Nantes,"FW,MF",29.0,5f3eaaf5,NGA
13.6284895,7.600225,6.8398013,4.665313,6.4209337,Charlie Cresswell,Toulouse,DF,21.0,4654e5f5,ENG
15.684621,13.224481,6.7125545,5.948601,7.78218,Arnaud Kalimuendo,Rennes,"FW,MF",22.0,bf4c41f9,FRA
15.03957,8.773157,5.331335,5.8665786,6.027909,Pierre Ekwah Elimby,Saint,MF,22.0,830371be,FRA
16.25743,10.961782,5.4171166,6.4840784,6.5572014,Diego Moreira,Strasbourg,"DF,MF",19.0,12de1b0d,BEL
16.526875,12.309272,5.7039704,6.4579306,7.1424904,Evann Guessand,Nice,"FW,MF",23.0,b73f17f8,CIV
15.561149,12.84384,6.6387234,5.703923,7.4588394,Jonathan David,Lille,FW,24.0,ce50fd99,CAN
15.055489,8.181517,5.5599484,5.4864216,6.215114,Facundo Medina,Lens,DF,25.0,6f5ec8bb,ARG
15.805605,9.171485,6.5587416,6.40672,6.0513287,Sergio Akieme,Reims,DF,26.0,06efa9dc,ESP
16.696999,11.392767,5.7921443,6.642219,6.6829762,Dilane Bakwa,Strasbourg,"MF,DF",21.0,2b5a35e5,FRA
13.642243,7.988403,6.6577845,4.6738667,6.5355253,Mark McKenzie,Toulouse,DF,25.0,a5f5d094,USA
15.574608,13.531115,6.307037,5.84751,7.696242,Ludovic Ajorque,Brest,FW,30.0,462475ed,FRA
13.502801,8.280245,6.0164113,4.691469,6.57017,Clément Akpa,Auxerre,DF,22.0,0abb5072,CIV
15.931623,10.256915,5.0468144,6.1427903,6.3324165,Adrien Rabiot,Marseille,MF,29.0,8794e251,FRA
15.825791,9.137056,6.242259,7.0591207,5.82892,Loïc Nego,Le Havre,"DF,FW",33.0,c3b6fa1e,HUN
15.714049,8.806733,5.905539,5.9126215,5.966187,Michael Amir Murillo,Marseille,DF,28.0,349cae8f,PAN
15.130013,9.996981,4.7468,6.1913996,6.266742,Hicham Boudaoui,Nice,MF,24.0,f9d5908e,ALG
13.241968,7.982492,6.5713053,4.6292195,6.6404333,Brendan Chardonnet,Brest,DF,29.0,16aa7d4c,FRA
16.60834,11.827572,5.5402064,6.317829,6.5975246,Maghnes Akliouche,Monaco,"FW,MF",22.0,b625b241,FRA
15.795704,9.994272,5.486965,6.493778,6.7140155,Vincent Sierro,Toulouse,MF,28.0,92ffb8f9,SUI
14.487339,7.7848825,6.472289,5.2066374,6.1334143,Thilo Kehrer,Monaco,DF,27.0,51dbeea9,GER
14.782451,8.284409,6.1067214,5.4158115,6.020011,Clinton Mata,Lyon,DF,31.0,55abe554,ANG
14.016132,7.468531,6.559666,4.784187,6.3958187,Mamadou Sarr,Strasbourg,DF,18.0,61f80c89,FRA
16.74228,10.618821,5.9113226,6.6791577,6.576415,Téji Savanier,Montpellier,MF,32.0,6bde367b,FRA
16.205252,9.771609,5.5392513,6.8690534,6.1004825,Lorenz Assignon,Rennes,"DF,MF",24.0,b026bbf6,TOG
15.215327,10.695981,5.3259377,6.034588,6.7117157,Habib Diarra,Strasbourg,"MF,FW",20.0,6d0fe035,SEN
14.96223,8.829354,5.366325,5.5274725,6.4471703,Pedro Chirivella,Nantes,MF,27.0,68a26d51,ESP
14.1022835,9.908816,4.460818,6.2262783,6.6379437,Elisha Owusu,Auxerre,MF,26.0,e2781082,GHA
16.32486,12.157562,5.511205,6.283627,7.107517,Yann Gboho,Toulouse,"MF,FW",23.0,6be41a31,FRA
15.802437,9.381791,4.9254403,6.081646,6.095815,Corentin Tolisso,Lyon,MF,29.0,652d4c37,FRA
15.179172,10.205388,5.240883,6.116451,6.9476547,Abdoulaye Touré,Le Havre,MF,30.0,ef7cd87a,GUI
14.419114,9.501548,4.909189,5.823788,6.5318766,Hugo Magnetti,Brest,MF,26.0,d4d35152,FRA
13.338851,7.620385,6.5292788,4.396616,6.934456,Etienne Youte Kinkoue,Le Havre,DF,22.0,12a4e38c,FRA
14.898029,9.440013,4.820432,6.243963,6.1766005,Douglas,Nantes,MF,27.0,301c287b,BRA
13.338873,7.507778,6.348541,4.3253527,6.3260717,Mickael Nade,Saint,DF,25.0,a6b6fa6e,FRA
16.420647,10.561086,6.047942,6.914623,6.968143,Jonathan Clauss,Nice,"DF,MF",31.0,5219ab4a,FRA
16.336456,12.691451,6.062211,6.2963824,7.4374785,Lassine Sinayoko,Auxerre,"FW,MF",24.0,5e5249c8,MLI
16.46457,11.497608,5.936964,6.730478,6.8812385,Ludovic Blas,Rennes,"MF,FW",26.0,6191093d,FRA
15.171118,13.69912,6.7433066,5.2873755,8.077801,Emanuel Emegha,Strasbourg,FW,21.0,a0c590b9,NED
15.968,9.259855,6.102668,6.7987137,5.7031054,Gideon Mensah,Auxerre,DF,26.0,9bdd8118,GHA
14.641961,7.717167,5.9899297,5.0365505,6.2190375,Leonardo Balerdi,Marseille,DF,25.0,7c3ed041,ARG
15.919093,12.243091,5.9832053,5.6546907,7.2905626,Takumi Minamino,Monaco,"MF,FW",29.0,f833a830,JPN
15.656718,11.337689,5.3413877,5.9667964,7.025591,Andy Diouf,Lens,MF,21.0,9b5237b1,FRA
13.73443,7.358246,6.324442,4.4790554,6.6539245,Moïse Bombito,Nice,DF,24.0,c2f23fc8,CAN
13.707902,7.7423787,6.690109,4.565398,6.8115125,Cédric Kipré,Reims,DF,27.0,9f30e7ed,CIV
16.35939,11.988386,5.6156516,5.9859333,7.0011306,Bradley Barcola,Paris S,FW,21.0,a0d55a09,FRA
15.372062,9.013672,6.571728,6.8657765,6.0844626,Kelvin Amian,Nantes,DF,26.0,bcc81786,FRA
16.101288,9.586325,6.08809,6.8105764,6.1726832,Gabriel Suazo,Toulouse,DF,26.0,39b326ed,CHI
14.640484,9.6197605,4.803158,5.685651,6.7047935,Denis Zakaria,Monaco,MF,27.0,384d58d9,SUI
13.017406,8.565743,6.0647535,4.401874,6.7606044,Modibo Sagnan,Montpellier,DF,25.0,76d679c7,MLI
14.172684,7.964449,6.5637407,4.96568,6.2210474,Willian Pacho,Paris S,DF,22.0,ecbe2839,ECU
15.971293,8.778877,6.2429085,6.7324834,5.9125943,Dennis Appiah,Saint,DF,32.0,feb5d3ab,FRA
15.93638,9.246319,6.6852846,6.9152956,6.21085,Ki-Jana Hoever,Auxerre,DF,22.0,9a71e978,NED
13.951417,8.3283,6.2231627,4.9535284,6.4178753,Jonathan Gradit,Lens,DF,31.0,06c48679,FRA
16.29834,10.996916,6.098057,6.648308,7.3395557,Sebastian Nanasi,Strasbourg,"MF,FW",22.0,ce747d2a,SWE
15.723051,9.004612,6.0381846,6.6321664,6.3574467,Djibril Sidibé,Toulouse,DF,32.0,4c5b714f,FRA
14.764628,10.119731,4.6653547,6.7330513,6.330133,Yassine Kechta,Le Havre,"MF,FW",22.0,abefc3af,MAR
14.26208,8.184189,6.102064,5.218783,6.266574,Wilfried Singo,Monaco,DF,23.0,8b609c34,CIV
15.997493,12.618849,5.9873767,5.955472,7.1614156,Hamed Junior Traorè,Auxerre,MF,24.0,570bb4b9,CIV
15.00646,9.435158,4.6263585,6.155757,6.593498,Azor Matusiwa,Rennes,MF,26.0,a17a94d6,NED
16.173716,9.575065,5.444098,5.9050274,6.2165647,Achraf Hakimi,Paris S,DF,25.0,e42d61c7,MAR
15.996094,9.396201,5.9645863,7.0623736,6.21724,Vanderson,Monaco,DF,23.0,ee45fd85,BRA
16.21392,10.424651,5.915855,6.9253335,6.907902,Lamine Camara,Monaco,MF,20.0,19c2ffa4,SEN
15.327948,13.308735,6.9569826,5.422398,7.838786,Alexandre Lacazette,Lyon,FW,33.0,9dbb75ca,FRA
15.076952,9.27977,6.368096,7.057166,6.2458315,Nicolas Cozza,Nantes,"DF,MF",25.0,8f325097,FRA
15.306871,9.189079,5.4975924,5.5510716,6.181639,Warren Zaïre-Emery,Paris S,"MF,DF",18.0,6b9960cf,FRA
14.514216,10.293879,4.463294,6.336453,6.6451344,Johann Lepenant,Nantes,MF,21.0,1e52971c,FRA
15.441882,8.899516,6.475797,6.8846846,5.88361,Carlens Arcus,Angers,DF,28.0,5e837126,HAI
15.647742,9.009188,5.2470994,5.4201417,6.418345,Vitinha,Paris S,MF,24.0,3b029691,POR
16.85186,11.286175,6.0258307,6.480643,6.7807493,Rayan Cherki,Lyon,"FW,MF",20.0,b34c63a5,FRA
14.729329,8.182826,6.0774074,5.0291038,6.174819,Geoffrey Kondogbia,Marseille,"DF,MF",31.0,cce181df,CTA
12.846143,8.0212755,6.387764,4.274987,6.7515807,Nicolas Pallois,Nantes,DF,36.0,779847d6,FRA
13.02144,8.083713,6.502055,4.2101693,7.1781573,Dylan Batubinsika,Saint,DF,28.0,37d39918,COD
15.028374,7.707301,6.2501707,5.2230296,5.9311996,Lucas Beraldo,Paris S,DF,20.0,b8aedf06,BRA
14.778189,8.948439,5.4896493,5.3181324,6.635715,Nemanja Matić,Lyon,MF,35.0,eb7822d7,SRB
15.80659,12.644016,6.081877,5.8926225,7.701849,Josué Casimir,Le Havre,"FW,MF",22.0,481f76cf,FRA
16.105337,9.117972,5.8252087,6.777437,5.918158,Ainsley Maitland-Niles,Lyon,DF,26.0,e3a5814e,ENG
15.1724205,9.156927,6.568604,6.500689,6.1144156,Aurélio Buta,Reims,DF,27.0,b4705807,POR
14.100703,8.046563,6.131927,4.886388,6.7041035,Dante,Nice,DF,40.0,fd2bc67d,BRA
14.427567,10.054182,4.3588657,6.284453,6.439916,Jean-Eudes Aholou,Angers,MF,30.0,48b28bfd,CIV
12.799718,7.8184533,6.6182566,4.3772626,6.9405713,Sinaly Diomande,Auxerre,DF,23.0,6de23ab0,CIV
15.4586735,9.058655,6.66935,6.781386,6.5031037,Melvin Bard,Nice,"DF,MF",23.0,1ddbc7ca,FRA
13.704656,7.897491,6.205997,4.5861516,6.145014,Youssouf Ndayishimiye,Nice,DF,25.0,65c55288,BDI
16.360544,10.037783,6.259342,6.8248615,6.5821767,Caio Henrique Oliveira Silva,Monaco,DF,27.0,30af8b93,BRA
15.928104,8.985697,5.734118,6.314715,5.9576445,Thomas Meunier,Lille,DF,32.0,e162b013,BEL
15.727174,9.371863,5.235342,5.6803355,6.4922466,Fabián Ruiz Peña,Paris S,MF,28.0,c0c7ff58,ESP
15.779682,13.166454,5.883789,5.7848334,7.6289167,Issa Soumaré,Le Havre,"FW,MF",23.0,1d8aa290,SEN
14.931952,9.538158,5.35108,6.6271887,6.0342803,Nicolás Tagliafico,Lyon,DF,31.0,f0661424,ARG
15.787018,13.269624,6.6463847,5.700438,7.557437,Zakaria Aboukhlal,Toulouse,"MF,FW",24.0,c2a6033c,MAR
15.528119,8.864901,6.75095,6.928772,5.936491,Enzo Tchato,Montpellier,DF,21.0,7f783431,CMR
15.509043,11.717041,6.01788,6.1928616,7.9965696,Farid El Melali,Angers,FW,27.0,d21e361a,ALG
13.795233,9.443175,5.0524387,5.359236,7.0210166,Joris Chotard,Montpellier,MF,22.0,7909ffa4,FRA
15.422844,13.193175,6.6371512,5.5708227,7.7612233,Lucas Stassin,Saint,FW,19.0,a47d6f3a,BEL
15.561431,9.446305,5.3165913,5.992402,6.155306,João Neves,Paris S,"MF,DF",19.0,c2a15a27,POR
15.71371,13.278086,6.457344,5.469293,7.8735557,Breel Embolo,Monaco,"FW,MF",27.0,0b4f388a,SUI
15.428139,13.379229,7.024027,5.824065,8.0217085,Gaëtan Laborde,Nice,FW,30.0,7cdda3bf,FRA
15.325461,9.49169,6.6435175,6.7721252,6.798462,Deiver Machado,Lens,"DF,MF",30.0,b3f8bdef,COL
12.4412365,8.245774,6.2321944,4.2262106,7.4922624,Becir Omeragic,Montpellier,DF,22.0,c284d6fb,SUI
15.2226,11.319947,5.809851,5.7365456,7.6475534,Florian Sotoca,Lens,"FW,MF",33.0,7a42d0df,FRA
13.599432,9.768941,4.7893715,5.729078,6.881236,Haris Belkebla,Angers,MF,30.0,2b1bed19,ALG
15.571623,9.457191,6.365769,6.3250766,6.254922,Gabriel Gudmundsson,Lille,DF,25.0,d5d22a58,SWE
15.117214,11.458371,5.444915,5.7364736,7.650802,Félix Lemaréchal,Strasbourg,"MF,FW",20.0,8ca9415f,FRA
13.593331,9.693553,4.819855,5.0010123,7.254655,Pablo Rosario,Nice,"MF,DF",27.0,1a6b7ea4,DOM
14.668738,9.221397,4.819658,5.526192,6.693051,Jordan Ferri,Montpellier,MF,32.0,375622c5,FRA
14.749249,9.88584,4.9391346,5.598311,6.866396,Benjamin Bouchouari,Saint,MF,22.0,599f9013,MAR
14.998754,11.149057,6.029221,5.959047,8.181899,Hákon Arnar Haraldsson,Lille,"MF,FW",21.0,e2ae54db,ISL
15.852191,12.778269,6.133778,5.645103,8.292752,Jim Allevinah,Angers,FW,29.0,1956b948,GAB
16.325666,11.534067,5.791839,6.317155,6.9709854,Eliesse Ben Seghir,Monaco,"MF,FW",19.0,3bd65247,MAR
14.062115,8.815877,5.550147,4.9732194,6.9022846,Aïssa Mandi,Lille,DF,32.0,fbd6378b,ALG
16.636974,11.791223,5.807713,6.071793,7.12094,Ousmane Dembélé,Paris S,FW,27.0,b19db005,FRA
16.6985,12.063746,5.637448,6.648197,7.160573,Désiré Doué,Paris S,"FW,MF",19.0,9e7483ff,FRA
14.831098,7.7881203,5.9729214,5.1860437,6.3695226,Marquinhos,Paris S,DF,30.0,d5f2f82b,BRA
13.107605,8.313889,6.4800873,4.219185,7.072531,Abdoulaye Niakhate Ndiaye,Brest,DF,22.0,b8cd2ae4,SEN
13.5826025,7.934286,6.12746,4.3832107,7.183434,Joseph Okumu,Reims,DF,27.0,039f1983,KEN
13.852418,12.341073,5.3875175,5.5327063,7.9429836,Marshall Munetsi,Reims,MF,28.0,2acf0cd7,ZIM
14.02842,10.309264,4.57966,6.0875034,6.92727,Rabby Nzingoula,Montpellier,MF,18.0,627c7a3d,FRA
14.267574,9.020475,6.0029707,5.5100026,6.71643,Hans Hateboer,Rennes,DF,30.0,3b333ac3,NED
14.921197,9.346809,6.663492,6.5797954,6.895784,Massadio Haïdara,Brest,DF,31.0,5167c97e,MLI
16.272812,9.962664,5.7529116,6.195985,6.3963246,Nuno Mendes,Paris S,DF,22.0,f20e4cc9,POR
15.451747,13.690761,6.6117544,5.658357,7.982639,Joshua King,Toulouse,"FW,MF",32.0,43458538,NOR
16.623093,10.968467,6.0962877,6.681309,7.171809,Lee Kang-in,Paris S,"FW,MF",23.0,8455ad90,KOR
12.031576,8.906568,5.633676,3.5983818,7.6245465,Gabriel Osho,Auxerre,DF,25.0,cd889153,NGA
14.793043,13.78387,6.79357,5.187094,8.412943,Esteban Lepaul,Angers,FW,24.0,85ce1949,FRA
15.387875,13.8301525,6.5251446,5.453462,8.01556,Oumar Diakité,Reims,FW,20.0,44435c8f,CIV
15.95449,12.426625,5.8570476,5.7139964,7.7251544,Mohamed Ali Cho,Nice,"FW,MF",20.0,f8405304,FRA
15.36567,10.215148,6.2388415,6.018221,7.385359,Quentin Merlin,Marseille,DF,22.0,0bfca6a1,FRA
15.864512,12.235787,5.777644,5.7002473,8.367728,Malick Fofana,Lyon,FW,19.0,8236f673,BEL
15.203491,10.15851,5.565613,6.244567,7.5329685,Neil El Aynaoui,Lens,MF,23.0,17e1261b,MAR
12.431483,8.79715,5.7370067,3.8674042,7.0950108,Duje Ćaleta-Car,Lyon,DF,27.0,94f8d10c,CRO
15.630997,10.8966675,6.1769133,6.458167,7.8406167,Mathias Pereira Lage,Brest,"FW,MF",27.0,8846a40f,POR
14.642443,9.187105,5.0194163,5.8435326,6.251996,Valentin Rongier,Marseille,"MF,DF",29.0,ed45c4a5,FRA
14.147446,9.653119,5.1233435,5.348467,7.36179,Jordan Veretout,Lyon,MF,31.0,4a56052c,FRA
15.144184,9.36505,5.070152,5.4660053,6.598087,Pierre Lees-Melou,Brest,MF,31.0,f5044e54,FRA
13.523621,10.493046,4.6156983,5.831298,7.2402163,Yassin Belkhdim,Angers,MF,22.0,e21d1928,FRA
14.807342,13.988214,6.316047,5.3899317,8.182561,Frank Magri,Toulouse,"FW,MF",24.0,42fdb11d,CMR
12.3872,8.965341,5.717575,3.9830093,7.45057,Nathan Zeze,Nantes,DF,19.0,fb4c5b6e,FRA
11.945827,9.372424,5.4937406,3.496704,7.770899,Abdoulaye Bamba,Angers,DF,34.0,7fecbcdb,CIV
12.837058,9.067197,5.641945,4.515143,7.1056867,Christian Mawissa,Monaco,DF,19.0,2c70d915,FRA
14.795891,12.716012,5.864569,5.7490206,8.39467,Tanguy Coulibaly,Montpellier,"FW,MF",23.0,05ba9d7c,FRA
15.342668,13.864047,6.722409,5.131076,7.97176,M'Bala Nzola,Lens,FW,27.0,a4948e67,ANG
14.424624,10.39492,4.807013,5.7536225,7.3415437,Kévin Danois,Auxerre,MF,20.0,e76f6fbe,FRA
12.636697,8.223534,6.4652047,4.184857,7.537169,Christopher Wooh,Rennes,DF,22.0,b003239d,CMR
14.2424135,13.819243,6.2022953,5.4798603,8.350566,André Ayew,Le Havre,FW,34.0,5dbefa9d,GHA
15.628133,13.143432,6.660769,5.773429,8.203718,Georges Mikautadze,Lyon,FW,23.0,4788cb6b,GEO
13.14216,8.320174,5.7362022,4.1696157,7.4911423,Derek Cornelius,Marseille,DF,26.0,577744b8,CAN
14.697222,10.536416,6.2820487,5.7631655,8.413114,Anass Zaroury,Lens,"FW,MF",23.0,07d65234,MAR
14.65859,10.857136,5.931475,5.8619576,7.535104,Ali Abdi,Nice,"DF,MF",30.0,ad7cdb35,TUN
15.336678,9.898343,6.327925,6.234225,7.0499816,Przemysław Frankowski,Lens,DF,29.0,00a8d210,POL
12.82252,9.268171,5.681975,4.202049,7.6843395,Malang Sarr,Lens,DF,25.0,4315f30d,FRA
12.453354,8.312904,6.1646605,4.038715,7.445108,Julien Le Cardinal,Brest,DF,26.0,547a72ad,FRA
12.15905,9.514779,5.6129727,3.7423735,7.896593,Emmanuel Biumla,Angers,DF,19.0,e5a94f46,FRA
14.318607,11.004869,5.068012,5.327571,8.512115,Kamory Doumbia,Brest,"MF,FW",21.0,9226aa22,MLI
14.475119,10.513226,6.2358913,5.492695,8.716087,Sorba Thomas,Nantes,"FW,MF",24.0,8725a42e,WAL
13.314766,10.673081,5.892254,5.539003,8.334238,Lilian Raolisoa,Angers,"DF,FW",24.0,79a793b7,FRA
13.555778,9.982432,4.785986,5.758293,7.2256255,Amadou Koné,Reims,MF,19.0,2eb1ec07,MLI
15.79935,11.929519,5.802876,5.700482,8.161724,Osame Sahraoui,Lille,"FW,MF",23.0,6f9fa232,MAR
14.250104,9.5721445,4.8882523,5.204686,7.500747,André Gomes,Lille,MF,31.0,1961b2aa,POR
13.118542,9.07133,5.3483706,4.6115737,7.646419,Emmanuel Agbadou,Reims,DF,27.0,75f1ed80,CIV
15.214056,10.440226,6.13908,6.0128465,8.150796,Romain Del Castillo,Brest,FW,28.0,0be95d34,FRA
14.76576,13.886672,6.6138787,5.609263,8.088451,Mostafa Mohamed,Nantes,FW,26.0,595e6f3e,EGY
14.484246,9.3676,5.1985254,5.2254715,7.221994,Florian Tardieu,Saint,MF,32.0,ed39121c,FRA
12.577658,9.116943,5.4188876,3.9687793,7.2333775,Arouna Sangante,Le Havre,DF,22.0,17bb562c,SEN
14.845798,13.652033,6.5338597,5.54946,8.112738,Abdallah Sima,Brest,"FW,MF",23.0,fdbde523,SEN
13.531379,9.522505,4.8910475,5.070412,7.870449,Tanner Tessmann,Lyon,MF,22.0,ac277993,USA
12.724656,8.887993,5.7374077,4.0200233,7.517774,Lilian Brassier,Rennes,DF,24.0,5b146df3,FRA
12.157703,10.194757,5.450798,3.4755473,8.296032,Falaye Sacko,Montpellier,DF,29.0,6388e356,MLI
14.88353,13.398932,6.928042,5.4496717,8.38723,Mika Biereth,Monaco,FW,21.0,a1d95db3,DEN
12.444154,9.10444,5.702462,3.5841775,7.3774476,Leo Skiri Østigård,Rennes,DF,24.0,b35a7399,NOR
13.508188,10.375861,4.8111944,5.2164464,7.9271936,Ngal'Ayel Mukau,Lille,MF,19.0,bb461b8a,COD
14.535544,13.036325,5.956734,5.065271,8.718009,Shavy Babicka,Toulouse,"MF,FW",24.0,c6f0d5d4,GAB
14.079522,10.448239,5.5930076,5.427867,8.486947,Jordan James,Rennes,MF,20.0,f719ad7f,WAL
14.144457,10.411184,6.1826606,5.5377064,8.342374,Christopher Operi,Le Havre,"DF,FW",27.0,914bb955,CIV
14.82274,12.429658,5.6216288,5.3697276,8.907584,Arnaud Nordin,Montpellier,FW,26.0,7b9a9e25,FRA
13.127517,10.845542,5.042702,4.6597023,8.71329,Nhoa Sangui,Reims,"DF,MF",18.0,3f465a66,FRA
13.439693,10.015988,5.3628926,5.1767297,7.5809793,Valentín Barco,Strasbourg,"MF,DF",20.0,b9f282ec,ARG
13.112863,11.174185,5.3932447,4.8048496,8.181872,Issiaga Sylla,Montpellier,DF,30.0,b99bec05,GUI
14.8529825,10.849662,5.2710023,5.724113,7.6671076,Aleksandr Golovin,Monaco,"MF,FW",28.0,3708e9fa,RUS
13.406778,10.653515,4.616445,5.525584,7.5951085,Ayyoub Bouaddi,Lille,MF,16.0,8006228f,FRA
15.30514,13.789769,6.2352333,5.3300924,8.248693,Mama Samba Baldé,Brest,FW,28.0,fb14aa28,GNB
14.282099,10.902886,6.307404,5.6790614,8.59157,Mitchel Bakker,Lille,"FW,DF",24.0,a8567629,NED
13.730243,11.729862,4.988656,5.0410795,8.527427,Tanguy Ndombele,Nice,MF,27.0,5cdddffa,FRA
12.466994,9.569394,5.287332,4.432878,8.468866,Mory Gbane,Reims,"DF,MF",23.0,ab8b392c,CIV
14.550745,10.014186,6.2987905,5.9393077,7.304483,Ruben Aguilar,Lens,"DF,MF",31.0,3dd738a1,FRA
13.7141905,9.741082,4.7726912,5.2454505,7.7878695,Djaoui Cissé,Rennes,MF,20.0,576ca93f,FRA
14.061178,11.450788,6.2571673,5.5106897,9.195773,Wahbi Khazri,Montpellier,"FW,MF",33.0,2677a1de,TUN
15.497128,12.695863,5.87071,5.518665,8.779237,Musa Al-Taamari,Montpellier,"FW,MF",27.0,f15f8b2b,JOR
12.9094515,11.171904,4.9956613,4.7777743,8.084139,Timothee Pembele,Le Havre,DF,21.0,f8ce97ca,FRA
12.377763,10.114961,5.162059,4.204288,8.346468,Jaydee Canvot,Toulouse,"DF,MF",18.0,3684108d,FRA
12.54965,9.758772,5.2044444,4.5369716,8.807961,Edimilson Fernandes,Brest,"MF,DF",28.0,3bb625ac,SUI
15.197959,11.969152,6.0512667,5.4492292,8.663154,Badredine Bouanani,Nice,"MF,FW",19.0,0400dd2f,ALG
13.729118,10.570071,5.5927653,5.1170926,8.025826,Abner,Lyon,DF,24.0,7f9c5d2d,BRA
12.404219,8.832566,5.929212,3.8626952,7.6405263,Kevin Danso,Lens,DF,25.0,6e33125f,AUT
13.985377,13.754389,7.0325155,5.084282,9.099033,Akor Adams,Montpellier,FW,24.0,2ccd39ed,NGA
14.590582,13.45698,7.053432,5.267245,8.793738,Gonçalo Ramos,Paris S,FW,23.0,f63cda26,POR
14.741504,12.24941,5.6759067,5.0925093,9.026931,Matias Fernandez-Pardo,Lille,"FW,MF",19.0,0cdb6a2a,BEL
14.791966,11.478739,5.7409673,5.5810523,8.365159,Sofiane Diop,Nice,"MF,FW",24.0,19053e31,FRA
14.477878,12.89587,6.525577,5.297853,9.201596,Irvin Cardona,Saint,FW,26.0,5e080f73,MLT
13.001411,11.095172,5.1345043,5.1545544,8.39968,Rassoul Ndiaye,Le Havre,MF,22.0,36f65bdf,SEN
15.502496,12.131578,5.978169,5.525529,8.9304695,Jeremie Boga,Nice,"MF,FW",27.0,fe012aca,CIV
14.82454,12.217786,5.855856,5.704071,8.915781,Ernest Nuamah,Lyon,"FW,MF",20.0,234a703c,GHA
14.870412,12.474842,6.479802,5.2751064,9.237082,Amine Gouiri,Marseille,"FW,MF",24.0,aad56ca3,ALG
12.704076,10.710133,4.962695,4.4505243,9.2075205,Han-Noah Massengo,Auxerre,MF,23.0,eba1e557,FRA
14.653904,11.141057,6.052022,5.5579004,8.616414,Angelo Fulgini,Lens,"MF,FW",27.0,4b96c347,FRA
13.956802,10.610028,4.847137,5.697746,7.722327,Louis Mouton,Saint,MF,22.0,c37823fe,FRA
13.535483,13.078149,6.288848,4.9088335,8.762599,Neal Maupay,Marseille,FW,27.0,4bcf39f6,FRA
13.094832,11.62484,4.831406,4.8290076,8.7834425,Aimen Moueffek,Saint,MF,23.0,2591b066,FRA
11.818839,9.178347,5.50199,3.6500406,8.096038,Yunis Abdelhamid,Saint,DF,36.0,32c2d95f,MAR
12.821698,10.21715,4.8669276,4.9756627,8.207852,Khalil Fayad,Montpellier,"MF,FW",20.0,faf00ab8,FRA
13.469538,10.161625,4.783637,5.6351337,7.554611,Soungoutou Magassa,Monaco,MF,20.0,dfc5d4fa,FRA
12.235791,9.403218,5.340303,3.6489265,7.6748195,Mohammed Salisu,Monaco,DF,25.0,0b33f6ad,GHA
13.089423,11.544563,4.950423,4.781036,8.295927,Warren Kamanzi,Toulouse,"DF,MF",23.0,a426a912,NOR
11.965296,9.556157,5.592468,3.553018,8.3846245,Saidou Sow,Strasbourg,DF,22.0,f6b94e8d,GUI
12.582865,11.604511,5.132254,4.3947845,8.440677,Théo Sainte-Luce,Montpellier,DF,25.0,93c942fb,FRA
15.152318,11.021912,6.293299,6.0528727,8.300624,Rémy Cabella,Lille,"FW,MF",34.0,148e136f,FRA
13.369116,10.246979,5.530857,5.633,7.6206436,Paul Joly,Auxerre,DF,24.0,5b4bc323,FRA
12.709858,10.639394,5.3310018,4.7839823,9.505595,Oussama Targhalline,Le Havre,MF,22.0,abd56820,MAR
14.510008,11.452722,6.1882377,5.2558436,9.215503,Edon Zhegrova,Lille,"FW,MF",25.0,34a88e3e,KVX
13.975801,10.779745,5.8375273,5.1371245,8.729535,Yanis Zouaoui,Le Havre,"DF,FW",30.0,ec724366,ALG
12.069084,9.686562,5.4544554,4.4776278,8.809272,Abdukodir Khusanov,Lens,DF,20.0,d17ce930,UZB
11.884971,9.301507,5.6710925,3.446912,7.991532,Anthony Rouault,Rennes,DF,23.0,9b545925,FRA
14.134269,13.33168,6.20819,5.0994987,8.588549,Ado Onaiwu,Auxerre,"MF,FW",28.0,ff4df82e,JPN
13.091929,10.411238,5.6388907,4.844883,8.695775,Junior Mwanga,Le Havre,MF,21.0,ee158be5,FRA
14.198871,10.912323,5.9130373,5.3833833,8.985717,Thiago Almada,Lyon,"MF,FW",23.0,27f33438,ARG
12.885619,11.081869,4.984889,4.395308,8.456546,Sael Kumbedi,Lyon,DF,19.0,c385bf49,FRA
12.67133,10.271125,5.586604,5.2158866,8.302715,Marcus Coco,Nantes,DF,28.0,3010aefb,FRA
12.092827,8.773688,6.192148,4.007858,7.9480767,Abakar Sylla,Strasbourg,DF,21.0,29c91632,CIV
11.662647,9.659981,5.583908,3.384382,8.248869,Yael Mouanga,Montpellier,DF,19.0,153e48e0,FRA
15.361444,12.286976,5.608134,5.625569,9.062201,Antoine Joujou,Le Havre,"MF,FW",21.0,f9124307,FRA
14.278678,13.7979355,6.8746047,5.3481927,8.965348,Ibrahima Niane,Angers,FW,25.0,46faabfa,SEN
13.9097185,13.8248825,6.3487477,5.16308,9.202331,Theo Bair,Auxerre,FW,24.0,c724745e,CAN
12.9959755,11.663344,5.229732,4.906608,8.543262,Ulisses Garcia,Marseille,DF,28.0,c952f633,SUI
12.0985155,10.015392,5.10942,3.7854595,8.101732,Jérémy Jacquet,Rennes,DF,19.0,cef70c94,FRA
12.657124,10.346479,5.171414,4.8033037,9.102073,Baptiste Santamaria,Nice,MF,29.0,5e22e2a4,FRA
15.521278,11.86212,6.027362,5.4452415,8.845189,Khvicha Kvaratskhelia,Paris S,FW,23.0,dea88efd,GEO
13.813233,13.224248,6.1275797,4.916809,9.047028,Wesley Saïd,Lens,FW,29.0,90fcf472,FRA
13.468814,10.587343,5.406864,5.264268,8.113901,Ismaily,Lille,DF,34.0,cf182add,BRA
14.481906,12.251258,5.9069953,5.168787,9.315197,Romain Faivre,Brest,"MF,FW",26.0,745ca0a3,FRA
12.438892,10.728947,5.1781144,4.0062976,8.76177,Hiroki Sekine,Reims,DF,21.0,7304dd80,JPN
13.909539,13.26992,6.5086565,4.9590693,9.536898,Goduine Koyalipou,Lens,FW,24.0,2659a508,CTA
12.385593,9.224545,5.5102897,4.552451,8.179854,Lucas Hernández,Paris S,DF,28.0,c3ee18ef,FRA
12.590729,11.277244,5.50564,4.584362,9.490837,Mathis Amougou,Saint,MF,18.0,f93cca97,FRA
15.36714,12.53027,5.757814,5.4745073,9.236212,Mamadou Diakhon,Reims,"FW,MF",18.0,331c5a98,FRA
11.798178,9.871039,5.238462,3.0970638,8.270165,Mohamed Abdelmoneim,Nice,DF,25.0,bff15d74,EGY
13.650561,13.73404,6.68962,5.036632,9.289315,Koka,Le Havre,FW,31.0,9fc2531b,EGY
13.723679,11.117479,6.1414394,5.156561,9.274028,Zinedine Ferhat,Angers,"FW,MF",31.0,005c0807,ALG
13.180328,11.389949,5.6043983,4.894578,9.617538,Seko Fofana,Rennes,MF,29.0,5313ed43,CIV
12.536105,10.729279,5.0410266,4.4613996,8.240504,Antoine Mendy,Nice,DF,20.0,3322e296,SEN
14.188082,13.737169,6.49353,5.128509,8.71639,Ibrahim Sissoko,Saint,FW,28.0,a170541f,MLI
13.066529,12.203714,5.3730345,4.67104,8.92921,Louis Leroux,Nantes,"MF,DF",18.0,88972aa9,FRA
13.887956,11.723748,5.9870234,5.1197643,9.407184,Albert Grønbaek,Rennes,"MF,FW",23.0,0da5076f,DEN
14.050793,12.105712,5.324076,5.1046057,8.851071,Senny Mayulu,Paris S,MF,18.0,bac89b96,FRA
15.5508585,12.447174,6.133717,5.2971516,8.951715,Jonathan Rowe,Marseille,"FW,MF",21.0,8c12f884,ENG
12.508026,10.463366,4.7971287,4.517913,8.701954,Alidu Seidu,Rennes,DF,24.0,cea59f02,GHA
11.706692,10.1264305,5.664654,3.519284,8.484183,Yoann Salmier,Le Havre,DF,31.0,c3725db2,GUF
12.443319,10.946708,4.8164916,4.4883404,8.977842,Yvann Macon,Saint,DF,25.0,0bb6e193,FRA
12.27748,10.375423,5.1573143,4.622198,8.937475,Jordan Amavi,Brest,DF,30.0,22721b88,FRA
13.219287,11.038256,5.5507593,5.185601,8.859097,Tom Louchet,Nice,"DF,MF",21.0,f999e9be,FRA
13.772729,13.561161,6.3292923,5.2371826,9.643323,Sekou Mara,Strasbourg,"FW,MF",22.0,3544641e,FRA
11.77795,9.641347,5.39715,3.945912,9.072587,Maxime Bernauer,Saint,DF,26.0,43750e5d,FRA
11.594271,9.882364,5.3735266,3.6740289,9.116988,Boubakar Kouyaté,Montpellier,DF,27.0,562a4799,MLI
13.6615925,10.547583,5.823666,5.1986394,8.977553,Teddy Teuma,Reims,MF,30.0,5c26ca51,MLT
13.282132,11.638684,6.128101,4.879415,9.645066,Angel Gomes,Lille,MF,23.0,645a3363,ENG
14.011704,11.85674,6.2488227,5.1219335,9.504878,Saïd Benrahma,Lyon,"FW,MF",28.0,5a04fd92,ALG
13.871528,12.617693,6.1041126,5.1700873,9.673436,Augustine Boakye,Saint,"FW,MF",23.0,59e9edb5,GHA
13.2853155,11.341863,6.352272,4.8337455,9.488202,Mathieu Cafaro,Saint,"MF,FW",27.0,2a657da0,FRA
12.779428,10.998666,5.7803783,4.54481,9.655036,Rayan Raveloson,Auxerre,"MF,DF",27.0,fb3236a7,MAD
14.030232,13.419484,6.954485,4.6921067,9.137062,George Ilenikhena,Monaco,FW,17.0,78c3ad07,NGA
12.247764,10.872512,5.7291446,3.8197262,9.0950575,Lucas Mincarelli,Montpellier,DF,20.0,02b3733e,FRA
12.075062,11.22219,5.3053584,4.0371966,9.257095,Jacques Ekomie,Angers,"DF,FW",20.0,8d5016e6,GAB
11.854177,10.044625,5.527641,4.079993,8.8965645,Mikayil Ngor Faye,Rennes,DF,20.0,b37ae816,SEN
11.755701,10.152552,5.5252295,3.434548,8.801371,Abdulai Juma Bah,Lens,DF,18.0,7b505397,SLE
11.940894,11.097366,6.0074434,4.1267633,9.0950575,Pol Lirola,Marseille,DF,26.0,ff800ed8,ESP
12.309212,10.722057,5.495327,4.3547096,9.710798,Assane Dioussé,Auxerre,MF,26.0,7f622eef,SEN
12.53943,11.975776,5.7657447,4.3120594,9.184412,Glen Kamara,Rennes,MF,28.0,4da9191b,FIN
13.590348,13.161921,6.1820216,4.9629307,9.592082,Emmanuel Sabbi,Le Havre,"FW,MF",26.0,2e1b7c83,USA
13.810778,10.554296,5.191329,4.976288,9.021057,Ismaël Bennacer,Marseille,MF,26.0,db092d3b,ALG
13.978712,13.643302,6.8749304,5.047519,9.393652,Chuba Akpom,Lille,FW,28.0,e2b384d2,ENG
12.164033,11.313257,5.297483,4.5326996,9.526497,Luck Zogbé,Brest,DF,19.0,3725b44f,CIV
13.498123,12.767979,6.215737,4.956954,9.447682,Rémy Labeau Lascary,Lens,"FW,MF",21.0,c90f380c,GLP
13.145963,12.014265,5.9337797,4.828244,9.728438,Yaya Kader Fofana,Reims,"MF,FW",20.0,cedc53d2,MLI
11.755936,10.542979,6.021381,3.687748,8.851876,Rasmus Nicolaisen,Toulouse,DF,27.0,3f319bb9,DEN
14.127024,12.671764,6.795465,5.071097,9.289661,Marco Asensio,Paris S,"FW,MF",28.0,45af8a54,ESP
14.173846,13.354983,6.8023667,5.191528,9.475542,Folarin Balogun,Monaco,FW,23.0,31822f8c,USA
13.390675,13.335486,6.572392,4.8222,9.654241,Andy Delort,Montpellier,FW,32.0,d33c706e,ALG
12.787127,11.069991,6.0647216,4.2240753,9.346432,Jhoanner Chávez,Lens,"DF,MF",22.0,649b57e9,ECU
11.926016,10.673404,5.3294115,3.5050895,8.696791,Fodé Ballo-Touré,Le Havre,"DF,MF",27.0,f449640d,SEN
12.492093,10.980174,5.3204045,4.289582,9.77973,Nampalys Mendy,Lens,MF,32.0,1598599e,SEN
12.366694,11.348659,5.6688743,4.278484,9.772071,Mahamadou Diawara,Le Havre,MF,19.0,1906b842,FRA
11.8398075,10.572905,5.645693,3.4935622,9.084098,Nikola Maksimović,Montpellier,DF,32.0,16b9d5cf,SRB
11.729259,10.394438,5.442335,3.1779292,8.730046,Pierre Cornud,Saint,DF,27.0,edeb21ff,FRA
13.507033,13.936308,6.6183205,5.0813046,9.413778,Florian Ayé,Auxerre,FW,27.0,718b8afd,FRA
13.756231,13.465915,6.9086113,5.004788,8.983343,Elye Wahi,Marseille,FW,21.0,0d7b6576,FRA
12.692017,11.596302,5.8040953,4.564093,9.615955,Maxence Caqueret,Lyon,MF,24.0,f81ef10d,FRA
12.556128,12.034805,5.6737185,4.3423295,8.8418045,Jordan Teze,Monaco,DF,24.0,82e9b1bb,NED
12.284449,11.315882,5.884983,4.150401,9.772817,Daler Kuzyaev,Le Havre,MF,31.0,d4e93bab,RUS
12.11647,11.274274,5.5694165,4.372744,9.918871,John Joe,Reims,MF,20.0,fd01216a,IRL
13.518885,13.6099415,6.684125,4.815223,9.412739,Mohamed Meité,Rennes,FW,16.0,424cbbb3,FRA
11.580487,9.78688,5.4500394,3.3367953,8.815951,Andrew Omobamidele,Strasbourg,DF,22.0,c393a6c4,IRL
11.981084,11.152791,5.378938,3.9207394,9.199672,Jean-Kevin Duverne,Nantes,DF,27.0,0cbc8baa,HAI
13.503064,13.82004,7.066612,4.8756104,9.355332,Bamba Dieng,Angers,FW,24.0,40774c6b,SEN
13.0260105,12.394265,6.177638,4.6059875,9.705526,Ben Old,Saint,"FW,MF",21.0,e14e818c,NZL
13.417628,11.916634,6.265541,4.8489275,9.443524,Amine Harit,Marseille,MF,27.0,e7d59f4f,MAR
13.193854,12.9444685,6.233909,4.6941004,9.294639,Tino Kadewere,Nantes,"MF,FW",28.0,7d08063d,ZIM
12.262914,11.237197,5.072025,4.0651855,8.798914,Krépin Diatta,Monaco,"DF,FW",25.0,8104e41e,SEN
