UMAP_1,UMAP_2,UMAP_3,UMAP_4,UMAP_5,UMAP_6,UMAP_7,UMAP_8,UMAP_9,UMAP_10,player_name,equipe,positions,age,player_id,player_country_code
1.8121468,7.9001994,5.580852,-2.7357972,-8.114206,10.185704,3.9088588,7.7080064,5.551605,11.056669,Gautier Larsonneur,Saint,GK,27.0,b49729cb,FRA
-4.7122836,12.968387,9.419631,12.574704,5.8266153,9.075832,9.280522,8.301776,3.3492713,15.246998,Jordan Lefort,Angers,DF,30.0,c3e4ecbb,FRA
1.6508191,8.004889,6.10727,-2.6996403,-8.289156,10.069745,3.5938816,7.6766496,5.4331923,10.756964,Gerónimo Rulli,Marseille,GK,32.0,625c144a,ARG
1.8777531,8.020141,5.771734,-2.6268172,-8.160446,10.002778,3.3539727,7.6759667,5.633504,10.602912,Lucas Chevalier,Lille,GK,22.0,b3d76d84,FRA
1.9087471,8.067875,5.873105,-2.8626375,-8.583155,9.8251505,3.580606,7.812397,5.605132,10.861387,Marcin Bułka,Nice,GK,24.0,db87a2c4,POL
1.4616268,7.9483056,5.6940203,-2.719581,-8.139897,10.4510975,3.652237,7.9742928,5.2088113,11.18608,Yehvann Diouf,Reims,GK,24.0,eedea60b,SEN
1.802479,8.06863,5.6468725,-2.6747222,-8.317862,10.083837,3.429906,7.6769733,5.6923366,10.811111,Lucas Perri,Lyon,GK,26.0,5dbd461a,BRA
1.5509001,7.998489,5.6583805,-2.580179,-7.867466,10.307264,3.6380372,7.5517225,5.4686184,10.838443,Yahia Fofana,Angers,GK,23.0,9d420dad,CIV
1.9971814,7.9938,5.920805,-2.9377685,-8.313028,10.121599,3.6048357,7.765363,5.394129,10.867098,Marco Bizot,Brest,GK,33.0,3d214e5f,NED
1.6667013,7.9818616,5.5152183,-2.6488545,-8.138212,10.30172,3.7355335,7.8970504,5.324208,11.193831,Donovan Léon,Auxerre,GK,31.0,51c83a90,GUF
-3.8661149,11.959877,11.501168,11.611161,7.0015073,10.796045,9.086889,7.23655,4.0123386,15.266329,Andrey Santos,Strasbourg,MF,20.0,dd745366,BRA
-3.7100139,11.743834,11.397166,12.029714,6.5166078,10.8923855,9.002825,7.438095,3.5364034,15.837822,Valentin Atangana Edoa,Reims,MF,18.0,6b5edd5d,FRA
-4.1469417,12.064401,11.756016,11.728853,7.1055408,10.772391,9.605749,7.371499,2.9873552,14.506569,Himad Abdelli,Angers,"MF,FW",24.0,7978cbf0,ALG
-4.23906,11.321959,13.385115,10.986403,7.873197,11.799367,10.004084,7.291728,2.6183145,13.70541,Mason Greenwood,Marseille,"FW,MF",22.0,58eee997,ENG
1.5477066,8.095802,5.9438477,-2.6454518,-7.9757786,10.180496,3.430717,7.859106,5.1657906,10.91657,Đorđe Petrović,Strasbourg,GK,24.0,0cf321c8,SRB
-3.8460689,11.3469715,13.358022,10.999529,7.6402373,11.810934,10.176143,7.322653,2.3594334,14.494451,Zuriko Davitashvili,Saint,"FW,MF",23.0,88b4d2e3,GEO
-4.8650584,12.744367,9.544316,12.720139,5.963554,8.620911,9.0432,8.065981,3.5181015,15.511061,Gautier Lloris,Le Havre,DF,29.0,ac89503b,FRA
-3.4159102,11.114989,14.048477,11.568212,7.6822004,11.620401,11.172937,8.132022,2.932065,14.6602125,Matthis Abline,Nantes,FW,21.0,0e46fa2f,FRA
-5.38962,13.340157,9.878859,11.927946,6.41152,8.591938,9.1896305,7.810892,3.714428,14.1086855,Bafodé Diakité,Lille,DF,23.0,1bfb6fef,FRA
-4.4564414,12.25491,11.863729,11.094883,7.1319523,11.403639,9.062036,6.769996,2.528078,14.4779005,Adrien Truffert,Rennes,"DF,MF",22.0,5d0e0a1f,FRA
-5.0899534,13.283373,10.0469055,12.050634,6.396072,9.10516,9.084216,7.705527,3.8460295,14.535333,Moussa Niakhate,Lyon,DF,28.0,00242715,SEN
-4.874143,13.101414,10.518891,11.66911,6.5515723,9.788387,8.937989,7.3273535,3.2755558,14.414173,Guela Doué,Strasbourg,DF,21.0,b4ef3fb5,CIV
-5.2043033,13.322059,10.260397,11.698448,6.6567864,8.774323,9.369736,7.6390405,3.6940048,13.793327,Alexsandro Ribeiro,Lille,DF,24.0,102c9665,BRA
1.8041453,7.8264084,5.85903,-2.7904415,-8.081275,10.198904,3.7626178,7.7024384,5.353406,11.13296,Benjamin Lecomte,Montpellier,GK,33.0,2fa2a875,FRA
-4.0874696,11.966237,11.535449,11.3936205,7.2531066,10.681591,8.83959,6.831382,3.615573,15.14572,Cristian Cásseres Jr.,Toulouse,MF,24.0,f86fe8c1,VEN
-4.466259,12.343383,11.082694,11.534443,7.1556373,9.915312,8.833593,7.385433,3.8967485,14.910581,Benjamin André,Lille,MF,33.0,ef9c1c95,FRA
-4.320765,11.72525,12.886879,10.643928,7.7820687,11.696279,9.69631,6.8596554,2.3376515,14.163026,Gaëtan Perrin,Auxerre,"MF,FW",28.0,10dd88f9,FRA
-4.3523917,11.933099,12.5497055,10.856217,7.61597,11.695968,9.572132,6.7817726,2.2304826,14.146435,Junya Ito,Reims,"FW,MF",31.0,dbd3a428,JPN
-4.3226385,11.971639,12.057212,11.233285,7.4351068,11.365406,9.33582,6.821246,2.4081423,14.466148,Aron Dønnum,Toulouse,"DF,MF",26.0,10cff752,NOR
-4.5051093,12.486322,11.39377,11.194471,6.8816094,10.757426,8.833661,6.6616197,2.448275,14.64953,Kenny Lala,Brest,DF,32.0,770d7eb8,MAD
-4.5173454,12.661901,11.016657,11.707207,6.3862567,10.968157,8.3863735,6.7815065,2.597567,15.108018,Florent Hanin,Angers,DF,34.0,6bfb4303,ALG
-4.7446084,12.771655,11.126164,11.221668,7.0322766,9.474477,9.585866,7.401473,3.5104222,13.651261,Pierre Højbjerg,Marseille,MF,28.0,8b04d6c1,DEN
-3.9317002,11.605371,12.117998,11.517291,7.100372,11.150645,9.349269,7.637852,3.5967212,15.170192,Mahdi Camara,Brest,"MF,FW",26.0,8577e60a,FRA
-3.8489258,11.349875,13.673129,11.374972,7.5936356,11.686744,10.806567,8.014673,3.0465698,14.452792,Keito Nakamura,Reims,"FW,MF",24.0,d97af612,JPN
-4.803977,12.876204,9.029994,12.655209,5.862277,8.634861,8.957891,8.534036,3.2829967,15.777311,Jubal,Auxerre,DF,30.0,56ae428b,BRA
-5.3347597,13.040294,9.4838,12.388796,6.2428145,8.411749,9.032906,8.025771,3.7755785,15.003129,Ismaël Doukouré,Strasbourg,"DF,MF",21.0,0512a60a,FRA
-4.410761,12.654927,10.559234,12.507455,5.7761335,11.115262,8.564772,7.280727,2.8258483,15.446554,Léo Pétrot,Saint,DF,27.0,00638016,FRA
-4.9283085,13.064008,9.106769,12.955176,5.7356653,9.104401,9.020106,8.37171,3.649046,15.453229,Jean-Charles Castelletto,Nantes,"DF,MF",29.0,e0f3a1f6,CMR
-4.4835935,11.955342,11.825053,11.165102,7.5215807,10.389876,9.082403,7.283697,3.6646974,14.528004,Adrien Thomasson,Lens,MF,30.0,c76b7567,FRA
-4.413932,11.889036,12.482184,10.89415,7.468207,11.748594,9.773045,7.5486836,3.0693867,14.05741,Luis Henrique,Marseille,"DF,FW",22.0,f36d5624,BRA
-4.177517,11.471809,13.226167,11.193897,7.728328,12.2198715,9.910036,7.37631,2.3334801,14.139116,Moses Simon,Nantes,"FW,MF",29.0,5f3eaaf5,NGA
-4.7328434,13.078425,9.383467,12.070224,6.099589,8.543842,8.875908,8.249872,3.1668534,15.271695,Charlie Cresswell,Toulouse,DF,21.0,4654e5f5,ENG
-3.5038664,11.1601925,14.051113,11.683412,7.2458353,11.240715,11.099056,8.060237,2.8582556,14.328708,Arnaud Kalimuendo,Rennes,"FW,MF",22.0,bf4c41f9,FRA
-4.0942483,12.216838,10.918368,12.099514,6.741356,10.032503,9.376506,7.5146117,3.8045943,15.029866,Pierre Ekwah Elimby,Saint,MF,22.0,830371be,FRA
-4.3270154,11.895931,12.342964,11.303734,7.2660193,11.706145,9.4301405,7.387156,2.8448408,14.387879,Diego Moreira,Strasbourg,"DF,MF",19.0,12de1b0d,BEL
-3.91456,11.162298,13.688621,10.870668,7.594857,11.919989,10.4286175,7.7574654,2.9902625,14.083838,Evann Guessand,Nice,"FW,MF",23.0,b73f17f8,CIV
-3.3571794,11.046878,14.023689,11.692753,7.2572236,11.012435,10.903132,7.8035045,3.1129787,14.357958,Jonathan David,Lille,FW,24.0,ce50fd99,CAN
1.8561901,7.85891,5.7904687,-2.4168723,-8.493994,10.016584,3.24405,7.9451694,5.6523848,10.817659,Guillaume Restes,Toulouse,GK,19.0,6b91b999,FRA
-4.539833,12.934237,10.569361,11.727183,6.4542403,9.634272,9.219639,7.47407,3.4161668,14.297304,Facundo Medina,Lens,DF,25.0,6f5ec8bb,ARG
-4.1195545,12.330671,11.3572,12.184087,6.0160933,11.321477,8.7667465,7.233012,2.72744,15.245223,Sergio Akieme,Reims,DF,26.0,06efa9dc,ESP
-4.264526,11.808778,12.919451,10.885667,7.6853976,11.965855,9.870271,7.050737,2.412439,13.840676,Dilane Bakwa,Strasbourg,"MF,DF",21.0,2b5a35e5,FRA
-4.8125167,12.998956,9.345039,12.335374,6.1461782,8.622219,8.964184,8.036698,3.5525148,15.554044,Mark McKenzie,Toulouse,DF,25.0,a5f5d094,USA
-2.993266,10.48064,14.054469,11.311527,7.3526716,11.179877,11.321507,8.2752495,3.0506132,15.01094,Ludovic Ajorque,Brest,FW,30.0,462475ed,FRA
-4.4940033,12.71908,9.677274,12.2030115,5.9630814,9.012599,8.903007,8.324869,3.1766646,15.545488,Clément Akpa,Auxerre,DF,22.0,0abb5072,CIV
-4.4845896,12.337608,11.850949,11.126494,7.24828,10.673367,9.596718,7.4370008,3.5232441,13.9569,Adrien Rabiot,Marseille,MF,29.0,8794e251,FRA
-4.2484756,12.557311,10.997157,12.144185,6.0727253,11.161389,8.360308,7.0102963,2.588147,15.506922,Loïc Nego,Le Havre,"DF,FW",33.0,c3b6fa1e,HUN
-4.787348,12.902366,10.9982395,11.325365,6.859504,9.884661,9.101183,7.2739725,3.4990435,14.117874,Michael Amir Murillo,Marseille,DF,28.0,349cae8f,PAN
-4.184301,11.892089,11.775425,11.567534,7.247195,10.671399,9.037219,7.5555453,3.870479,14.950429,Hicham Boudaoui,Nice,MF,24.0,f9d5908e,ALG
-4.7897263,12.913249,9.193174,12.415525,5.8427544,8.591709,8.886707,8.656962,3.110572,15.45531,Brendan Chardonnet,Brest,DF,29.0,16aa7d4c,FRA
-4.354149,11.770015,12.944598,11.104736,7.941716,11.857107,10.005192,7.426794,2.9686294,13.572512,Maghnes Akliouche,Monaco,"FW,MF",22.0,b625b241,FRA
-4.056187,11.924061,11.814007,11.310443,7.3829975,10.704479,9.388745,6.7866755,2.849299,14.726165,Vincent Sierro,Toulouse,MF,28.0,92ffb8f9,SUI
-5.281924,13.193067,9.898958,11.828669,6.4871645,8.32368,9.08916,7.801262,3.6087525,14.350407,Thilo Kehrer,Monaco,DF,27.0,51dbeea9,GER
-4.829799,13.09582,10.41352,11.647147,6.4357886,9.338371,8.90457,7.4703603,3.4561265,14.502116,Clinton Mata,Lyon,DF,31.0,55abe554,ANG
-5.012804,13.36098,9.529387,12.159086,6.138334,8.84482,9.459115,7.978008,3.5787406,14.344484,Mamadou Sarr,Strasbourg,DF,18.0,61f80c89,FRA
-4.2030964,11.850149,12.363061,10.903222,7.6062512,11.227882,9.501109,6.6122036,2.1685967,14.333782,Téji Savanier,Montpellier,MF,32.0,6bde367b,FRA
-4.6198173,12.480399,11.647672,11.309606,6.927858,11.3528595,9.18079,7.2632046,2.8149707,14.298564,Lorenz Assignon,Rennes,"DF,MF",24.0,b026bbf6,TOG
-3.7651658,11.643088,12.348196,11.827952,6.952437,11.0181265,9.811091,7.463792,3.0516977,14.782782,Habib Diarra,Strasbourg,"MF,FW",20.0,6d0fe035,SEN
-4.254484,12.568898,10.89644,11.919312,6.71184,9.685454,9.3467,7.500674,3.6330607,14.62477,Pedro Chirivella,Nantes,MF,27.0,68a26d51,ESP
-3.7532034,11.700487,11.221219,12.078532,6.6284065,10.615018,8.964763,7.6032033,3.9026396,15.902601,Elisha Owusu,Auxerre,MF,26.0,e2781082,GHA
-4.11112,11.563131,13.3387165,11.380439,7.821034,12.151669,10.318304,7.878314,2.782757,13.994717,Yann Gboho,Toulouse,"MF,FW",23.0,6be41a31,FRA
-4.5867443,12.365285,11.62257,11.115775,7.3381653,10.165474,9.378603,7.287438,3.7495615,14.015455,Corentin Tolisso,Lyon,MF,29.0,652d4c37,FRA
-3.7269871,11.691529,11.702264,11.926313,6.8374877,10.601245,9.616243,7.3405995,3.1881394,15.173077,Abdoulaye Touré,Le Havre,MF,30.0,ef7cd87a,GUI
-3.8774688,12.101901,11.16656,12.189524,6.414897,10.535185,8.93691,7.485969,3.7139466,15.503542,Hugo Magnetti,Brest,MF,26.0,d4d35152,FRA
-4.836018,12.939523,9.277032,13.070566,5.7002335,9.323168,9.258425,8.450318,3.623062,15.253278,Etienne Youte Kinkoue,Le Havre,DF,22.0,12a4e38c,FRA
-3.8777184,11.885275,11.262066,11.840078,6.886227,10.317188,9.086646,7.328965,3.9357486,15.442334,Douglas,Nantes,MF,27.0,301c287b,BRA
-5.072745,12.781861,9.216147,12.718896,6.0575223,8.332566,9.105982,8.36914,3.3957937,15.414928,Mickael Nade,Saint,DF,25.0,a6b6fa6e,FRA
-4.3841047,12.042672,12.308046,10.666297,7.601326,11.168534,9.375147,6.549242,2.5070977,14.202609,Jonathan Clauss,Nice,"DF,MF",31.0,5219ab4a,FRA
-3.432493,11.075186,13.873205,11.0631075,7.521906,11.8516245,10.6357,7.6031446,2.6589172,14.284533,Lassine Sinayoko,Auxerre,"FW,MF",24.0,5e5249c8,MLI
-4.1093755,11.504225,12.948026,10.966754,7.687284,11.896994,9.641978,7.1138115,2.5200717,14.42826,Ludovic Blas,Rennes,"MF,FW",26.0,6191093d,FRA
-3.326268,11.25942,13.885784,11.504403,7.469813,11.208229,11.602312,8.00658,3.5728807,14.2029505,Emanuel Emegha,Strasbourg,FW,21.0,a0c590b9,NED
-4.625366,12.60116,11.06382,11.731356,6.595225,11.052342,8.678581,6.9555025,2.5113578,14.918398,Gideon Mensah,Auxerre,DF,26.0,9bdd8118,GHA
-5.032149,13.276822,10.247063,11.629593,6.4986167,9.073492,9.443661,7.6211743,3.5112684,13.769097,Leonardo Balerdi,Marseille,DF,25.0,7c3ed041,ARG
-3.847283,11.5466385,13.395429,11.276165,7.5502625,11.377314,10.608817,7.6130214,3.1955218,14.084238,Takumi Minamino,Monaco,"MF,FW",29.0,f833a830,JPN
-4.2028003,11.768768,12.476214,11.549559,7.532106,11.471708,9.840519,7.702074,3.029208,14.339202,Andy Diouf,Lens,MF,21.0,9b5237b1,FRA
-5.2102766,13.47622,9.651443,12.175856,6.0746427,9.090802,9.18711,7.928802,3.690273,14.340928,Moïse Bombito,Nice,DF,24.0,c2f23fc8,CAN
-4.9627376,13.410223,9.355836,12.610417,5.731635,9.195952,9.173552,8.160109,3.6516783,14.93165,Cédric Kipré,Reims,DF,27.0,9f30e7ed,CIV
-4.355494,11.693718,13.119662,10.809724,7.808594,11.921679,10.263561,7.562153,3.1331768,13.392286,Bradley Barcola,Paris S,FW,21.0,a0d55a09,FRA
-4.1412354,12.3213215,11.118607,12.371052,5.765936,11.424221,8.521666,7.3397074,2.6871746,15.628487,Kelvin Amian,Nantes,DF,26.0,bcc81786,FRA
-4.524553,12.227905,11.792693,10.944346,7.383268,11.042559,8.823011,6.546228,2.6797633,14.545573,Gabriel Suazo,Toulouse,DF,26.0,39b326ed,CHI
-4.1021934,11.949748,11.632162,11.46425,7.1760726,10.603773,9.124992,7.227196,4.1684356,14.845543,Denis Zakaria,Monaco,MF,27.0,384d58d9,SUI
-4.723606,12.540555,9.503208,12.683294,5.869393,8.693245,8.945554,8.26244,3.3176103,15.845881,Modibo Sagnan,Montpellier,DF,25.0,76d679c7,MLI
-5.0737906,13.400093,10.027663,11.5705185,6.452741,8.740933,9.202922,7.625832,3.5253236,14.075428,Willian Pacho,Paris S,DF,22.0,ecbe2839,ECU
-4.614127,12.58816,10.665856,12.122476,6.171624,11.314289,8.634089,7.231633,2.4041905,15.328731,Dennis Appiah,Saint,DF,32.0,feb5d3ab,FRA
-4.596914,12.568333,11.2720585,11.505016,6.401012,11.503417,8.667391,7.0904436,2.485151,14.804034,Ki-Jana Hoever,Auxerre,DF,22.0,9a71e978,NED
-4.6132393,13.001231,9.9829445,12.034733,6.256867,9.092404,8.984413,7.8315067,3.451284,14.933847,Jonathan Gradit,Lens,DF,31.0,06c48679,FRA
-4.1815944,11.723978,12.9157505,10.635901,7.6930737,11.483852,9.864449,6.8780165,2.7510333,14.270642,Sebastian Nanasi,Strasbourg,"MF,FW",22.0,ce747d2a,SWE
-4.560961,12.709422,11.066357,11.398535,6.6254582,10.464078,8.472048,6.978113,3.0353642,14.844223,Djibril Sidibé,Toulouse,DF,32.0,4c5b714f,FRA
-3.661114,11.385495,11.963851,11.763193,6.8594666,11.240262,9.279381,7.720809,3.292821,15.803797,Yassine Kechta,Le Havre,"MF,FW",22.0,abefc3af,MAR
-4.8588514,13.116807,10.125433,11.739842,6.42029,8.704233,8.915376,7.675194,3.293767,14.595326,Wilfried Singo,Monaco,DF,23.0,8b609c34,CIV
-3.9005992,11.296297,13.328703,11.074579,7.674385,11.970057,10.096996,7.7451067,2.7811956,14.633525,Hamed Junior Traorè,Auxerre,MF,24.0,570bb4b9,CIV
1.8037286,8.2417965,5.791624,-2.6640587,-8.510306,9.797079,3.5356119,7.711972,5.724031,10.562023,Gianluigi Donnarumma,Paris S,GK,25.0,08f5afaa,ITA
-4.0160894,12.037082,11.104943,11.873593,6.886384,10.35155,8.975478,7.276521,4.1849465,15.242118,Azor Matusiwa,Rennes,MF,26.0,a17a94d6,NED
-4.791466,12.673174,11.434804,11.010187,7.2552977,9.975087,9.426613,7.162555,3.447512,13.717114,Achraf Hakimi,Paris S,DF,25.0,e42d61c7,MAR
-4.992266,12.646191,11.117691,11.067275,6.925379,10.906342,8.491131,6.9960127,2.7380073,14.558359,Vanderson,Monaco,DF,23.0,ee45fd85,BRA
-4.412278,11.988314,11.913357,10.8997555,7.6832314,10.702795,9.143869,6.621699,2.899788,14.4586735,Lamine Camara,Monaco,MF,20.0,19c2ffa4,SEN
-3.4479663,11.259346,14.21173,11.465686,7.5131793,11.05275,11.175059,7.9123,3.1759489,14.075207,Alexandre Lacazette,Lyon,FW,33.0,9dbb75ca,FRA
-4.064902,12.118833,11.079225,12.194967,6.0036683,11.434983,8.637055,7.4231744,2.7915423,15.824335,Nicolas Cozza,Nantes,"DF,MF",25.0,8f325097,FRA
-4.5819707,12.655167,11.301947,11.3156185,7.1728315,9.534577,9.51901,7.3517036,3.756525,13.880817,Warren Zaïre-Emery,Paris S,"MF,DF",18.0,6b9960cf,FRA
-3.8814697,11.655706,11.79424,11.760098,6.8606067,11.044186,8.993389,7.7470574,3.6877508,15.685472,Johann Lepenant,Nantes,MF,21.0,1e52971c,FRA
-4.2587934,12.397798,10.978699,11.967605,6.1786394,11.008669,8.507555,7.146077,2.7684221,15.530546,Carlens Arcus,Angers,DF,28.0,5e837126,HAI
-4.861951,12.8859625,11.022011,11.319311,7.053989,9.331087,9.539688,7.409984,3.6515443,13.673015,Vitinha,Paris S,MF,24.0,3b029691,POR
-4.559984,11.964191,12.734556,10.727421,7.9366593,11.604991,9.919752,7.0430984,2.5455647,13.489176,Rayan Cherki,Lyon,"FW,MF",20.0,b34c63a5,FRA
-5.0043635,13.128882,10.602624,11.502925,6.778468,9.124967,9.180082,7.436485,3.6977298,14.051892,Geoffrey Kondogbia,Marseille,"DF,MF",31.0,cce181df,CTA
-4.895698,12.827198,9.201424,12.615671,5.7719297,8.619244,8.74455,8.474802,3.1225274,15.72192,Nicolas Pallois,Nantes,DF,36.0,779847d6,FRA
-5.009338,12.88658,9.333243,13.047998,5.9001727,9.038108,9.23128,8.436699,3.579816,15.098372,Dylan Batubinsika,Saint,DF,28.0,37d39918,COD
-5.2101026,13.291363,10.488132,11.5493,6.7912364,8.87624,9.393402,7.4944863,3.712825,13.663567,Lucas Beraldo,Paris S,DF,20.0,b8aedf06,BRA
-4.500501,12.694843,10.940082,11.690648,6.857802,9.597197,9.268022,7.456461,3.7789102,14.399973,Nemanja Matić,Lyon,MF,35.0,eb7822d7,SRB
-3.2157474,11.064711,13.75253,11.3122635,7.560386,11.883686,10.461323,7.631785,2.5510683,14.733838,Josué Casimir,Le Havre,"FW,MF",22.0,481f76cf,FRA
-4.987192,12.593765,11.26634,11.010661,7.039778,10.78211,8.501598,7.044011,3.0418012,14.456701,Ainsley Maitland-Niles,Lyon,DF,26.0,e3a5814e,ENG
-4.210826,12.433074,11.085282,12.07893,6.118562,11.28852,8.491585,7.139623,3.130472,15.3961115,Aurélio Buta,Reims,DF,27.0,b4705807,POR
-4.851652,13.266051,9.925107,11.683655,6.220286,8.90186,9.113325,7.6796837,3.4736907,14.425276,Dante,Nice,DF,40.0,fd2bc67d,BRA
-3.6687284,11.581766,11.521942,11.881487,6.721256,10.921951,9.075711,7.5764503,3.7437563,15.928638,Jean-Eudes Aholou,Angers,MF,30.0,48b28bfd,CIV
-5.077772,12.677368,9.355017,12.752796,5.993441,8.483041,8.858683,8.393767,3.4046433,15.573669,Sinaly Diomande,Auxerre,DF,23.0,6de23ab0,CIV
-4.8375473,12.790502,11.045349,11.204629,6.4622946,10.992675,8.542266,7.1615973,2.5961344,14.520574,Melvin Bard,Nice,"DF,MF",23.0,1ddbc7ca,FRA
-5.467864,13.229264,9.799368,12.012195,6.4074326,8.552092,8.980142,7.768429,3.8056889,14.499789,Youssouf Ndayishimiye,Nice,DF,25.0,65c55288,BDI
-4.642334,12.311325,11.878468,10.711072,7.557573,10.743983,9.195163,6.574456,2.656727,14.025014,Caio Henrique Oliveira Silva,Monaco,DF,27.0,30af8b93,BRA
-4.9378095,12.996352,10.952689,11.281841,6.762545,10.726223,8.757437,6.988226,2.8666975,14.293628,Thomas Meunier,Lille,DF,32.0,e162b013,BEL
-4.4342937,12.478517,11.685645,11.186254,7.292704,10.000106,9.701368,7.3194566,3.6540167,13.782073,Fabián Ruiz Peña,Paris S,MF,28.0,c0c7ff58,ESP
-3.5361373,10.855032,13.586942,11.3302145,7.523922,11.798649,10.644968,7.9093194,2.5983067,14.909403,Issa Soumaré,Le Havre,"FW,MF",23.0,1d8aa290,SEN
-4.7026978,12.811752,11.089294,11.240579,7.0330777,10.559164,8.734916,7.056352,3.4765508,14.502884,Nicolás Tagliafico,Lyon,DF,31.0,f0661424,ARG
-3.0761688,11.101366,14.293796,11.498191,7.44919,11.514563,11.15426,7.771959,3.010035,14.338551,Zakaria Aboukhlal,Toulouse,"MF,FW",24.0,c2a6033c,MAR
-4.4416575,12.541498,10.799323,12.239236,5.9227786,11.43922,8.507037,7.1538587,2.525331,15.466741,Enzo Tchato,Montpellier,DF,21.0,7f783431,CMR
-3.7638547,11.357364,12.996368,10.97883,7.5832367,11.953303,9.971522,7.188354,2.2131975,14.560369,Farid El Melali,Angers,FW,27.0,d21e361a,ALG
-3.9873097,12.048864,10.671019,12.474881,6.2067842,10.432723,9.14494,7.6700363,3.444086,15.730754,Joris Chotard,Montpellier,MF,22.0,7909ffa4,FRA
-3.5017314,10.777941,14.020779,11.258389,7.4271603,11.114478,10.966502,8.1283,2.946511,14.624013,Lucas Stassin,Saint,FW,19.0,a47d6f3a,BEL
-4.7629805,12.504827,11.464406,11.118359,7.291988,9.917331,9.3731985,7.3578167,3.8147464,13.846906,João Neves,Paris S,"MF,DF",19.0,c2a15a27,POR
-3.2446268,11.32795,13.911316,11.365908,7.512232,11.22656,11.16556,7.6154666,3.2842886,13.928502,Breel Embolo,Monaco,"FW,MF",27.0,0b4f388a,SUI
-3.5773792,11.101132,14.397699,11.378589,7.4587803,11.16653,11.251207,7.7306466,2.9934661,13.978798,Gaëtan Laborde,Nice,FW,30.0,7cdda3bf,FRA
-4.411486,12.260075,11.682804,11.521659,6.652581,11.5484,8.960471,7.233424,2.620713,14.72921,Deiver Machado,Lens,"DF,MF",30.0,b3f8bdef,COL
-4.879395,12.704959,9.369238,13.028649,5.730391,9.291889,8.931566,8.460133,3.4971378,15.660383,Becir Omeragic,Montpellier,DF,22.0,c284d6fb,SUI
-4.130625,11.924454,12.313008,11.518976,7.343565,11.1609955,9.967893,7.4142075,2.9390264,14.223381,Florian Sotoca,Lens,"FW,MF",33.0,7a42d0df,FRA
-3.9138558,12.05185,11.161961,11.898368,6.5124497,10.710839,8.608862,7.4635386,3.9223332,15.80287,Haris Belkebla,Angers,MF,30.0,2b1bed19,ALG
-4.5132537,12.411416,11.422881,11.730041,6.638803,11.348797,8.988687,7.2457275,2.6600761,14.671848,Gabriel Gudmundsson,Lille,DF,25.0,d5d22a58,SWE
-3.9848084,11.558222,12.658941,11.357136,7.3311753,11.32401,9.749604,7.6766806,3.3708637,14.826721,Félix Lemaréchal,Strasbourg,"MF,FW",20.0,8ca9415f,FRA
-3.6155841,11.707381,11.463046,11.862697,6.770579,10.5842495,9.27321,7.234903,3.6986806,15.568625,Pablo Rosario,Nice,"MF,DF",27.0,1a6b7ea4,DOM
-4.172122,12.406196,10.809649,12.245555,6.5685763,10.087321,9.4580965,7.485407,3.6763499,14.756657,Jordan Ferri,Montpellier,MF,32.0,375622c5,FRA
-4.061223,12.079826,11.318429,12.118081,6.870922,10.457298,9.622208,7.6260567,3.328253,14.877691,Benjamin Bouchouari,Saint,MF,22.0,599f9013,MAR
-4.4371915,11.796457,12.511237,10.809474,7.966292,11.605525,9.627606,6.9190745,2.7347443,14.066669,Hákon Arnar Haraldsson,Lille,"MF,FW",21.0,e2ae54db,ISL
-3.2649245,11.35415,13.637438,11.658715,7.5325336,11.791864,10.706781,7.8280816,2.7919807,14.660046,Jim Allevinah,Angers,FW,29.0,1956b948,GAB
-4.5812674,11.706577,12.997741,10.981573,8.115507,11.677467,9.901124,7.221436,2.4969554,13.4934635,Eliesse Ben Seghir,Monaco,"MF,FW",19.0,3bd65247,MAR
-4.474421,12.960941,10.430849,11.974522,6.4931746,9.276544,9.235929,7.6206713,3.5656564,14.586711,Aïssa Mandi,Lille,DF,32.0,fbd6378b,ALG
-4.508524,11.680884,13.184387,10.569231,7.987421,11.852591,10.173703,7.265777,2.6826417,13.46167,Ousmane Dembélé,Paris S,FW,27.0,b19db005,FRA
-4.551747,11.584897,12.938827,10.752656,7.883656,11.791016,9.750495,7.3364396,3.0388258,13.586559,Désiré Doué,Paris S,"FW,MF",19.0,9e7483ff,FRA
-5.063754,13.108607,10.497686,11.440189,6.789797,8.790706,9.367837,7.5457654,3.5728793,13.829435,Marquinhos,Paris S,DF,30.0,d5f2f82b,BRA
1.7660164,8.291704,5.69222,-2.7549343,-8.278904,9.991126,3.8282018,7.589138,5.491947,10.570611,Philipp Köhn,Monaco,GK,26.0,ff74841d,SUI
-4.666796,12.920792,9.219995,12.419173,5.9491096,8.463524,9.04593,8.322879,3.1931012,15.62412,Abdoulaye Niakhate Ndiaye,Brest,DF,22.0,b8cd2ae4,SEN
-4.753223,13.452262,9.653976,12.505446,5.9680624,9.098557,9.424758,8.004606,3.492976,14.4342785,Joseph Okumu,Reims,DF,27.0,039f1983,KEN
-3.1079981,10.934472,13.496657,11.575696,7.2154603,11.539377,10.872599,8.157341,3.1869879,15.399478,Marshall Munetsi,Reims,MF,28.0,2acf0cd7,ZIM
-3.8595958,11.473769,11.642676,11.764426,6.9487348,11.0023365,9.149305,7.875336,3.2341304,15.982997,Rabby Nzingoula,Montpellier,MF,18.0,627c7a3d,FRA
-4.5663357,12.891486,10.495557,11.7772665,6.357573,9.518892,8.827787,7.4243116,3.4077058,14.854571,Hans Hateboer,Rennes,DF,30.0,3b333ac3,NED
-4.335964,12.614858,11.117737,11.83436,6.038406,11.386399,8.32457,6.9457574,2.6369722,15.203112,Massadio Haïdara,Brest,DF,31.0,5167c97e,MLI
-4.750313,12.615465,11.605708,11.014753,7.39809,9.875239,9.65351,7.228849,3.492432,13.511762,Nuno Mendes,Paris S,DF,22.0,f20e4cc9,POR
-3.4543602,10.860682,14.208235,11.499985,7.366816,11.792998,11.176821,7.889647,3.0066102,14.576952,Joshua King,Toulouse,"FW,MF",32.0,43458538,NOR
-4.6265845,12.17927,12.207149,10.828686,7.7758756,10.875844,9.67069,6.953083,2.8394752,13.6238365,Lee Kang-in,Paris S,"FW,MF",23.0,8455ad90,KOR
-4.856397,12.928735,9.133948,12.820356,5.915083,8.942741,8.9983015,8.2374,3.7063468,15.802436,Gabriel Osho,Auxerre,DF,25.0,cd889153,NGA
-3.4172826,10.862104,13.973427,11.398154,7.327298,11.275795,11.256382,8.341132,3.138679,14.869305,Esteban Lepaul,Angers,FW,24.0,85ce1949,FRA
-3.3008718,11.084215,13.755376,11.770346,7.3969584,11.660373,11.129458,8.124797,3.1426811,14.67075,Oumar Diakité,Reims,FW,20.0,44435c8f,CIV
-3.9217434,11.452112,13.501011,11.134723,7.7406425,12.11776,10.416976,7.6585855,2.7296755,14.074508,Mohamed Ali Cho,Nice,"FW,MF",20.0,f8405304,FRA
1.6786361,8.064005,5.7231555,-2.5919042,-8.154258,10.027226,3.93971,7.5383863,5.6518273,11.031632,Arthur Desmas,Le Havre,GK,30.0,e8c5dd4d,FRA
-4.658978,12.393171,11.895022,10.807978,7.4527946,10.736071,9.376016,6.8888636,2.997183,13.821016,Quentin Merlin,Marseille,DF,22.0,0bfca6a1,FRA
-4.278372,11.625966,13.144762,10.910434,7.6871204,12.33575,10.189111,7.7471223,2.882119,13.807341,Malick Fofana,Lyon,FW,19.0,8236f673,BEL
-4.0375743,12.022991,11.706133,11.174855,7.2479625,10.77656,9.150292,6.660274,3.2100718,14.904315,Neil El Aynaoui,Lens,MF,23.0,17e1261b,MAR
-4.7918754,13.361262,9.222621,12.2907915,6.064006,8.556552,9.230125,8.219742,3.302937,14.788522,Duje Ćaleta-Car,Lyon,DF,27.0,94f8d10c,CRO
-4.097097,11.567659,12.784871,10.56136,7.6230507,11.72988,9.491908,6.779154,2.3421931,14.583618,Mathias Pereira Lage,Brest,"FW,MF",27.0,8846a40f,POR
1.7487131,7.819732,5.8898935,-2.3877995,-8.122476,10.154386,3.547617,7.832186,5.4972124,10.915928,Anthony Lopes,Nantes,GK,33.0,f00de885,POR
-4.893006,12.800538,11.168977,11.171123,7.174626,9.560603,9.35857,7.269181,3.722041,13.788983,Valentin Rongier,Marseille,"MF,DF",29.0,ed45c4a5,FRA
-4.0675077,12.35493,11.349898,11.543569,7.016188,10.140326,9.270998,7.1054926,3.7400444,14.6177635,Jordan Veretout,Lyon,MF,31.0,4a56052c,FRA
1.7062958,8.090914,5.9305167,-2.6377876,-7.8933506,10.103718,3.5142543,7.6646023,5.4511824,10.947101,Brice Samba,Rennes,GK,30.0,60d90c55,FRA
-4.27877,12.20926,11.323052,11.60556,7.2211804,9.807497,9.340927,7.380389,3.9348955,14.54549,Pierre Lees-Melou,Brest,MF,31.0,f5044e54,FRA
-3.7935479,11.656907,11.492277,11.937775,6.567528,10.963628,8.786589,7.741298,3.6325467,16.051445,Yassin Belkhdim,Angers,MF,22.0,e21d1928,FRA
-3.1828027,10.796273,14.450914,11.526791,7.482462,11.56795,11.484931,8.052077,3.151663,14.885423,Frank Magri,Toulouse,"FW,MF",24.0,42fdb11d,CMR
-4.783104,13.009675,9.573658,12.544339,5.7515717,9.095926,8.76312,8.071787,3.606988,15.472303,Nathan Zeze,Nantes,DF,19.0,fb4c5b6e,FRA
-4.6643443,12.616591,9.549586,12.9338,5.863327,9.287051,9.016568,8.131781,3.8043253,15.847,Abdoulaye Bamba,Angers,DF,34.0,7fecbcdb,CIV
-4.6119885,13.245678,9.794368,11.969253,6.322895,8.988078,8.750206,7.8366776,3.240414,15.205109,Christian Mawissa,Monaco,DF,19.0,2c70d915,FRA
1.6810232,8.133366,5.6289306,-2.5324843,-8.022459,10.098226,3.726576,7.7597756,5.3887873,10.918062,Steve Mandanda,Rennes,GK,39.0,1d2d5cc8,FRA
-3.4924932,11.233868,13.013519,11.677289,7.379836,11.949483,10.466799,7.9760504,2.685251,15.10993,Tanguy Coulibaly,Montpellier,"FW,MF",23.0,05ba9d7c,FRA
-3.1066594,11.182989,13.910025,11.431347,7.4558992,11.661276,11.550653,7.987567,3.4066908,14.353226,M'Bala Nzola,Lens,FW,27.0,a4948e67,ANG
-4.253497,11.896819,11.672023,11.529909,7.322161,10.097133,8.828208,7.5772147,3.8726692,15.14957,Kévin Danois,Auxerre,MF,20.0,e76f6fbe,FRA
-5.0629487,13.367123,9.2846155,12.410374,5.7926617,8.827181,8.65752,8.34251,3.2862804,14.959523,Christopher Wooh,Rennes,DF,22.0,b003239d,CMR
-2.9176815,10.775359,14.124661,11.488846,7.2460847,11.469916,11.195672,8.159067,3.1139424,15.26413,André Ayew,Le Havre,FW,34.0,5dbefa9d,GHA
-3.6292942,11.023928,14.052307,11.254175,7.4562173,11.262831,10.733718,7.706285,2.8046832,14.025074,Georges Mikautadze,Lyon,FW,23.0,4788cb6b,GEO
1.4543296,8.008166,5.8690395,-2.5810955,-7.95555,10.320754,3.7943435,7.7840476,5.1891675,10.847397,Mathieu Gorgelin,Le Havre,GK,33.0,4d3e9033,FRA
-4.928656,13.511048,9.78169,11.935572,6.0499916,9.172237,9.2749815,7.841547,3.298465,13.992881,Derek Cornelius,Marseille,DF,26.0,577744b8,CAN
-4.4597754,12.084159,12.205782,10.741337,7.5314784,11.511782,9.326496,6.5218,2.1382265,14.098656,Anass Zaroury,Lens,"FW,MF",23.0,07d65234,MAR
-4.781774,12.532583,11.611439,10.893134,7.0495105,11.376085,8.762519,6.9759974,2.7107744,14.400549,Ali Abdi,Nice,"DF,MF",30.0,ad7cdb35,TUN
-4.672775,12.584307,11.471455,10.914708,7.17794,10.531748,9.133306,6.741235,2.909615,14.092362,Przemysław Frankowski,Lens,DF,29.0,00a8d210,POL
-4.600534,12.886294,9.873273,12.64254,6.221804,9.295458,9.457333,8.063537,3.507543,14.729457,Malang Sarr,Lens,DF,25.0,4315f30d,FRA
-5.032855,13.1355,9.160329,12.685308,5.695932,8.981387,8.732392,8.732777,3.2022824,15.153062,Julien Le Cardinal,Brest,DF,26.0,547a72ad,FRA
1.9211824,8.131745,5.786943,-2.7590992,-8.279128,9.982661,3.8357248,7.6309676,5.587294,10.788658,Radosław Majecki,Monaco,GK,24.0,20de219a,POL
-4.953681,12.515026,9.613009,12.858961,5.981181,8.929141,8.952578,8.1003475,3.6298978,15.763825,Emmanuel Biumla,Angers,DF,19.0,e5a94f46,FRA
-4.020806,11.709942,11.983934,11.473967,7.3092074,11.0588,9.079145,7.180418,3.8028631,15.0323105,Kamory Doumbia,Brest,"MF,FW",21.0,9226aa22,MLI
-4.271479,11.980831,12.265138,10.793681,7.4221807,11.687181,9.330041,6.556299,2.3455238,14.517177,Sorba Thomas,Nantes,"FW,MF",24.0,8725a42e,WAL
-4.408224,12.344644,11.159279,11.808587,6.4836946,11.60913,8.877867,7.015917,2.0409925,15.168776,Lilian Raolisoa,Angers,"DF,FW",24.0,79a793b7,FRA
-3.9629347,11.999248,10.964038,11.859921,6.7390723,10.266771,8.659771,7.3298707,3.898978,15.761814,Amadou Koné,Reims,MF,19.0,2eb1ec07,MLI
-4.5471964,11.744064,13.017815,10.949485,7.866567,12.071322,10.045876,7.7602267,2.9499428,13.656436,Osame Sahraoui,Lille,"FW,MF",23.0,6f9fa232,MAR
-4.3064175,12.525121,11.23266,11.620195,6.9967,9.662942,9.545165,7.4349194,3.6914897,14.18557,André Gomes,Lille,MF,31.0,1961b2aa,POR
1.8604215,7.8736005,5.754751,-2.4690619,-8.182714,9.954395,3.676764,7.6191764,5.775616,10.709135,Mathew Ryan,Lens,GK,32.0,4535e4bb,AUS
-4.5682034,13.335896,10.02337,12.110383,6.251038,8.969825,9.457753,7.793911,3.3825989,14.279513,Emmanuel Agbadou,Reims,DF,27.0,75f1ed80,CIV
-4.191125,11.70939,12.729747,10.82513,7.6624904,11.644462,9.551972,6.5889926,1.9492486,14.194812,Romain Del Castillo,Brest,FW,28.0,0be95d34,FRA
-3.02009,10.531027,14.287808,11.509756,7.414399,11.412772,11.443424,8.012718,3.0435727,14.693583,Mostafa Mohamed,Nantes,FW,26.0,595e6f3e,EGY
-4.3382964,12.557175,10.987173,11.94342,6.8293853,9.846965,9.688364,7.399794,3.529767,14.264349,Florian Tardieu,Saint,MF,32.0,ed39121c,FRA
-5.410781,13.04225,9.550767,12.32573,6.2782764,8.233073,8.907509,8.005984,3.711846,14.92931,Arouna Sangante,Le Havre,DF,22.0,17bb562c,SEN
-3.5814037,10.6540575,14.000539,11.4663315,7.403348,11.359492,11.236093,8.2461605,2.9695387,14.535744,Abdallah Sima,Brest,"FW,MF",23.0,fdbde523,SEN
-4.0989475,12.366311,11.048175,11.834673,6.912965,9.477359,9.293396,7.4703035,4.0274835,14.800639,Tanner Tessmann,Lyon,MF,22.0,ac277993,USA
-4.9225945,13.267556,10.169336,12.062121,6.4226418,8.940919,9.41468,7.6417303,3.542165,14.072876,Lilian Brassier,Rennes,DF,24.0,5b146df3,FRA
-4.2760015,12.520789,10.551969,12.683496,5.8196216,10.967098,8.866683,7.3764973,3.0373497,15.358842,Falaye Sacko,Montpellier,DF,29.0,6388e356,MLI
-3.5470748,10.990637,14.12757,11.378401,7.352344,10.749819,11.056026,7.885981,3.071705,14.02928,Mika Biereth,Monaco,FW,21.0,a1d95db3,DEN
-4.7873726,13.092864,9.553016,12.38673,6.104407,8.49958,8.97132,8.01234,3.475186,15.1146145,Leo Skiri Østigård,Rennes,DF,24.0,b35a7399,NOR
-4.0779963,12.205759,11.235861,11.892735,6.953632,10.296708,8.655043,7.4029994,4.150684,15.301713,Ngal'Ayel Mukau,Lille,MF,19.0,bb461b8a,COD
-3.597588,11.069621,13.791016,11.080002,7.545201,12.123723,10.600523,7.8278484,2.8502898,14.584119,Shavy Babicka,Toulouse,"MF,FW",24.0,c6f0d5d4,GAB
-4.100639,11.837496,11.672831,11.291517,7.4619255,10.242138,9.034098,6.83919,3.3020723,15.062973,Jordan James,Rennes,MF,20.0,f719ad7f,WAL
-4.30951,12.044418,12.074579,10.825518,7.3103623,11.240684,9.160916,6.4436812,2.1188867,14.500607,Christopher Operi,Le Havre,"DF,FW",27.0,914bb955,CIV
-3.5714817,11.183342,13.27605,11.61066,7.411223,12.025108,10.420738,7.8437347,2.361944,14.8601465,Arnaud Nordin,Montpellier,FW,26.0,7b9a9e25,FRA
-4.1874146,12.543934,10.973348,12.271075,6.0276036,10.745293,8.562597,7.382299,3.1873314,15.390294,Nhoa Sangui,Reims,"DF,MF",18.0,3f465a66,FRA
-4.699449,12.853398,10.821254,11.442705,6.6308613,10.084211,8.5918255,7.212893,3.2076082,14.685345,Valentín Barco,Strasbourg,"MF,DF",20.0,b9f282ec,ARG
-4.196423,12.385331,10.968844,12.24835,5.946295,11.586456,8.52328,7.1486855,2.2968369,15.646213,Issiaga Sylla,Montpellier,DF,30.0,b99bec05,GUI
-4.456915,11.94015,12.039013,11.452241,7.605297,10.777565,9.563564,7.5284896,3.1329482,14.209978,Aleksandr Golovin,Monaco,"MF,FW",28.0,3708e9fa,RUS
-4.2365437,12.166966,11.339522,11.634872,6.792415,10.562754,8.419875,7.4981585,3.8306284,15.45024,Ayyoub Bouaddi,Lille,MF,16.0,8006228f,FRA
-3.1883097,10.902817,13.602932,11.662603,7.4231215,11.950723,11.16463,7.915151,2.763653,14.609993,Mama Samba Baldé,Brest,FW,28.0,fb14aa28,GNB
-4.491916,12.135987,12.138261,10.849407,7.576367,11.324996,9.38673,6.762574,2.5544164,14.12391,Mitchel Bakker,Lille,"FW,DF",24.0,a8567629,NED
-4.2163515,11.87805,12.048979,11.45906,7.249812,10.589523,9.028167,7.845121,3.9925172,14.932522,Tanguy Ndombele,Nice,MF,27.0,5cdddffa,FRA
-4.53233,12.563359,9.805343,12.772257,5.8304543,9.688982,8.909748,8.07307,3.3645096,15.80528,Mory Gbane,Reims,"DF,MF",23.0,ab8b392c,CIV
-4.9960036,12.815655,11.221888,10.936679,7.0193725,10.776698,8.901811,6.9326477,2.8294296,14.053411,Ruben Aguilar,Lens,"DF,MF",31.0,3dd738a1,FRA
-4.1622324,12.198533,11.1763115,11.824609,7.1552515,9.596732,9.07373,7.463636,4.2030725,14.96843,Djaoui Cissé,Rennes,MF,20.0,576ca93f,FRA
-3.498756,11.274767,12.860815,11.557722,7.2780747,11.745511,10.087435,7.6725225,2.5384614,15.219425,Wahbi Khazri,Montpellier,"FW,MF",33.0,2677a1de,TUN
-3.6277814,11.278907,13.511003,11.610273,7.803801,12.18751,10.59893,7.860916,2.568088,14.434017,Musa Al-Taamari,Montpellier,"FW,MF",27.0,f15f8b2b,JOR
-4.342708,12.463629,10.838005,12.483104,6.004184,11.411778,8.704463,7.6336303,2.7977648,15.498883,Timothee Pembele,Le Havre,DF,21.0,f8ce97ca,FRA
-4.37734,12.483631,10.240566,12.389706,6.190474,9.632671,8.84056,7.771376,3.6861923,15.613546,Jaydee Canvot,Toulouse,"DF,MF",18.0,3684108d,FRA
-4.3953023,12.440774,9.9636,12.831646,6.058096,9.661558,9.183118,8.088476,3.5840878,15.570188,Edimilson Fernandes,Brest,"MF,DF",28.0,3bb625ac,SUI
-4.1689644,11.517035,13.433052,11.02003,7.6776385,11.712089,9.9241295,7.4983597,2.8943336,13.9789095,Badredine Bouanani,Nice,"MF,FW",19.0,0400dd2f,ALG
-4.682205,12.668314,11.288407,11.259722,6.9275684,11.027233,8.73197,6.9053206,3.0334346,14.480071,Abner,Lyon,DF,24.0,7f9c5d2d,BRA
1.8957479,7.7838683,5.954481,-2.5458877,-7.981285,10.159514,3.7867696,7.514255,5.5845885,10.712184,Alban Lafont,Nantes,GK,25.0,4e7db402,FRA
-4.7273746,13.470399,9.538359,11.945724,6.020456,8.804568,9.140477,7.950982,3.2710834,14.53763,Kevin Danso,Lens,DF,25.0,6e33125f,AUT
-2.8488393,10.686562,14.3259325,11.293836,7.50615,11.551403,11.2155285,7.9678054,2.8748107,14.918669,Akor Adams,Montpellier,FW,24.0,2ccd39ed,NGA
-3.3538103,11.243259,13.959909,11.354158,7.4220667,10.815495,11.193742,7.607825,3.3484542,13.755643,Gonçalo Ramos,Paris S,FW,23.0,f63cda26,POR
-3.8971286,11.24303,13.40827,10.8733835,7.6859283,12.280742,10.14718,7.574375,2.6316943,14.226604,Matias Fernandez-Pardo,Lille,"FW,MF",19.0,0cdb6a2a,BEL
-4.171269,11.737635,13.041893,10.815816,7.686692,11.411744,10.062968,7.177277,3.027631,13.7513275,Sofiane Diop,Nice,"MF,FW",24.0,19053e31,FRA
-3.762424,10.818597,13.710293,11.126574,7.5126686,11.325003,10.721264,8.214121,2.9187667,14.75285,Irvin Cardona,Saint,FW,26.0,5e080f73,MLT
-3.6301851,11.498859,11.670941,12.008553,6.513741,11.21971,9.109461,7.72176,3.2014234,16.035116,Rassoul Ndiaye,Le Havre,MF,22.0,36f65bdf,SEN
-4.2124767,11.683164,13.201012,11.209096,7.907862,12.342688,10.123853,7.563222,2.5062702,13.780378,Jeremie Boga,Nice,"MF,FW",27.0,fe012aca,CIV
-4.1934724,11.712705,12.779255,11.346461,7.554108,12.09962,10.021363,7.8153586,2.6914537,14.443719,Ernest Nuamah,Lyon,"FW,MF",20.0,234a703c,GHA
-4.123898,11.404572,13.592348,10.679404,7.8664284,11.656824,10.45361,7.339781,2.7595105,14.144341,Amine Gouiri,Marseille,"FW,MF",24.0,aad56ca3,ALG
-3.694774,11.790178,11.500947,12.136568,6.623444,10.833772,8.846068,7.2278976,3.8789654,15.672846,Han-Noah Massengo,Auxerre,MF,23.0,eba1e557,FRA
-4.4134607,12.000861,12.355624,11.156312,7.7718034,11.283447,9.817596,6.9811764,2.4043963,13.798799,Angelo Fulgini,Lens,"MF,FW",27.0,4b96c347,FRA
-4.3051925,11.824004,11.681815,11.599446,7.230463,10.275706,8.713367,7.8734875,3.7069085,15.454735,Louis Mouton,Saint,MF,22.0,c37823fe,FRA
-3.5958288,10.742631,13.44148,11.382375,7.3033576,11.152785,10.877131,8.311953,3.193819,14.799453,Neal Maupay,Marseille,FW,27.0,4bcf39f6,FRA
-3.7183535,11.682669,12.0110445,11.984667,6.8245454,11.232738,9.604185,7.824216,3.0648463,15.491384,Aimen Moueffek,Saint,MF,23.0,2591b066,FRA
-4.6559224,12.689926,9.554181,12.8725195,5.6360445,9.835254,8.88188,8.342777,2.983771,15.686177,Yunis Abdelhamid,Saint,DF,36.0,32c2d95f,MAR
-4.1813917,12.11303,11.013889,12.360064,6.5484705,10.9875555,9.342558,7.8520594,3.09596,15.357428,Khalil Fayad,Montpellier,"MF,FW",20.0,faf00ab8,FRA
-4.381977,12.094904,11.264505,11.550178,7.267236,10.125227,8.666594,7.406328,4.0154624,15.164531,Soungoutou Magassa,Monaco,MF,20.0,dfc5d4fa,FRA
-4.859424,13.176692,9.808784,11.742677,6.282885,8.5198765,8.857868,7.794978,3.3608246,14.845433,Mohammed Salisu,Monaco,DF,25.0,0b33f6ad,GHA
-4.506208,12.243545,11.755935,11.346494,6.8303485,11.454608,8.815095,7.621086,3.2326832,14.834686,Warren Kamanzi,Toulouse,"DF,MF",23.0,a426a912,NOR
-4.7439594,12.867832,9.551119,12.871793,6.1751375,9.091603,9.470294,8.283746,3.492293,14.840339,Saidou Sow,Strasbourg,DF,22.0,f6b94e8d,GUI
-4.063828,12.146447,11.000343,12.469706,5.9264407,11.376181,8.870488,7.670148,2.6903846,15.817696,Théo Sainte-Luce,Montpellier,DF,25.0,93c942fb,FRA
-4.625959,11.860783,12.428765,10.885783,7.836894,11.247299,9.517189,7.162855,3.0559604,13.719592,Rémy Cabella,Lille,"FW,MF",34.0,148e136f,FRA
-4.9831014,12.644503,10.733989,11.573211,6.5592904,11.15673,8.498051,7.1844754,2.451691,14.971985,Paul Joly,Auxerre,DF,24.0,5b4bc323,FRA
-3.8439887,11.956059,11.095157,12.3106785,6.3340454,10.6198635,9.333794,7.6487546,3.0413373,15.546713,Oussama Targhalline,Le Havre,MF,22.0,abd56820,MAR
-4.3730183,11.712609,13.153459,10.883968,7.916475,12.012297,10.034078,7.263252,2.319529,13.96081,Edon Zhegrova,Lille,"FW,MF",25.0,34a88e3e,KVX
-4.4439793,12.024179,12.190734,10.612914,7.619145,11.276355,9.092997,6.410331,2.3657901,14.462455,Yanis Zouaoui,Le Havre,"DF,FW",30.0,ec724366,ALG
-4.897732,13.498797,9.19447,12.683398,5.6218286,9.252863,9.029479,8.12536,3.64947,15.075184,Abdukodir Khusanov,Lens,DF,20.0,d17ce930,UZB
-4.8382816,13.363997,9.582532,12.153533,6.2329826,8.6229315,9.239023,7.9296174,3.5375834,14.6036005,Anthony Rouault,Rennes,DF,23.0,9b545925,FRA
-3.692217,10.839635,13.336942,11.501438,7.4522314,11.479109,10.754338,8.284583,3.1045017,14.858975,Ado Onaiwu,Auxerre,"MF,FW",28.0,ff4df82e,JPN
-3.9551368,11.742784,11.42077,11.729224,7.054676,10.068551,9.193546,7.190868,3.2314513,15.449512,Junior Mwanga,Le Havre,MF,21.0,ee158be5,FRA
-4.5076566,12.215553,12.380243,10.852559,7.6418085,10.740971,9.983971,7.175253,3.1287637,13.428605,Thiago Almada,Lyon,"MF,FW",23.0,27f33438,ARG
-4.45771,12.455655,11.295642,11.764028,6.514414,11.146881,8.443916,7.422507,3.2738638,15.123711,Sael Kumbedi,Lyon,DF,19.0,c385bf49,FRA
-4.501901,12.459604,11.006036,11.603077,6.2579265,11.418927,8.477691,7.1436634,2.3827353,15.363773,Marcus Coco,Nantes,DF,28.0,3010aefb,FRA
-5.192278,13.034392,9.248824,12.566868,5.9012947,8.667818,8.555911,8.610115,3.1158597,15.190208,Abakar Sylla,Strasbourg,DF,21.0,29c91632,CIV
-4.6793337,12.774585,9.355476,13.0531,5.614548,9.482573,9.056928,8.381096,3.541277,15.701309,Yael Mouanga,Montpellier,DF,19.0,153e48e0,FRA
-3.8513505,11.415778,13.134969,11.356045,7.497307,12.323491,10.257786,7.8165317,2.6671233,14.433689,Antoine Joujou,Le Havre,"MF,FW",21.0,f9124307,FRA
-2.7269974,10.878437,14.106005,11.322255,7.492627,11.375492,11.371244,7.725507,3.1075492,14.416822,Ibrahima Niane,Angers,FW,25.0,46faabfa,SEN
-2.882544,10.68878,14.104609,11.431967,7.3867364,11.413008,11.586028,8.28895,3.2373767,15.027692,Theo Bair,Auxerre,FW,24.0,c724745e,CAN
-4.6997347,12.66159,11.482724,11.186384,6.983413,10.895142,9.186557,7.4404244,3.2979696,14.146826,Ulisses Garcia,Marseille,DF,28.0,c952f633,SUI
-4.431012,12.61663,10.480481,11.851895,6.403097,9.540316,8.542,7.6291385,3.5974188,15.451233,Jérémy Jacquet,Rennes,DF,19.0,cef70c94,FRA
-4.2210283,12.265361,10.883211,11.848811,6.816786,9.871371,8.611543,7.4666247,4.0597715,15.436765,Baptiste Santamaria,Nice,MF,29.0,5e22e2a4,FRA
-4.6162157,11.694037,13.010448,10.4726925,7.9997907,11.853201,9.958309,7.235358,2.9762342,13.271073,Khvicha Kvaratskhelia,Paris S,FW,23.0,dea88efd,GEO
-3.5403314,11.228524,13.373699,11.499763,7.379553,11.933395,10.867138,8.0473585,3.1134393,14.846326,Wesley Saïd,Lens,FW,29.0,90fcf472,FRA
-4.985089,13.004315,11.008319,11.052613,6.929793,10.765127,8.4766,6.869664,2.9680371,14.406866,Ismaily,Lille,DF,34.0,cf182add,BRA
-4.0897684,11.492015,13.236058,11.384015,8.015214,12.035768,10.020507,7.3986373,2.681262,14.124717,Romain Faivre,Brest,"MF,FW",26.0,745ca0a3,FRA
-4.2150598,12.545131,10.764149,12.548607,5.6681857,10.812079,8.634883,7.4671984,2.7717404,15.510355,Hiroki Sekine,Reims,DF,21.0,7304dd80,JPN
-3.5923262,11.089553,14.139524,11.049062,7.6904793,11.60469,11.55397,7.798704,3.2580624,14.321459,Goduine Koyalipou,Lens,FW,24.0,2659a508,CTA
1.9311371,7.993787,5.949509,-2.5685155,-8.481407,9.86173,3.5209854,7.7762804,5.661894,10.631527,Matvei Safonov,Paris S,GK,25.0,d97b252e,RUS
-5.228309,13.317773,10.278806,11.633888,6.51502,9.151951,9.087103,7.4455447,3.661859,14.091142,Lucas Hernández,Paris S,DF,28.0,c3ee18ef,FRA
-3.6667762,11.739262,11.312376,12.293962,6.3244967,10.931014,9.127945,7.751087,3.3318546,15.9748955,Mathis Amougou,Saint,MF,18.0,f93cca97,FRA
-3.877738,11.357776,13.418899,11.36299,7.884881,12.4661455,10.22452,7.7218723,2.4410312,14.208679,Mamadou Diakhon,Reims,"FW,MF",18.0,331c5a98,FRA
-4.6714187,12.912845,9.858878,11.950088,6.1778727,8.717104,8.721489,7.8012505,3.4450607,15.351461,Mohamed Abdelmoneim,Nice,DF,25.0,bff15d74,EGY
-3.0395932,11.046235,13.930613,11.779808,7.310432,10.953198,11.350633,8.065794,3.3004234,14.402977,Koka,Le Havre,FW,31.0,9fc2531b,EGY
-4.0936723,11.819955,12.369649,11.203875,7.469426,11.810339,9.744516,6.9996476,2.1816874,14.524708,Zinedine Ferhat,Angers,"FW,MF",31.0,005c0807,ALG
-4.1380115,12.303578,11.654816,11.554647,7.1905303,10.218399,9.759913,7.3347445,3.4463336,14.165442,Seko Fofana,Rennes,MF,29.0,5313ed43,CIV
-4.675808,12.562202,10.769644,11.479047,6.663544,10.28641,8.2823,7.3402543,3.1275487,15.330575,Antoine Mendy,Nice,DF,20.0,3322e296,SEN
-2.793105,10.733005,13.81406,11.583211,7.335754,11.772064,11.625011,8.071231,3.1770709,14.777858,Ibrahim Sissoko,Saint,FW,28.0,a170541f,MLI
-3.851821,11.350284,12.145535,11.535962,7.1082125,11.048752,9.399742,7.8765173,3.6675754,15.494754,Louis Leroux,Nantes,"MF,DF",18.0,88972aa9,FRA
-3.885452,11.282149,13.213498,10.61893,7.6230645,11.977797,9.911703,7.228832,2.479946,14.623081,Albert Grønbaek,Rennes,"MF,FW",23.0,0da5076f,DEN
-4.479899,11.974513,12.242304,11.011842,7.5354753,10.778134,9.431967,7.4763007,3.7990043,14.052428,Senny Mayulu,Paris S,MF,18.0,bac89b96,FRA
-4.239801,11.395647,13.461787,10.541778,7.8821387,12.053722,10.380676,7.54334,2.9919262,13.842562,Jonathan Rowe,Marseille,"FW,MF",21.0,8c12f884,ENG
-4.733299,12.771092,10.642227,11.601145,6.4922967,10.12889,8.440037,7.3284974,2.9845378,15.114339,Alidu Seidu,Rennes,DF,24.0,cea59f02,GHA
-4.7088013,12.6583605,9.51128,12.967646,5.7289243,9.539038,8.906044,8.190165,3.41356,15.867146,Yoann Salmier,Le Havre,DF,31.0,c3725db2,GUF
-4.522943,12.479798,10.63049,12.337849,6.2582464,11.45402,8.981549,7.571594,2.6992314,15.361807,Yvann Macon,Saint,DF,25.0,0bb6e193,FRA
-4.605786,12.748111,10.549719,12.250091,6.177264,11.150652,8.835908,7.1998777,2.8008425,15.044689,Jordan Amavi,Brest,DF,30.0,22721b88,FRA
-4.731077,12.659614,11.253282,11.169268,6.956323,10.951094,8.430861,6.629051,2.725924,14.675919,Tom Louchet,Nice,"DF,MF",21.0,f999e9be,FRA
-2.9164736,10.905474,13.679319,11.652744,7.29036,11.710827,11.226705,8.164949,3.030403,15.196338,Sekou Mara,Strasbourg,"FW,MF",22.0,3544641e,FRA
-4.969743,13.260202,9.511779,12.560566,5.8300557,9.229236,9.360319,8.066397,3.6924727,14.624887,Maxime Bernauer,Saint,DF,26.0,43750e5d,FRA
-4.7458735,12.938376,9.28175,12.68539,5.6031575,9.305529,8.891321,8.406701,3.017329,15.559162,Boubakar Kouyaté,Montpellier,DF,27.0,562a4799,MLI
-4.1302786,11.984006,11.850291,11.231917,7.213902,10.684418,9.319811,6.7425117,2.3480973,14.676061,Teddy Teuma,Reims,MF,30.0,5c26ca51,MLT
-4.041743,11.89934,12.191969,11.546658,7.463181,10.940356,9.865137,7.166866,2.9189649,14.324327,Angel Gomes,Lille,MF,23.0,645a3363,ENG
-4.30755,11.99168,12.972416,10.858661,7.6975846,12.085698,10.172327,7.277386,2.508767,13.566634,Saïd Benrahma,Lyon,"FW,MF",28.0,5a04fd92,ALG
-3.8112524,11.378096,13.200026,11.67102,7.709813,11.985069,10.444617,8.057175,2.8968022,14.648651,Augustine Boakye,Saint,"FW,MF",23.0,59e9edb5,GHA
-3.6987994,11.588709,12.620869,11.660073,7.1375337,11.8248625,10.171371,7.6783433,2.499562,15.089607,Mathieu Cafaro,Saint,"MF,FW",27.0,2a657da0,FRA
-3.9734144,12.05406,10.718692,12.478755,6.3792753,10.157968,9.339921,7.8264575,3.5004482,15.634994,Rayan Raveloson,Auxerre,"MF,DF",27.0,fb3236a7,MAD
-3.1549246,11.198416,13.857404,11.319805,7.4894605,11.169867,11.504841,7.7430334,3.5132291,13.9851265,George Ilenikhena,Monaco,FW,17.0,78c3ad07,NGA
-4.159001,12.259262,10.624131,12.736193,5.731025,11.052776,8.770996,7.6322536,2.9066849,15.785711,Lucas Mincarelli,Montpellier,DF,20.0,02b3733e,FRA
-4.1533327,11.9100485,11.12935,12.0832205,6.2621145,11.451481,8.672617,7.6828856,2.8946445,16.015478,Jacques Ekomie,Angers,"DF,FW",20.0,8d5016e6,GAB
-4.8388615,13.563081,9.625045,11.942278,5.9821844,8.974476,9.052865,7.883797,3.2041757,14.356531,Mikayil Ngor Faye,Rennes,DF,20.0,b37ae816,SEN
-4.641152,13.394603,9.33012,12.599985,5.604853,9.389976,8.797646,7.977621,3.6237297,15.528703,Abdulai Juma Bah,Lens,DF,18.0,7b505397,SLE
-5.0559916,12.943835,9.731924,12.20979,6.0120244,9.449373,8.281368,8.498456,2.8576217,15.113164,Pol Lirola,Marseille,DF,26.0,ff800ed8,ESP
-3.9553409,12.135337,10.846883,12.207222,6.579588,9.924544,9.015637,7.5426354,3.9901395,15.507771,Assane Dioussé,Auxerre,MF,26.0,7f622eef,SEN
-4.102033,12.23561,11.55868,11.631763,6.8177295,10.181898,8.683107,7.633248,4.115581,15.132374,Glen Kamara,Rennes,MF,28.0,4da9191b,FIN
-3.1553004,11.089603,13.422458,11.766449,7.317942,11.904807,10.878372,8.020764,2.7842405,15.120684,Emmanuel Sabbi,Le Havre,"FW,MF",26.0,2e1b7c83,USA
-4.768319,12.680258,11.358285,11.1620655,7.271458,9.667789,9.657884,7.2447615,3.4893298,13.585295,Ismaël Bennacer,Marseille,MF,26.0,db092d3b,ALG
-3.0732481,11.056858,14.230657,11.537199,7.3654013,11.113402,11.200477,7.682023,3.0953662,14.096553,Chuba Akpom,Lille,FW,28.0,e2b384d2,ENG
-4.563154,12.244033,10.845303,11.51495,6.673846,10.6251955,8.448523,7.400519,2.6682475,15.698374,Luck Zogbé,Brest,DF,19.0,3725b44f,CIV
-3.7590635,11.284668,13.450185,10.910885,7.4892693,12.209365,10.54674,7.829697,3.0840404,14.359607,Rémy Labeau Lascary,Lens,"FW,MF",21.0,c90f380c,GLP
-4.149434,11.631489,12.547267,11.185293,7.1409354,11.718095,9.4924965,7.854978,3.355179,14.822662,Yaya Kader Fofana,Reims,"MF,FW",20.0,cedc53d2,MLI
-5.106933,13.132356,9.293047,12.441181,5.827482,9.023299,8.483654,8.674891,3.0195875,15.118249,Rasmus Nicolaisen,Toulouse,DF,27.0,3f319bb9,DEN
-3.9309711,11.715896,13.206371,11.007492,7.6110063,11.167692,10.53096,7.392931,3.3428693,13.633898,Marco Asensio,Paris S,"FW,MF",28.0,45af8a54,ESP
-3.5442398,11.310717,14.173788,11.293658,7.656695,11.565422,11.455957,7.798019,3.301334,14.181227,Folarin Balogun,Monaco,FW,23.0,31822f8c,USA
-2.905393,10.856086,14.085986,11.561852,7.3789907,11.787651,11.512481,8.098012,3.1468832,14.993431,Andy Delort,Montpellier,FW,32.0,d33c706e,ALG
-4.1256876,12.056471,11.974563,11.191594,7.0396037,11.647948,9.259995,6.7927537,2.4289553,14.885536,Jhoanner Chávez,Lens,"DF,MF",22.0,649b57e9,ECU
-4.2032237,12.445092,10.89171,12.600374,5.760054,11.100346,8.6770935,7.3291383,2.871528,15.421066,Fodé Ballo-Touré,Le Havre,"DF,MF",27.0,f449640d,SEN
-3.833148,11.880974,11.352511,11.926084,6.7892857,10.75689,8.69977,7.193303,4.2048283,15.612418,Nampalys Mendy,Lens,MF,32.0,1598599e,SEN
-4.0965247,11.916348,11.422176,11.76477,6.789175,10.483913,8.381348,7.7763095,3.9355013,15.902678,Mahamadou Diawara,Le Havre,MF,19.0,1906b842,FRA
-4.673768,13.043443,9.402341,12.786916,5.5910835,9.35147,9.13891,8.070348,3.843387,15.519937,Nikola Maksimović,Montpellier,DF,32.0,16b9d5cf,SRB
-4.410723,12.548234,10.360688,12.709516,5.756999,10.914742,8.784868,7.6455965,2.7952816,15.607749,Pierre Cornud,Saint,DF,27.0,edeb21ff,FRA
-2.8460288,10.638151,13.739509,11.579364,7.205601,11.329278,11.371561,8.319933,3.195319,15.193768,Florian Ayé,Auxerre,FW,27.0,718b8afd,FRA
-3.2353928,11.283908,14.048551,11.622963,7.373535,11.024232,11.367649,7.7982802,3.3858557,13.973269,Elye Wahi,Marseille,FW,21.0,0d7b6576,FRA
-4.3738065,11.906234,11.635925,11.710757,7.2394204,10.244235,8.96145,7.827329,3.4792964,15.17297,Maxence Caqueret,Lyon,MF,24.0,f81ef10d,FRA
-4.9078283,12.824103,11.225876,11.007727,6.692563,11.206383,8.5805,7.1432047,2.825358,14.410111,Jordan Teze,Monaco,DF,24.0,82e9b1bb,NED
-4.059864,12.070912,10.621306,12.567622,5.9762745,10.683434,8.862953,7.8597827,3.201544,16.009459,Daler Kuzyaev,Le Havre,MF,31.0,d4e93bab,RUS
-3.9766333,11.55386,11.39073,11.893339,6.5674734,11.242585,8.847336,7.8610744,3.072177,16.192286,John Joe,Reims,MF,20.0,fd01216a,IRL
-3.2873006,10.916498,14.136072,11.376067,7.5163503,11.58414,11.709362,8.124814,3.3866272,14.620242,Mohamed Meité,Rennes,FW,16.0,424cbbb3,FRA
-4.999199,13.611003,9.352608,12.231229,5.808733,8.986579,9.159034,8.078343,3.3982825,14.4277725,Andrew Omobamidele,Strasbourg,DF,22.0,c393a6c4,IRL
-4.558575,12.474921,10.775915,11.665846,6.405564,10.721518,8.28418,7.2813983,2.7328706,15.60162,Jean-Kevin Duverne,Nantes,DF,27.0,0cbc8baa,HAI
-3.1216297,10.759452,14.46218,11.435242,7.388394,11.2553,11.138161,7.8910346,2.8802562,14.649338,Bamba Dieng,Angers,FW,24.0,40774c6b,SEN
-3.364225,11.339179,12.911098,11.803206,7.1872272,11.94929,10.427553,7.907271,2.5459893,15.170607,Ben Old,Saint,"FW,MF",21.0,e14e818c,NZL
-4.3439746,11.862579,12.972872,10.80613,7.710288,11.256469,10.078913,7.3526187,3.0380492,13.527379,Amine Harit,Marseille,MF,27.0,e7d59f4f,MAR
-3.85128,11.210159,12.531022,11.39674,7.270976,11.107879,9.828991,7.9879637,3.5279267,15.186386,Tino Kadewere,Nantes,"MF,FW",28.0,7d08063d,ZIM
-5.068124,12.621825,10.8904705,11.317876,6.813925,10.96628,8.421938,7.185513,2.6454146,14.839328,Krépin Diatta,Monaco,"DF,FW",25.0,8104e41e,SEN
