player_name,equipe,positions,cluster,tsne_1,tsne_2,tsne_3,tsne_4
Gautier Larsonneur,Saint,GK,5,-1.5756592081736196,-0.21788348912122849,1.519558140089522,-2.6197450198688226
Jordan Lefort,Angers,DF,0,-0.719525938858966,0.94541758641422,0.7581064525976393,-1.0732939117581786
Gerónimo Rulli,Marseille,GK,5,-1.7768367605702104,0.15199773144498824,1.5666798437031453,-2.2927736621763666
Lucas Chevalier,Lille,GK,5,-1.761098371479818,0.06739147650358306,1.4965771173878786,-2.2927051531855236
Marcin Bułka,Nice,GK,5,-1.9865717314071714,0.022929186530969915,1.7171834701889535,-2.3820123415910213
Yehvann Diouf,Reims,GK,5,-1.3216622516711625,0.10896638615320296,1.3577838115232392,-2.606777887915422
Lucas Perri,Lyon,GK,5,-1.8443185350135975,0.2321947342418955,1.592545406663499,-2.5184323627517577
Yahia Fofana,Angers,GK,5,-1.4733066843845442,0.25149628290022624,1.4092283090764672,-2.780125152979146
Marco Bizot,Brest,GK,5,-1.5377390475195687,-0.15554052258374065,1.4480094923281166,-2.4802196091180297
Donovan Léon,Auxerre,GK,5,-1.4120331166393238,0.11533233171147252,1.3541708944215645,-2.7178316647281933
Andrey Santos,Strasbourg,MF,6,0.7633698190135867,0.6069992835825618,0.5520142665755357,-0.0894374653561446
Valentin Atangana Edoa,Reims,MF,6,0.4019860495296487,-0.18377934015203937,0.8880717873097503,-0.09631623647432302
Himad Abdelli,Angers,"MF,FW",1,0.5566822321076168,0.0658134926799876,-0.5220472806640283,0.8665304737775038
Mason Greenwood,Marseille,"FW,MF",4,0.9137577020914073,-0.802580351515244,-2.1354900454196253,1.1648490683481707
Đorđe Petrović,Strasbourg,GK,5,-1.3766195487894812,0.23277108506530897,1.401052584811974,-2.4215442543857497
Zuriko Davitashvili,Saint,"FW,MF",4,0.719438107266409,-1.4227903058960134,-1.3978967311971038,0.897816012043688
Gautier Lloris,Le Havre,DF,0,-0.7285890229344489,0.9705886446277001,1.2672992523584348,-1.003838716112335
Matthis Abline,Nantes,FW,7,1.488538659177621,-1.3782084152026477,-0.09159986187322543,0.9037777385961212
Bafodé Diakité,Lille,DF,2,-0.942765883295849,2.0210940450662163,0.309606302906952,-0.8208274674018541
Adrien Truffert,Rennes,"DF,MF",3,-0.4616137866138737,-0.323895361030416,-0.542543095452481,0.45523637640534337
Moussa Niakhate,Lyon,DF,2,-0.676578966734629,1.5656958168062247,0.2059732546374764,-0.7888987253509865
Guela Doué,Strasbourg,DF,2,-0.8931617582563246,1.0089116508625566,-0.02437883996063436,-0.05465139481676489
Alexsandro Ribeiro,Lille,DF,2,-0.9771847160809259,1.844358354376135,-0.33625742615403675,-0.6707371114609109
Benjamin Lecomte,Montpellier,GK,5,-1.5047596998166017,-0.20073972032868792,1.3645133709204753,-2.5380073527769262
Cristian Cásseres Jr.,Toulouse,MF,1,0.888396767067607,0.49853847869895884,-0.2691146397890533,0.0724810154783213
Benjamin André,Lille,MF,2,-0.1279025536882816,1.2847155524977754,0.2513579173178387,0.4921031918651256
Gaëtan Perrin,Auxerre,"MF,FW",4,0.4827285504628286,-1.1276719366181953,-1.9770775450708942,0.5531485673159519
Junya Ito,Reims,"FW,MF",4,-0.20715261727130543,-0.8238350583342646,-1.8042808039653937,0.6611874800940879
Aron Dønnum,Toulouse,"DF,MF",3,-0.20053760551645972,-0.4515329092125265,-0.814167350295949,0.5337761374921988
Kenny Lala,Brest,DF,3,-0.9772002750235449,0.184280449000164,-0.6446364077766025,0.027480259478994816
Florent Hanin,Angers,DF,3,-0.9397102012621278,-0.08912090608255802,0.07751649614184476,0.05690965579594754
Pierre Højbjerg,Marseille,MF,2,-0.6510241578561354,1.6196635488655164,-1.4016154147749311,-0.00928455760917857
Mahdi Camara,Brest,"MF,FW",1,0.5965167556318294,-0.22241934215334508,0.37166039512389193,0.3382252060874234
Keito Nakamura,Reims,"FW,MF",7,1.268618191574315,-1.1107825334817978,-0.4254920422155121,0.8386696433606896
Jubal,Auxerre,DF,0,-0.9718238116791331,0.8095547483785879,1.7912073455976747,-1.2516470175288816
Ismaël Doukouré,Strasbourg,"DF,MF",0,-0.9152066111249374,1.9223230879914226,0.8386654547848923,-0.9136470005139541
Léo Pétrot,Saint,DF,3,-0.9186140195584666,-0.28314765136441694,0.6635282804766546,-0.30023318916373065
Jean-Charles Castelletto,Nantes,"DF,MF",0,-0.5762699921877626,1.0130474139716932,0.9817544131343809,-1.5374380307084794
Adrien Thomasson,Lens,MF,1,0.07292754866030574,0.5596918857978402,-0.48752742751946615,0.720740530638398
Luis Henrique,Marseille,"DF,FW",4,0.493304199502419,-0.31876019373896425,-1.1734989727589364,0.6175996398591451
Moses Simon,Nantes,"FW,MF",4,0.45685747071437366,-1.352697055468883,-1.5974355947120396,1.0008014205947202
Charlie Cresswell,Toulouse,DF,0,-0.9038168993482041,1.2607520793401534,1.1809870528817674,-0.8681703810642322
Arnaud Kalimuendo,Rennes,"FW,MF",7,2.1899501255221274,-1.5901849379061093,-0.689832832905736,1.054446692977107
Pierre Ekwah Elimby,Saint,MF,6,0.016764174173315383,0.47364875422820246,0.20520057515087622,-0.47279090274666263
Diego Moreira,Strasbourg,"DF,MF",1,0.11998486338636748,-0.4569222592779484,-0.5700056226632373,0.8039291830235329
Evann Guessand,Nice,"FW,MF",7,1.2255325091191156,-1.168322517093211,-0.9639328022387579,1.1145053437774846
Jonathan David,Lille,FW,7,2.2022565890572876,-1.595189578908225,-0.6879606202251615,1.1046947391793849
Guillaume Restes,Toulouse,GK,5,-1.9755846190577786,-0.23933950700909032,1.5390932934323205,-2.1965925041375196
Facundo Medina,Lens,DF,2,-0.9165683957905749,0.9906429878920509,-0.5533168898319326,-0.40779257804242797
Sergio Akieme,Reims,DF,3,-0.4700325418716921,-0.5167727950195772,0.22733096275259834,-0.08322957487422103
Dilane Bakwa,Strasbourg,"MF,DF",4,0.4463290642823714,-0.8711066768630984,-1.705827793618821,0.8607830183650917
Mark McKenzie,Toulouse,DF,0,-0.8824728589737934,1.0359631598497623,1.095043453834362,-0.9030749897241782
Ludovic Ajorque,Brest,FW,7,1.873181510841809,-1.7116039294934897,0.34244210181030477,0.6277669986836343
Clément Akpa,Auxerre,DF,0,-0.4857383986275176,0.6259008595500746,1.1225819284342082,-0.6244288201878788
Adrien Rabiot,Marseille,MF,1,0.06834744857710015,0.7544844243878579,-0.9586277432291991,0.5700771975079428
Loïc Nego,Le Havre,"DF,FW",3,-0.8220221235515556,-0.34467373012819513,0.34665702976660595,0.023546075052878875
Michael Amir Murillo,Marseille,DF,2,-0.7847423784053589,1.0136230707807068,-0.20898770039921877,0.006297373197857289
Hicham Boudaoui,Nice,MF,1,0.5033941266424354,0.13743527887364762,0.214874738967906,0.4100624183565919
Brendan Chardonnet,Brest,DF,0,-0.7249364904322063,1.0166641199597015,1.3720299107950455,-0.997139629828829
Maghnes Akliouche,Monaco,"FW,MF",4,0.591419221695094,-0.30380117758808095,-1.3514447399367948,1.4410838385161833
Vincent Sierro,Toulouse,MF,1,0.375356051708557,0.41663493200694357,-0.6956787736414429,-0.04981067444047909
Thilo Kehrer,Monaco,DF,2,-1.0421994080046943,2.009928900836066,0.482724627652603,-0.656784113659226
Clinton Mata,Lyon,DF,2,-0.864808131342254,1.2259871161193663,0.056650638045447975,-0.35071397075256466
Mamadou Sarr,Strasbourg,DF,0,-1.0847873457410238,1.4704236770571828,0.4880356809072142,-1.043526852828063
Téji Savanier,Montpellier,MF,4,-0.015169499429718365,-0.1929917717037156,-1.8375214791302492,-0.12072777778163375
Lorenz Assignon,Rennes,"DF,MF",3,-0.0935098203222231,-0.33884597866920296,-0.48032380549321424,0.7389352694395063
Habib Diarra,Strasbourg,"MF,FW",1,0.6735519565847483,-0.528603864823595,-0.4798921589941629,0.236279326809013
Pedro Chirivella,Nantes,MF,2,-0.20543057236157497,0.8173420119814583,-0.3959638433899527,-0.42552133859641794
Elisha Owusu,Auxerre,MF,6,0.3230456419085578,-0.005189378974683413,1.1369031231211886,-0.1619664700942714
Yann Gboho,Toulouse,"MF,FW",4,0.8291428443709358,-1.0074086196852738,-0.8866767203582878,1.1750158806621915
Corentin Tolisso,Lyon,MF,1,-0.0004035725419911526,0.8380338168507071,-0.8943296977699894,0.5480481022250393
Abdoulaye Touré,Le Havre,MF,1,1.0340195118010038,0.01733365322804784,0.11523314833075632,-0.5485955741221719
Hugo Magnetti,Brest,MF,6,0.1359840156402206,0.11003061503189975,0.6688413723831365,-0.27323672360716755
Etienne Youte Kinkoue,Le Havre,DF,0,-0.5470663283752819,1.0082641072917138,0.9175852591576175,-1.4827789814074643
Douglas,Nantes,MF,6,0.4415208323817247,0.46231871123877455,0.5540579268356642,-0.14605516913895206
Mickael Nade,Saint,DF,0,-0.9949283228367117,1.3642486648711496,1.7369473785282183,-1.1036839926221138
Jonathan Clauss,Nice,"DF,MF",4,-0.5042858369369666,-0.18460179410880775,-1.863716938561963,0.3243306458693806
Lassine Sinayoko,Auxerre,"FW,MF",7,1.130458788725317,-1.6052385322761276,-0.8214934740002764,1.0968007077570223
Ludovic Blas,Rennes,"MF,FW",4,0.5091901156578246,-1.15810643755495,-1.908809240307496,0.6088112050190078
Emanuel Emegha,Strasbourg,FW,7,2.1942973412381463,-1.265362470954586,0.1602082403733384,1.243567538358148
Gideon Mensah,Auxerre,DF,3,-0.8886135964389675,-0.0314651908806718,0.09724828689013196,0.16253343844037457
Leonardo Balerdi,Marseille,DF,2,-1.1416331684550947,1.9570498335273496,-0.6029860197967317,-0.5390484656426993
Takumi Minamino,Monaco,"MF,FW",7,1.0719265180762951,-0.7247439636710762,-0.16842758343974906,1.128222795567348
Andy Diouf,Lens,MF,1,0.5365814455450745,-0.18521135445911463,-0.389419162332505,0.887939318715391
Moïse Bombito,Nice,DF,0,-0.7338607698802047,1.5109520078335104,0.37295140336997595,-1.076520002088797
Cédric Kipré,Reims,DF,0,-0.6072929207271862,1.058395862326915,0.6065648358622373,-1.1531239450241408
Bradley Barcola,Paris S,FW,4,0.8234428021683629,-0.5608285008763558,-1.7630532993242947,1.5617216132650347
Kelvin Amian,Nantes,DF,6,-0.5113221094206334,-0.6375330356414133,0.6118366496324853,-0.10291229382362281
Gabriel Suazo,Toulouse,DF,3,-0.637740356982956,-0.06940747394573507,-1.0455322471433774,0.362976509049207
Denis Zakaria,Monaco,MF,1,0.9311421330142524,0.8173014027604901,0.5085419323761389,-0.13751655594479623
Modibo Sagnan,Montpellier,DF,0,-0.5481492307815542,0.7715136620472659,1.4480682785283259,-0.9432492865378881
Willian Pacho,Paris S,DF,2,-1.302993925092396,1.832574365008436,-0.0998972662695181,-0.49401693993291573
Dennis Appiah,Saint,DF,3,-1.0729732520172834,-0.26319132825548186,0.4615803390034577,-0.11321256789763963
Ki-Jana Hoever,Auxerre,DF,3,-0.8916508906314119,-0.28975852773441985,0.04280441419167824,0.41350350980907125
Jonathan Gradit,Lens,DF,0,-0.7626150631408664,1.1166182309077617,0.5055223542517306,-0.5905051587820029
Sebastian Nanasi,Strasbourg,"MF,FW",4,0.7553614898027292,-0.667827092447914,-1.6710953729821982,0.45458232048421854
Djibril Sidibé,Toulouse,DF,3,-0.7847419069222493,0.36020813811442676,-0.05877876560545295,0.06455429687448684
Yassine Kechta,Le Havre,"MF,FW",6,0.4780789726285832,-0.45631283960623614,0.7919957233337465,0.19730720859057216
Wilfried Singo,Monaco,DF,2,-0.9379130962413392,1.3208355788344037,0.3273726001762521,-0.4322367811575098
Hamed Junior Traorè,Auxerre,MF,7,1.0625529623730996,-1.0824915053977648,-0.8012036543336746,0.9099823500152353
Gianluigi Donnarumma,Paris S,GK,5,-2.0214985872429097,0.24779399274456315,1.5328934183897642,-2.287949145835465
Azor Matusiwa,Rennes,MF,6,0.5266295215112563,0.6769637662027881,0.6112414241415476,-0.06605971496153878
Achraf Hakimi,Paris S,DF,2,-0.4907847106392194,1.365236087926493,-1.5567322974504454,0.284157207857835
Vanderson,Monaco,DF,3,-1.0039443057495394,0.23449929346398196,-0.1737033406321229,0.6846087717584295
Lamine Camara,Monaco,MF,4,-0.4675753793567006,0.03404542431664339,-2.0275640588107757,0.28850817287798686
Alexandre Lacazette,Lyon,FW,7,2.2803559273887144,-1.6095638832378905,-0.6191409666275036,1.1464514960904126
Nicolas Cozza,Nantes,"DF,MF",6,-0.4060714402492683,-0.5908953148597482,0.8566531800749804,-0.06061474918966417
Warren Zaïre-Emery,Paris S,"MF,DF",2,-0.37635211535974994,1.3617798962148986,-0.993731320216832,0.10173057310619381
Johann Lepenant,Nantes,MF,6,0.3720856326925402,-0.13050322157798538,0.7985337711657048,0.10799911453915598
Carlens Arcus,Angers,DF,3,-0.7237351514687869,-0.22447231177688806,0.46479952244534656,0.031807060929157104
Vitinha,Paris S,MF,2,-0.6652468701938964,1.7364918696617595,-1.3440966474764886,-0.07480244981559087
Rayan Cherki,Lyon,"FW,MF",4,0.40614432310430165,-0.12318778460275691,-2.3554649029830492,1.134105200028959
Geoffrey Kondogbia,Marseille,"DF,MF",2,-0.7935071079690476,1.627167673350366,-0.2604121461377789,-0.28313962991971037
Nicolas Pallois,Nantes,DF,0,-0.6413437137968608,0.7493890456922394,1.8007926607063136,-0.9617424200546681
Dylan Batubinsika,Saint,DF,0,-0.6863278701414266,1.1907671045379837,1.0865111176307118,-1.4481735091559687
Lucas Beraldo,Paris S,DF,2,-1.0341904658657946,1.9894400013930642,-0.5891297594468096,-0.5148411748156094
Nemanja Matić,Lyon,MF,2,-0.2636181935722649,1.0497433784745243,-0.467829790579816,-0.31008115165598205
Josué Casimir,Le Havre,"FW,MF",7,1.0356590943148543,-1.6238719748423744,-0.7228417103101393,1.0378421434927962
Ainsley Maitland-Niles,Lyon,DF,3,-0.7450443963897045,0.3021297306286982,-0.15085178145255532,0.696368740160361
Aurélio Buta,Reims,DF,3,-0.6010893817118049,-0.2831817565450291,0.37855217644027644,-0.0649790412579493
Dante,Nice,DF,2,-0.9419124517190494,1.2466635401289412,-0.007101468613868894,-0.5482769975556365
Jean-Eudes Aholou,Angers,MF,6,0.4206161671172082,-0.13680288876106272,0.9331657930031158,-0.059173776748933704
Sinaly Diomande,Auxerre,DF,0,-0.6079922244754372,1.309862789135907,1.7792500742514037,-1.0079957089527154
Melvin Bard,Nice,"DF,MF",3,-1.0415702137948502,0.021627482806052322,-0.16007758182519471,0.6739734828637213
Youssouf Ndayishimiye,Nice,DF,0,-0.9261719409546636,1.9385482536970875,0.6309384829560404,-0.7785584349997541
Caio Henrique Oliveira Silva,Monaco,DF,3,-0.671142719331912,0.029034768835680822,-1.3619636358916127,0.3985331827707147
Thomas Meunier,Lille,DF,3,-0.8813373390524827,0.701669084482485,-0.4306909087619602,0.4311728568678687
Fabián Ruiz Peña,Paris S,MF,2,-0.39568202703799443,1.3805104070114045,-1.4503587290272437,0.2537048248005177
Issa Soumaré,Le Havre,"FW,MF",7,1.2735152037445112,-1.5181410380865594,-0.25517947448344663,0.6888806098700693
Nicolás Tagliafico,Lyon,DF,2,-0.663833316682818,0.9847957758941419,-0.2154030153030385,0.5381810899393227
Zakaria Aboukhlal,Toulouse,"MF,FW",7,1.6390583217845922,-1.7427109678980575,-0.14883528090376563,1.1497729915342052
Enzo Tchato,Montpellier,DF,3,-0.8093740705034447,-0.45288023500566577,0.47079471075456575,-0.09369267393496442
Farid El Melali,Angers,FW,4,0.8019462841562873,-1.7264677015465573,-1.6341975997825917,0.8812306294622282
Joris Chotard,Montpellier,MF,6,0.04075139129397268,0.042251982346368414,0.6430209822969186,-0.5792873287645883
Lucas Stassin,Saint,FW,7,1.7692610699715519,-1.3277480349705122,-0.263251416153906,0.5801855722383215
João Neves,Paris S,"MF,DF",2,-0.37837648466905804,1.392088771166695,-1.416466111250752,0.2634666728575556
Breel Embolo,Monaco,"FW,MF",7,1.6724280103540485,-1.2948457970205334,-0.16101247105988756,1.425764876835537
Gaëtan Laborde,Nice,FW,7,2.158037272613216,-1.619449461864623,-0.6185397164638736,1.1509914756596598
Deiver Machado,Lens,"DF,MF",3,-0.45156721706062186,-0.6105744214194941,-0.11357193446475693,0.5234210523218614
Becir Omeragic,Montpellier,DF,0,-0.34527883713904556,0.7447356322479202,1.1057570866842827,-1.4155523383418116
Florian Sotoca,Lens,"FW,MF",1,0.6478004921012146,-0.3148620602225025,-0.08662165657104073,1.1377125985205772
Haris Belkebla,Angers,MF,6,0.0510842501062425,0.3339654653960345,0.9858623270812952,-0.1397909880787974
Gabriel Gudmundsson,Lille,DF,3,-0.45165467246263313,-0.1763224367821032,-0.3296274138233663,0.4046291947524925
Félix Lemaréchal,Strasbourg,"MF,FW",1,0.7277942495672642,-0.4201260847229129,-0.09534219381275197,0.6104171650664606
Pablo Rosario,Nice,"MF,DF",6,0.7364947631314168,0.18728000737233108,0.5541316347504607,-0.3247022585051185
Jordan Ferri,Montpellier,MF,2,-0.09689238348180554,0.5991137794278111,-0.6504222843512261,-0.6041912642928654
Benjamin Bouchouari,Saint,MF,1,0.12969597742192565,0.15739865935874398,-0.26286705420719686,-0.518862945351557
Hákon Arnar Haraldsson,Lille,"MF,FW",4,0.3163311755065599,-0.5278744932035724,-1.432453219220057,0.5507865100356572
Jim Allevinah,Angers,FW,7,1.0060660797504144,-1.4601446931143347,-0.016976345923022714,1.01356782706042
Eliesse Ben Seghir,Monaco,"MF,FW",4,0.5073009299857189,-0.33280589631812757,-1.6386077819038734,1.095891977957687
Aïssa Mandi,Lille,DF,2,-0.4313606485475957,1.1387870203414858,-0.15045519368015045,-0.6276114629362705
Ousmane Dembélé,Paris S,FW,4,0.7776662241613878,-0.46782400628618326,-2.259518765029247,1.4809673136878536
Désiré Doué,Paris S,"FW,MF",4,0.9669392052254939,-0.11829920344116815,-1.9536994416690805,1.5027455606658242
Marquinhos,Paris S,DF,2,-0.8917683370740287,2.0093193873786244,-0.8157890217899177,-0.45491395978284926
Philipp Köhn,Monaco,GK,5,-1.9224891615912052,0.15223790263093848,1.5154187639629924,-2.431878142757211
Abdoulaye Niakhate Ndiaye,Brest,DF,0,-0.961497671501176,0.9075987722623315,1.4246181833306037,-0.7913937408209171
Joseph Okumu,Reims,DF,2,-0.8522149117797968,1.1881945150789341,-0.2648796052483327,-1.253546922135336
Marshall Munetsi,Reims,MF,7,1.355505079251938,-1.3629494300845455,0.674118498819304,0.590796463344268
Rabby Nzingoula,Montpellier,MF,6,0.4299868939217456,-0.351035886742984,1.2620196917110784,0.2419080254966714
Hans Hateboer,Rennes,DF,2,-0.6687024170529221,0.9724164347141886,0.11325135111377954,-0.3600042973848777
Massadio Haïdara,Brest,DF,3,-0.9767411919196668,-0.6698872835726455,0.5025877300978108,0.3751622481423774
Nuno Mendes,Paris S,DF,2,-0.47329779814765804,1.3261025385225427,-1.513833159130728,0.27972124094163714
Joshua King,Toulouse,"FW,MF",7,1.551197538595651,-1.5000390792506286,-0.00781460120926339,0.9998919491026065
Lee Kang-in,Paris S,"FW,MF",4,0.32421640047748457,-0.036600048679215486,-2.3231498366227292,1.041351560464747
Gabriel Osho,Auxerre,DF,0,-0.9368671109625534,0.78031170135218,1.2033106559965994,-1.2176489135899358
Esteban Lepaul,Angers,FW,7,1.7311656590456395,-1.4262939531868457,0.22010001670575235,0.5578336844509846
Oumar Diakité,Reims,FW,7,1.4481452395752146,-1.3298550251743733,0.19725527331751339,0.9454513088065868
Mohamed Ali Cho,Nice,"FW,MF",4,0.8539366795104344,-0.9048348857347102,-1.094758752316664,1.1786065715480654
Arthur Desmas,Le Havre,GK,5,-1.7723852999386451,-0.10150752503513763,1.45739203764473,-2.5984730758032355
Quentin Merlin,Marseille,DF,3,-0.5527767903545785,0.24054208622264614,-1.222684644039531,0.6181900273107174
Malick Fofana,Lyon,FW,4,0.8186706858739163,-0.8300255261029439,-1.2652660569438323,1.3307611756005622
Neil El Aynaoui,Lens,MF,1,0.5283352531053925,0.39192787869124696,-0.9703782891902627,-0.10686442721497497
Duje Ćaleta-Car,Lyon,DF,0,-1.1573204959247105,1.2796225184453998,0.8161945210378592,-1.0040889007974134
Mathias Pereira Lage,Brest,"FW,MF",4,0.5812841736214829,-1.465264502992545,-1.7221432158222134,0.41553481114668084
Anthony Lopes,Nantes,GK,5,-1.5399057481500216,-0.2212675877423883,1.2613673839677637,-2.3790612631353247
Valentin Rongier,Marseille,"MF,DF",2,-0.5806617630576448,1.5977291768632242,-0.4724713870732875,0.1648013124487566
Jordan Veretout,Lyon,MF,1,0.07906716399567897,0.7896403334229778,-0.3197559328473735,-0.05873725541605483
Brice Samba,Rennes,GK,5,-1.6276033510347088,-0.005723891984069365,1.410102616880199,-2.3921515160899327
Pierre Lees-Melou,Brest,MF,1,0.24687547101693627,1.2862902148997528,-0.3307278963597041,0.052494978144293505
Yassin Belkhdim,Angers,MF,6,0.2684714625354884,-0.16927593976541613,1.1490421083327025,-0.08225036474271079
Frank Magri,Toulouse,"FW,MF",7,1.6359209788762774,-1.579980347119739,0.46157592699567807,0.9211083272375198
Nathan Zeze,Nantes,DF,0,-0.4386696268618911,0.9820693778383537,0.8691465255803017,-0.9676046426654151
Abdoulaye Bamba,Angers,DF,0,-0.4030262722888926,0.45871030528784645,0.892858541901937,-1.5056890125287459
Christian Mawissa,Monaco,DF,0,-0.8997504046756779,1.3349295576179396,1.1135809457214372,-0.23981294361567326
Steve Mandanda,Rennes,GK,5,-1.6454878369436619,0.1883791761246346,1.2376856735754287,-2.62442326658654
Tanguy Coulibaly,Montpellier,"FW,MF",7,0.5933392423625716,-1.4152666270865173,0.2706823775111922,0.6182325380178557
M'Bala Nzola,Lens,FW,7,1.8281430867913213,-1.265223808753197,0.3085659332159212,1.2550718569703185
Kévin Danois,Auxerre,MF,1,0.42508040494104526,0.5105764163763037,0.10920613392734925,0.5114552056192428
Christopher Wooh,Rennes,DF,0,-0.35308624853755155,1.4129403400265197,1.1452934231019731,-1.0463896698431345
André Ayew,Le Havre,FW,7,1.5002562874571244,-1.512658136755743,0.7542984334691833,0.6312087654669066
Georges Mikautadze,Lyon,FW,7,2.060895627300439,-1.538725223830956,-1.0718729072725024,1.1413672701677
Mathieu Gorgelin,Le Havre,GK,5,-1.4279972518426223,0.04045795230900694,1.214230101402532,-2.505026890366348
Derek Cornelius,Marseille,DF,2,-1.4346171575921463,1.4603384286118792,-0.6483764515576115,-0.9593697058202422
Anass Zaroury,Lens,"FW,MF",4,-0.19076177099443817,-0.6702888740673011,-1.728577627112809,0.6515456301212958
Ali Abdi,Nice,"DF,MF",3,-0.483287280525992,-0.00980676463093103,-0.09069969666114062,0.9876213057045454
Przemysław Frankowski,Lens,DF,3,-0.8450087639317186,0.40716857559205394,-1.0827548658261277,0.48387941944808993
Malang Sarr,Lens,DF,2,-0.9897997181630496,0.8783824072760287,0.029014162103141193,-1.1810846307107992
Julien Le Cardinal,Brest,DF,0,-0.23388723719443116,1.4229062461307562,1.1871841894367363,-1.27290080963963
Radosław Majecki,Monaco,GK,5,-1.9689632988589256,0.165656539753343,1.5106069369955613,-2.4290550258240127
Emmanuel Biumla,Angers,DF,0,-1.032476860503727,0.6730140270885486,1.3137309179553174,-1.27805865832971
Kamory Doumbia,Brest,"MF,FW",1,1.161810482437108,0.5341792927817298,-0.33005967496074273,0.10333500097251244
Sorba Thomas,Nantes,"FW,MF",4,-0.2962249611774836,-0.8112374308683908,-1.8037384617125325,0.6179204024675535
Lilian Raolisoa,Angers,"DF,FW",3,-0.4522485761617192,-0.9933551563369762,-0.7138177243016341,0.037715040128859637
Amadou Koné,Reims,MF,6,0.2558256065986685,0.7235587675845663,1.3637217654418823,-0.012629088469208327
Osame Sahraoui,Lille,"FW,MF",4,0.6233493308858187,-0.4594740283050004,-1.3026734931110908,1.3437798356838278
André Gomes,Lille,MF,2,-0.15952788676725843,1.0856811791383094,-0.6121641522287667,-0.154944474196946
Mathew Ryan,Lens,GK,5,-1.7627238566486898,0.020189189544372373,1.3759939020054228,-2.403593610581645
Emmanuel Agbadou,Reims,DF,2,-0.6560014635999071,1.2577620495981259,-0.41578540602122394,-0.9869488100906665
Romain Del Castillo,Brest,FW,4,0.06790006768400383,-1.0217273559700808,-2.267644831385489,0.5698548458202838
Mostafa Mohamed,Nantes,FW,7,1.659163917474853,-1.7243730910590191,0.23424457285781836,0.8428175016689579
Florian Tardieu,Saint,MF,2,-0.12154900289189913,0.6835638431460139,-0.890570423720589,-0.5896828166731152
Arouna Sangante,Le Havre,DF,0,-0.9018027235037268,2.049473466200509,1.0480715150641284,-0.8770684693261805
Abdallah Sima,Brest,"FW,MF",7,1.6534463361006007,-1.4150919980577812,-0.09404817931584969,0.6644061144604609
Tanner Tessmann,Lyon,MF,1,0.24824571408956117,1.1239513371144692,-0.055049365412866834,-0.2657777340357729
Lilian Brassier,Rennes,DF,2,-0.9126677217277169,1.3842745441665305,-0.1448669263698324,-0.8613856878195189
Falaye Sacko,Montpellier,DF,6,-0.8701764380288685,-0.4041324759839238,0.8474188173644844,-0.6205003467961562
Mika Biereth,Monaco,FW,7,2.3670597853231667,-1.2467032373126665,-0.7521425538106662,1.1402480948016211
Leo Skiri Østigård,Rennes,DF,0,-0.838952469091485,1.2045511214847995,0.9408331931161108,-0.7966101442040256
Ngal'Ayel Mukau,Lille,MF,6,0.20573365684490094,0.5844510370863957,0.5861128794738784,0.187069037623981
Shavy Babicka,Toulouse,"MF,FW",7,1.2434672551275583,-1.3871912123951076,-0.5483390131482585,0.972111611870475
Jordan James,Rennes,MF,1,0.43991783695718395,0.40728906211902355,-0.28869911025053685,0.2048160594349034
Christopher Operi,Le Havre,"DF,FW",4,-0.6383205640977063,-0.5097415381839695,-1.7333359014340872,0.21266304020959517
Arnaud Nordin,Montpellier,FW,7,0.7395413455411215,-1.3873165570228767,-0.3191568126185338,0.7490934937318829
Nhoa Sangui,Reims,"DF,MF",3,-0.4132643724257825,-0.27059285115201914,0.02327447712003595,-0.2830842215655209
Valentín Barco,Strasbourg,"MF,DF",3,-0.7006429931686813,0.627242136163647,0.3677106440489689,0.235166369951334
Issiaga Sylla,Montpellier,DF,3,-0.8623967309778863,-0.8137696924636614,0.14038720718300074,-0.08017941407062872
Aleksandr Golovin,Monaco,"MF,FW",1,0.543766046615041,0.37827757205929113,-0.5966557318897363,0.925607982141501
Ayyoub Bouaddi,Lille,MF,6,0.15962788461592853,0.47872553990290423,0.8633147641247695,0.3347352683100198
Mama Samba Baldé,Brest,FW,7,1.2157188710813611,-1.5674921676004467,-0.009556848920257403,1.173676773869099
Mitchel Bakker,Lille,"FW,DF",4,0.14148253653206166,-0.44193281434705783,-1.5568828534124717,0.5230765945810076
Tanguy Ndombele,Nice,MF,1,0.6816180424765393,0.16180674809126477,0.23038267246469868,0.5698153799571828
Mory Gbane,Reims,"DF,MF",0,-0.26808967809149753,0.5754182520999956,0.8677798985636379,-0.9348697196009353
Ruben Aguilar,Lens,"DF,MF",3,-0.9014034244581538,0.5136438896846466,-0.5788139984156957,0.5830057614368688
Djaoui Cissé,Rennes,MF,1,0.3034141413443867,1.2493470312133832,-0.12858081815468086,-0.047738337973995355
Wahbi Khazri,Montpellier,"FW,MF",7,0.2967675496508558,-1.6948748999549115,-0.08261731222468133,0.43061709475810717
Musa Al-Taamari,Montpellier,"FW,MF",7,0.7657887159593979,-1.3206853130225837,-0.6959406339100764,1.2981753718209943
Timothee Pembele,Le Havre,DF,6,-0.4410910556720013,-0.6353560343903173,0.5709202128392012,-0.2604675884927725
Jaydee Canvot,Toulouse,"DF,MF",0,-0.22620104410341937,0.6049083776313476,0.7627436249122752,-0.7316641673953582
Edimilson Fernandes,Brest,"MF,DF",6,-0.16124762140975155,0.4187723087872334,0.6304795611206186,-0.9560441896208616
Badredine Bouanani,Nice,"MF,FW",4,0.8368954411431125,-0.7308945256117603,-1.4047119139729052,1.0329136340170764
Abner,Lyon,DF,3,-0.5833929232669853,0.2046498279092127,-0.3090686503335714,0.4796790570984064
Alban Lafont,Nantes,GK,5,-1.644246704805787,-0.11886022029777261,1.2862044927008556,-2.320581168786063
Kevin Danso,Lens,DF,2,-1.3679826854451331,1.1619756358001716,0.32622517387713845,-0.7337843157205225
Akor Adams,Montpellier,FW,7,1.575064956572974,-2.136246300013846,0.06058740138657314,1.1143860483495553
Gonçalo Ramos,Paris S,FW,7,2.363778074286673,-1.4867470153490523,-0.4321708848226297,1.457639748568819
Matias Fernandez-Pardo,Lille,"FW,MF",4,1.1735612088309098,-1.307262793170969,-1.3943463733229808,1.1465274610455012
Sofiane Diop,Nice,"MF,FW",4,0.8610422128629106,-0.28207972732796915,-1.9293785682738505,0.6477631530975234
Irvin Cardona,Saint,FW,7,1.5881343269278791,-1.256816902834075,-0.5332299860100278,0.46378450278529315
Rassoul Ndiaye,Le Havre,MF,6,0.3190823926073856,-0.6013972533021922,0.9056095486615914,0.06685232811123686
Jeremie Boga,Nice,"MF,FW",4,0.4961092882633547,-0.8754975840499348,-0.9130299166750349,1.368780269346215
Ernest Nuamah,Lyon,"FW,MF",4,0.4494994110083623,-0.7381890858835534,-0.5570218079454875,0.8735150337077531
Amine Gouiri,Marseille,"FW,MF",4,1.1222449871752689,-0.8646513581936935,-1.8833795837157743,0.40503984271834526
Han-Noah Massengo,Auxerre,MF,6,0.8180799646858204,0.20941976074413432,1.3364330409100054,-0.4357110653136438
Angelo Fulgini,Lens,"MF,FW",4,0.16421851291697287,-0.20875963819127155,-1.5247436588105416,1.0306522127358662
Louis Mouton,Saint,MF,1,0.43323701558989147,0.6586101802540218,0.3236795184146027,0.6575082154758932
Neal Maupay,Marseille,FW,7,1.9744117633849556,-0.9994321902655608,-0.24373813419863852,0.4944403438826524
Aimen Moueffek,Saint,MF,6,0.3815243709356465,-0.3772463909560828,0.3131982492792354,-0.09457381276294487
Yunis Abdelhamid,Saint,DF,0,-0.4397134668925279,0.25672447156769945,1.5723180853691692,-1.2122817513905109
Khalil Fayad,Montpellier,"MF,FW",1,0.2419781005195768,-0.3901846810173004,-0.20973932395903594,-0.6290921159406431
Soungoutou Magassa,Monaco,MF,1,-0.011739337221316875,1.255913767329694,0.4040736210503995,0.5274325172318359
Mohammed Salisu,Monaco,DF,2,-1.2714674054435424,1.6336597560258206,0.5504443464114405,-0.4109958710792275
Warren Kamanzi,Toulouse,"DF,MF",3,-0.09141465970993165,-0.11998151779300326,0.26545548710843314,0.6676156923676455
Saidou Sow,Strasbourg,DF,0,-1.0388922368802793,1.1580566584052798,0.7435673351539831,-1.362033075658821
Théo Sainte-Luce,Montpellier,DF,6,-0.356176933477334,-0.7647172236060634,0.802108166875317,-0.14565098561120954
Rémy Cabella,Lille,"FW,MF",4,-0.04232150590495307,0.27469452077478096,-1.3952245758646147,1.0961785446253667
Paul Joly,Auxerre,DF,3,-1.4881209194316873,0.1282911866385742,0.3922810240910497,0.5222911809651897
Oussama Targhalline,Le Havre,MF,6,0.2420021461581696,-0.3954652677719675,0.55424854382833,-0.6321415662806266
Edon Zhegrova,Lille,"FW,MF",4,0.34637973705155545,-0.8612958923558168,-1.8049782054709806,1.0002804399726175
Yanis Zouaoui,Le Havre,"DF,FW",4,-0.6319857641845952,-0.4019966935610393,-1.8573432608405276,0.2481233914610716
Abdukodir Khusanov,Lens,DF,0,-0.016688872609929406,1.1696776481747275,0.4982748799109128,-1.2741265935834818
Anthony Rouault,Rennes,DF,0,-1.1537964897181618,1.3569247965588194,0.49936179171987316,-0.9009545681437795
Ado Onaiwu,Auxerre,"MF,FW",7,1.5194098173040442,-1.2518652507692503,-0.06079261894957483,0.5994832862737707
Junior Mwanga,Le Havre,MF,1,0.47822791414292554,0.1266266939200289,-0.23715348339347092,-0.09539503842901889
Thiago Almada,Lyon,"MF,FW",4,0.3463696473130087,0.29825857457739013,-2.28879867431355,0.8509774494705927
Sael Kumbedi,Lyon,DF,3,-0.28481186383851104,-0.028348672324972467,0.19453723918964375,0.32604469788016344
Marcus Coco,Nantes,DF,3,-0.9465037070926295,-0.3199758678140109,0.9704646024960748,0.251916447366051
Abakar Sylla,Strasbourg,DF,0,-0.3846080062069977,1.569672613103488,1.7381146436485206,-0.9989999904992583
Yael Mouanga,Montpellier,DF,0,-0.3619956291192845,0.610799387565035,0.9838890337811065,-1.4184504443185482
Antoine Joujou,Le Havre,"MF,FW",7,0.2340604705145251,-1.2408420981338946,-0.40343626318672626,1.0934917820539998
Ibrahima Niane,Angers,FW,7,1.7554376566793637,-1.8841413019927127,0.04759700091045218,1.4705779935403254
Theo Bair,Auxerre,FW,7,1.7639454750965975,-1.8272497060237094,0.6670306235350788,0.8387124663595243
Ulisses Garcia,Marseille,DF,1,-0.37236509859501965,0.8973649672211536,-0.8331492682908166,0.8897380017758304
Jérémy Jacquet,Rennes,DF,0,-0.3243252413574083,1.0431788463228617,0.8567190863429167,-0.23941496688539174
Baptiste Santamaria,Nice,MF,6,0.0012823567615391782,0.7742552533912687,0.6492216910568072,-0.028023944839311556
Khvicha Kvaratskhelia,Paris S,FW,4,0.9145385724176298,-0.1936560747844593,-1.9594778330442988,1.4788760523445832
Wesley Saïd,Lens,FW,7,1.2731688994004642,-1.0995041898758773,0.3380575275907291,0.8506764783484282
Ismaily,Lille,DF,3,-0.9033432474162374,0.6973744952400699,-0.39767701079697987,0.5315349370983142
Romain Faivre,Brest,"MF,FW",4,0.7443564610951694,-0.807003380314509,-1.3530198571417777,0.8740485059977018
Hiroki Sekine,Reims,DF,3,-0.6639251615925802,-0.5555699350110267,-0.02705781108445195,-0.5509653996584083
Goduine Koyalipou,Lens,FW,7,1.7705811283819841,-1.1212907555681328,0.4776166180387763,1.195786128117913
Matvei Safonov,Paris S,GK,5,-1.9977812894877025,0.18939103974114294,1.4768478357027741,-2.2561637066366678
Lucas Hernández,Paris S,DF,2,-1.184338364040797,2.03405180973421,-0.591382013349233,-0.4888550704872475
Mathis Amougou,Saint,MF,6,0.24094444923893982,-0.4621549402818752,0.8025429169936341,-0.2877951339946556
Mamadou Diakhon,Reims,"FW,MF",4,0.6093715068752162,-1.2734387352835848,-0.8072627711142394,1.4996429817010333
Mohamed Abdelmoneim,Nice,DF,0,-0.8206857046772179,1.2081291877521634,0.777363132180441,-0.4856844119326957
Koka,Le Havre,FW,7,2.314717710717522,-1.7028223964770062,0.1598750759734573,0.939290886662478
Zinedine Ferhat,Angers,"FW,MF",4,-0.1524056157643893,-1.067840204915375,-1.125934060143115,0.10382511741592
Seko Fofana,Rennes,MF,1,0.12984891239820684,0.9389645654951932,-1.0224782589613506,0.14716304622101853
Antoine Mendy,Nice,DF,3,-0.7240925828142218,0.5863051340700701,0.6708547693126604,0.23159497869228204
Ibrahim Sissoko,Saint,FW,7,1.4995316179175735,-1.7773165891640526,0.664860037418039,1.2449788626059752
Louis Leroux,Nantes,"MF,DF",6,0.9182110015071002,-0.20499115875685953,0.7587189001327377,0.3754516449535537
Albert Grønbaek,Rennes,"MF,FW",4,0.7066929758460185,-1.5118860926286986,-1.5642818817419033,0.5051930544551131
Senny Mayulu,Paris S,MF,4,0.5420794100868461,0.060322996580778596,-1.1469346086215622,1.537601647003481
Jonathan Rowe,Marseille,"FW,MF",4,1.203416368004322,-0.5934898032866872,-1.3556317657473447,1.4316856541393124
Alidu Seidu,Rennes,DF,3,-0.8966293279346467,0.7544444716669977,0.7142778715907638,0.2181838304052951
Yoann Salmier,Le Havre,DF,0,-0.5017947417825728,0.5122975017488044,1.2811816804786365,-1.255560618028575
Yvann Macon,Saint,DF,3,-0.15622198864723955,-0.6352508068015729,0.05391674807444739,-0.28385116703115776
Jordan Amavi,Brest,DF,3,-1.3771707125446766,-0.24967671081728324,0.5499889054980188,-0.2825535364789603
Tom Louchet,Nice,"DF,MF",3,-0.5832631239668954,0.08527224263382961,-0.0006349233013700006,1.0723723144090578
Sekou Mara,Strasbourg,"FW,MF",7,0.9121991675241077,-1.6944900502130105,0.6089809547763619,0.9421599885479348
Maxime Bernauer,Saint,DF,2,-1.0979419130938448,1.2879922383226883,-0.4535106649723463,-1.3777952573292287
Boubakar Kouyaté,Montpellier,DF,0,-0.2943861534756453,0.3064761833796479,1.9712716676284125,-1.1072408779318794
Teddy Teuma,Reims,MF,4,0.06676646669894955,0.04803902142008966,-1.483729269359021,-0.21461459509085046
Angel Gomes,Lille,MF,1,0.6864664447381293,-0.5508317861599067,-0.7205236718503388,0.1605651146269399
Saïd Benrahma,Lyon,"FW,MF",4,0.2556155467288207,-0.7886987036237911,-1.5304169531176839,1.2681375950267786
Augustine Boakye,Saint,"FW,MF",7,1.282782675748033,-0.8302371067091894,-0.6544735420327213,0.7484304203880319
Mathieu Cafaro,Saint,"MF,FW",7,0.27894817555934726,-1.688499064691443,-0.06736400330376353,0.4218135528071685
Rayan Raveloson,Auxerre,"MF,DF",6,0.16239665503292688,0.149337658657257,0.5297059016227454,-0.7896683291996869
George Ilenikhena,Monaco,FW,7,2.156592836958455,-1.2924589501991917,0.14248676910307975,1.397063903683155
Lucas Mincarelli,Montpellier,DF,6,-0.5766249718210273,-0.5226346375913221,0.9040116107267132,-0.6153181003173143
Jacques Ekomie,Angers,"DF,FW",6,-0.11391333393091872,-0.6258380489312174,1.5283017658243587,0.14452702324298353
Mikayil Ngor Faye,Rennes,DF,2,-1.4677163091532786,1.1317866190109556,0.015240168354555167,-0.6545647346476099
Abdulai Juma Bah,Lens,DF,0,0.034503028379355816,1.0995793333181925,0.5286994100659346,-1.2460811207013187
Pol Lirola,Marseille,DF,0,0.17954873907933047,1.8742082888595526,1.7276210026347862,-0.9801189516593977
Assane Dioussé,Auxerre,MF,1,0.3427421977122001,1.031546883623037,0.1421017742614615,-0.4695547410088432
Glen Kamara,Rennes,MF,6,0.5017422384194227,0.8784434617860756,0.7227253146792053,0.1730522776652346
Emmanuel Sabbi,Le Havre,"FW,MF",7,0.7773479259140548,-1.6100830810376134,0.40214968138206336,0.9573499347216091
Ismaël Bennacer,Marseille,MF,2,-0.731192411221071,1.7121926435917447,-1.6068279377286876,-0.04728280978775955
Chuba Akpom,Lille,FW,7,1.9857228317789972,-1.8889724393948488,-0.30677268408372527,1.4456620738182087
Luck Zogbé,Brest,DF,6,-0.617234283539348,0.14992022747455083,1.4377133266970725,0.48351903483073244
Rémy Labeau Lascary,Lens,"FW,MF",7,1.6199084695059276,-0.12248277851531529,-0.44403750614423043,1.0285638010543228
Yaya Kader Fofana,Reims,"MF,FW",1,1.5133407452715386,-0.08394994077807265,-0.42562913090413645,0.9755503728461722
Rasmus Nicolaisen,Toulouse,DF,0,-0.0442802796551463,1.700335219997676,1.448754117530766,-1.104093524145153
Marco Asensio,Paris S,"FW,MF",4,0.45121980572720904,-0.2672715702126249,-1.1899315413757892,1.7894578343490655
Folarin Balogun,Monaco,FW,7,1.797047031221589,-0.9813937243686496,0.24941855083609366,1.4519295339411729
Andy Delort,Montpellier,FW,7,1.6337710158962175,-2.004033930828921,0.889708003215572,0.920421168396603
Jhoanner Chávez,Lens,"DF,MF",3,-0.8187841661476389,-0.7823230090389174,-0.6077865885374147,0.4775312319216708
Fodé Ballo-Touré,Le Havre,"DF,MF",6,-0.6403920722883185,-0.812674462712006,0.5120908297235487,-0.5379088351705228
Nampalys Mendy,Lens,MF,6,0.9284354427783031,0.304881474277943,1.4169700134860002,-0.45809012247854575
Mahamadou Diawara,Le Havre,MF,6,0.16315405492995055,0.39357466231937804,1.2359112553293639,0.31475956900222846
Nikola Maksimović,Montpellier,DF,0,-0.44351503992056585,0.6473803238703661,0.5343179954766089,-1.5320508037675766
Pierre Cornud,Saint,DF,6,-1.0071832061196753,-0.42134436135195913,0.9510910807762113,-0.729567401910943
Florian Ayé,Auxerre,FW,7,1.9479224278348002,-1.757086913477993,0.5605984879906748,0.5454967571404155
Elye Wahi,Marseille,FW,7,2.37761021001639,-1.3229989131890152,0.022550504982217792,1.496167994888583
Maxence Caqueret,Lyon,MF,1,0.45934402548642145,0.6949258436228435,0.2490191150365979,0.71328495675743
Jordan Teze,Monaco,DF,3,-1.2177362001519003,-0.030588486568547606,-0.32896820509133134,0.856259824474513
Daler Kuzyaev,Le Havre,MF,6,-0.22644679524466865,-0.3862336101456989,1.2820230047207601,-0.7535119383121844
John Joe,Reims,MF,6,0.05647367923616993,-0.5506791029919246,1.5518214794620797,0.17899370525741792
Mohamed Meité,Rennes,FW,7,1.8250370975097991,-1.28754138924712,0.5325804677011099,1.1938116638690028
Andrew Omobamidele,Strasbourg,DF,2,-1.2593373237397065,1.3551937933454008,-0.558923541522254,-1.3845280320794568
Jean-Kevin Duverne,Nantes,DF,6,-0.850205686507971,0.22060527523477913,1.0370144758707498,0.2411104910593966
Bamba Dieng,Angers,FW,7,1.715559049484398,-2.2075813203953167,-0.30923947110374445,1.0321772892340157
Ben Old,Saint,"FW,MF",7,0.4459830428281902,-1.4865895960017195,0.03884369115324298,0.8158269501363905
Amine Harit,Marseille,MF,4,0.7514335640161328,0.19203099080056305,-2.2411046267941637,0.7651825667352359
Tino Kadewere,Nantes,"MF,FW",7,1.279888665272615,-0.4802654336192105,0.6849929113182439,0.557624644196874
Krépin Diatta,Monaco,"DF,FW",3,-1.250051888229707,0.3964034274991544,0.37888817669619246,0.6851160505823637
