player_name,positions,equipe,cluster,tsne_1,tsne_2,tsne_3,tsne_4
Gautier Larsonneur,GK,Saint,2,-3.2240245,-0.6317114,2.4321024,-6.857265
Jordan Lefort,DF,Angers,4,-1.4081943,1.8490521,1.1808524,-2.8957095
Gerónimo Rulli,GK,Marseille,2,-3.6507154,0.15706792,2.5095348,-6.01966
Lucas Chevalier,GK,Lille,2,-3.6173348,-0.023356661,2.394339,-6.0194845
Marcin Bułka,GK,Nice,2,-4.0955563,-0.11817341,2.7568488,-6.2482634
Yehvann Diouf,GK,Reims,2,-2.6853054,0.06530269,2.1662679,-6.824047
Lucas Perri,GK,Lyon,2,-3.793842,0.32808968,2.5520382,-6.5977316
Yahia Fofana,GK,Angers,2,-3.0069382,0.36925063,2.2508037,-7.268112
Marco Bizot,GK,Brest,2,-3.1435971,-0.49876374,2.3145306,-6.4998417
Donovan Léon,GK,Auxerre,2,-2.876979,0.0788782,2.160331,-7.1085343
Andrey Santos,MF,Strasbourg,0,1.7369783,1.1273681,0.8421929,-0.375357
Valentin Atangana Edoa,MF,Reims,0,0.97049534,-0.5589836,1.394417,-0.3929784
Himad Abdelli,"MF,FW",Angers,1,1.2986008,-0.026721744,-0.922751,2.0735533
Mason Greenwood,"FW,MF",Marseille,1,2.055946,-1.8785895,-3.5740292,2.8377583
Đorđe Petrović,GK,Strasbourg,2,-2.801868,0.32931876,2.237369,-6.3495326
Zuriko Davitashvili,"FW,MF",Saint,1,1.6438006,-3.2012,-2.3619843,2.1536977
Gautier Lloris,DF,Le Havre,4,-1.4274168,1.9027299,2.0175798,-2.7177856
Matthis Abline,FW,Nantes,1,3.2750373,-3.1061282,-0.21542138,2.1689699
Bafodé Diakité,DF,Lille,4,-1.8816788,4.1429543,0.44385776,-2.2489643
Adrien Truffert,"DF,MF",Rennes,3,-0.8611712,-0.8577839,-0.9564306,1.0199381
Moussa Niakhate,DF,Lyon,4,-1.3171052,3.1718082,0.2735635,-2.1671722
Guela Doué,DF,Strasbourg,0,-1.7764701,1.9844545,-0.10496092,-0.28624526
Alexsandro Ribeiro,DF,Lille,4,-1.95468,3.7660618,-0.61745316,-1.8644767
Benjamin Lecomte,GK,Montpellier,2,-3.073649,-0.59515196,2.1773262,-6.647877
Cristian Cásseres Jr.,MF,Toulouse,0,2.0021563,0.8960732,-0.50712126,0.039430797
Benjamin André,MF,Lille,0,-0.15338077,2.572612,0.34814152,1.1143801
Gaëtan Perrin,"MF,FW",Auxerre,3,1.1417475,-2.571854,-3.313719,1.2707605
Junya Ito,"FW,MF",Reims,3,-0.32146752,-1.9239156,-3.029772,1.5475246
Aron Dønnum,"DF,MF",Toulouse,3,-0.3074373,-1.1299736,-1.4027752,1.221134
Kenny Lala,DF,Brest,3,-1.954713,0.22591148,-1.1241947,-0.07584798
Florent Hanin,DF,Angers,0,-1.8751978,-0.35712254,0.062477857,-0.00045847287
Pierre Højbjerg,MF,Marseille,3,-1.2629043,3.2868955,-2.368095,-0.17002869
Mahdi Camara,"MF,FW",Brest,0,1.3830885,-0.6413842,0.5458277,0.7201897
Keito Nakamura,"FW,MF",Reims,1,2.8085933,-2.535837,-0.7640873,2.002182
Jubal,DF,Auxerre,4,-1.9433097,1.5593218,2.878488,-3.352598
Ismaël Doukouré,"DF,MF",Strasbourg,4,-1.8232265,3.9323232,1.3132304,-2.4867408
Léo Pétrot,DF,Saint,0,-1.8304535,-0.77088857,1.0254375,-0.915354
Jean-Charles Castelletto,"DF,MF",Nantes,4,-1.1043532,1.9932741,1.5483603,-4.084711
Adrien Thomasson,MF,Lens,3,0.2725732,1.0264841,-0.8660265,1.7000821
Luis Henrique,"DF,FW",Marseille,3,1.1641781,-0.84683305,-1.9932443,1.4358653
Moses Simon,"FW,MF",Nantes,1,1.0868758,-3.0517247,-2.6898751,2.4175162
Charlie Cresswell,DF,Toulouse,4,-1.7990693,2.5215094,1.8757479,-2.370243
Arnaud Kalimuendo,"FW,MF",Rennes,1,4.7627077,-3.5581725,-1.1984634,2.5549397
Pierre Ekwah Elimby,MF,Saint,0,0.15345255,0.84299535,0.2722938,-1.3573964
Diego Moreira,"DF,MF",Strasbourg,3,0.3723802,-1.1414665,-1.0015582,1.9131871
Evann Guessand,"FW,MF",Nice,1,2.71721,-2.6585422,-1.6488762,2.7087924
Jonathan David,FW,Lille,1,4.7888093,-3.568845,-1.1953869,2.6836605
Guillaume Restes,GK,Toulouse,2,-4.072253,-0.6774668,2.4642034,-5.773272
Facundo Medina,DF,Lens,4,-1.8261148,1.9454962,-0.97413456,-1.1908897
Sergio Akieme,DF,Reims,0,-0.8790271,-1.269099,0.3086594,-0.3594542
Dilane Bakwa,"MF,DF",Strasbourg,1,1.0645454,-2.0247233,-2.8679898,2.05883
Mark McKenzie,DF,Toulouse,4,-1.7537993,2.0421424,1.7345217,-2.4596584
Ludovic Ajorque,FW,Brest,1,4.090852,-3.817101,0.49781495,1.4619111
Clément Akpa,DF,Auxerre,4,-0.9123387,1.1676761,1.7797741,-1.7458484
Adrien Rabiot,MF,Marseille,3,0.26285896,1.4418832,-1.6401587,1.3141267
Loïc Nego,"DF,FW",Le Havre,0,-1.6255853,-0.9020942,0.5047411,-0.08592621
Michael Amir Murillo,DF,Marseille,0,-1.5465162,1.9945017,-0.4083181,-0.13011234
Hicham Boudaoui,MF,Nice,0,1.1855785,0.12601319,0.2881908,0.90421563
Brendan Chardonnet,DF,Brest,4,-1.4196699,2.0009868,2.1896777,-2.7006245
Maghnes Akliouche,"FW,MF",Monaco,1,1.3722768,-0.81493264,-2.2856524,3.545391
Vincent Sierro,MF,Toulouse,0,0.914014,0.7214122,-1.2080697,-0.27384475
Thilo Kehrer,DF,Monaco,4,-2.092574,4.1191444,0.7283332,-1.8287332
Clinton Mata,DF,Lyon,4,-1.716333,2.4473724,0.028190186,-1.044671
Mamadou Sarr,DF,Strasbourg,4,-2.1829016,2.9686384,0.73706055,-2.819455
Téji Savanier,MF,Montpellier,3,0.08572229,-0.5786293,-3.0843945,-0.45551363
Lorenz Assignon,"DF,MF",Rennes,3,-0.080434926,-0.8896664,-0.8541892,1.7466917
Habib Diarra,"MF,FW",Strasbourg,1,1.5464776,-1.294329,-0.8534799,0.45903417
Pedro Chirivella,MF,Nantes,0,-0.31781512,1.5759283,-0.7155653,-1.2363056
Elisha Owusu,MF,Auxerre,0,0.80306536,-0.17813683,1.8033073,-0.5611551
Yann Gboho,"MF,FW",Toulouse,1,1.8764807,-2.31539,-1.5219257,2.8638027
Corentin Tolisso,MF,Lyon,3,0.11704033,1.620054,-1.5345014,1.2576946
Abdoulaye Touré,MF,Le Havre,0,2.3110173,-0.130106,0.124455474,-1.5515858
Hugo Magnetti,MF,Brest,0,0.40631387,0.06757218,1.0341682,-0.84619695
Etienne Youte Kinkoue,DF,Le Havre,4,-1.0424132,1.9830736,1.4429148,-3.9446905
Douglas,MF,Nantes,0,1.0543473,0.8188338,0.84555113,-0.520395
Mickael Nade,DF,Saint,4,-1.9923136,2.742218,2.7893257,-2.97356
Jonathan Clauss,"DF,MF",Nice,3,-0.9516772,-0.5607375,-3.12744,0.6845959
Lassine Sinayoko,"FW,MF",Auxerre,1,2.5155618,-3.5902746,-1.4148138,2.6634383
Ludovic Blas,"MF,FW",Rennes,3,1.1978716,-2.6367562,-3.2015376,1.4133519
Emanuel Emegha,FW,Strasbourg,1,4.771928,-2.8654819,0.19836047,3.039412
Gideon Mensah,DF,Auxerre,0,-1.7668236,-0.23417054,0.09490198,0.27011877
Leonardo Balerdi,DF,Marseille,4,-2.3034697,4.0063787,-1.055753,-1.5271289
Takumi Minamino,"MF,FW",Monaco,1,2.3914168,-1.7126018,-0.34166798,2.7439325
Andy Diouf,MF,Lens,1,1.2559677,-0.5620374,-0.7048108,2.1283965
Moïse Bombito,DF,Nice,4,-1.438598,3.0550659,0.54794914,-2.9039738
Cédric Kipré,DF,Reims,4,-1.1701518,2.0899806,0.93183273,-3.1002107
Bradley Barcola,FW,Paris S,1,1.8643911,-1.3630487,-2.9620252,3.8544297
Kelvin Amian,DF,Nantes,0,-0.9666009,-1.5266227,0.9404956,-0.40987557
Gabriel Suazo,DF,Toulouse,3,-1.2347298,-0.31508324,-1.7829639,0.7835953
Denis Zakaria,MF,Monaco,0,2.0928178,1.5758417,0.7707573,-0.49852157
Modibo Sagnan,DF,Montpellier,4,-1.04471,1.4781984,2.3146272,-2.5625732
Willian Pacho,DF,Paris S,4,-2.6457105,3.7409322,-0.22905603,-1.4117713
Dennis Appiah,DF,Saint,0,-2.1578443,-0.7283313,0.693588,-0.43626186
Ki-Jana Hoever,DF,Auxerre,0,-1.7732656,-0.7849864,0.0054374784,0.9130307
Jonathan Gradit,DF,Lens,4,-1.4995849,2.214141,0.7657954,-1.6589459
Sebastian Nanasi,"MF,FW",Strasbourg,3,1.7199929,-1.5912254,-2.810916,1.0182626
Djibril Sidibé,DF,Toulouse,0,-1.5465152,0.6010809,-0.16148835,0.019124862
Yassine Kechta,"MF,FW",Le Havre,0,1.1318859,-1.1401669,1.2365407,0.359199
Wilfried Singo,DF,Monaco,4,-1.8713862,2.6496387,0.4730521,-1.2535086
Hamed Junior Traorè,MF,Auxerre,1,2.3715358,-2.4755058,-1.3814727,2.1848643
Gianluigi Donnarumma,GK,Paris S,2,-4.169635,0.36135542,2.4540155,-6.007301
Azor Matusiwa,MF,Rennes,0,1.23486,1.2765688,0.9395175,-0.31547004
Achraf Hakimi,DF,Paris S,3,-0.92304176,2.7443237,-2.6229897,0.5816833
Vanderson,DF,Monaco,3,-2.0114362,0.3330042,-0.35033733,1.6075231
Lamine Camara,MF,Monaco,3,-0.87381554,-0.094467804,-3.3966806,0.5928292
Alexandre Lacazette,FW,Lyon,1,4.9544554,-3.5994985,-1.0822995,2.7906291
Nicolas Cozza,"DF,MF",Nantes,0,-0.74336773,-1.4271668,1.3427886,-0.30152163
Warren Zaïre-Emery,"MF,DF",Paris S,3,-0.68033403,2.7369533,-1.6978424,0.11435961
Johann Lepenant,MF,Nantes,0,0.90707755,-0.44537118,1.2472843,0.13041778
Carlens Arcus,DF,Angers,0,-1.4171219,-0.6457622,0.6988779,-0.06476398
Vitinha,MF,Paris S,3,-1.2930702,3.5360343,-2.2735777,-0.33786637
Rayan Cherki,"FW,MF",Lyon,1,0.9793149,-0.42977086,-3.9355013,2.7590015
Geoffrey Kondogbia,"DF,MF",Marseille,4,-1.5651059,3.3028982,-0.49282095,-0.8715653
Nicolas Pallois,DF,Nantes,4,-1.2423724,1.4310172,2.894239,-2.6099472
Dylan Batubinsika,DF,Saint,4,-1.3377823,2.372265,1.720501,-3.8560414
Lucas Beraldo,DF,Paris S,4,-2.0755873,4.0754514,-1.0329838,-1.4651169
Nemanja Matić,MF,Lyon,0,-0.44122913,2.071529,-0.8336585,-0.9405816
Josué Casimir,"FW,MF",Le Havre,1,2.3144948,-3.6300108,-1.252705,2.5124037
Ainsley Maitland-Niles,DF,Lyon,3,-1.4623181,0.4772275,-0.31278667,1.6376487
Aurélio Buta,DF,Reims,0,-1.1569943,-0.7709613,0.55715257,-0.31270167
Dante,DF,Nice,4,-1.8798687,2.4914653,-0.076570004,-1.5507697
Jean-Eudes Aholou,MF,Angers,0,1.0100092,-0.45880535,1.4685174,-0.29783028
Sinaly Diomande,DF,Auxerre,4,-1.171635,2.626239,2.8588393,-2.7284346
Melvin Bard,"DF,MF",Nice,3,-2.0912395,-0.12094932,-0.3279469,1.5802786
Youssouf Ndayishimiye,DF,Nice,4,-1.8464836,3.9669237,0.97188455,-2.1406834
Caio Henrique Oliveira Silva,DF,Monaco,3,-1.3055751,-0.10515313,-2.3029375,0.8746811
Thomas Meunier,DF,Lille,3,-1.7513909,1.3292534,-0.7726303,0.9582944
Fabián Ruiz Peña,MF,Paris S,3,-0.72133213,2.7768965,-2.4481921,0.5036732
Issa Soumaré,"FW,MF",Le Havre,1,2.8189797,-3.4045374,-0.4842224,1.6184663
Nicolás Tagliafico,DF,Lyon,3,-1.2900721,1.9330269,-0.41886002,1.2324182
Zakaria Aboukhlal,"MF,FW",Toulouse,1,3.5942845,-3.8834374,-0.30947307,2.7991378
Enzo Tchato,DF,Montpellier,0,-1.5987592,-1.1328468,0.70872945,-0.3862576
Farid El Melali,FW,Angers,3,1.8187977,-3.8487983,-2.750284,2.1112108
Joris Chotard,MF,Montpellier,0,0.20432864,-0.07696715,0.99173903,-1.6302091
Lucas Stassin,FW,Saint,1,3.8704402,-2.9985204,-0.49748656,1.3400214
João Neves,"MF,DF",Paris S,3,-0.68462765,2.8015876,-2.3924983,0.5286802
Breel Embolo,"FW,MF",Monaco,1,3.6650605,-2.9283557,-0.32948315,3.5061483
Gaëtan Laborde,FW,Nice,1,4.6950216,-3.6205797,-1.0813115,2.8022592
Deiver Machado,"DF,MF",Lens,3,-0.83986276,-1.4691329,-0.25152683,1.1946073
Becir Omeragic,DF,Montpellier,4,-0.61442864,1.4210937,1.7521268,-3.7724755
Florian Sotoca,"FW,MF",Lens,1,1.4918596,-0.8385202,-0.20724098,2.7682426
Haris Belkebla,MF,Angers,0,0.22624429,0.54511786,1.5551106,-0.504348
Gabriel Gudmundsson,DF,Lille,3,-0.84004825,-0.5430816,-0.60655844,0.8902973
Félix Lemaréchal,"MF,FW",Strasbourg,1,1.6615237,-1.0629979,-0.22157094,1.4174659
Pablo Rosario,"MF,DF",Nice,0,1.6799772,0.2323081,0.84567225,-0.9780366
Jordan Ferri,MF,Montpellier,0,-0.08760923,1.1105521,-1.1337023,-1.6940057
Benjamin Bouchouari,MF,Saint,0,0.39297715,0.16858551,-0.49685496,-1.4754195
Hákon Arnar Haraldsson,"MF,FW",Lille,3,0.7888242,-1.2927736,-2.418769,1.2647096
Jim Allevinah,FW,Angers,1,2.251729,-3.280859,-0.092796825,2.45022
Eliesse Ben Seghir,"MF,FW",Monaco,1,1.1938647,-0.8767858,-2.757531,2.6611104
Aïssa Mandi,DF,Lille,4,-0.7970053,2.2614164,-0.31213498,-1.7540014
Ousmane Dembélé,FW,Paris S,1,1.7673005,-1.1647147,-3.7778385,3.6475608
Désiré Doué,"FW,MF",Paris S,1,2.1687422,-0.41934586,-3.2753031,3.7033503
Marquinhos,DF,Paris S,4,-1.7735147,4.1178446,-1.40544,-1.3116009
Philipp Köhn,GK,Monaco,2,-3.9596393,0.15758009,2.4253004,-6.376005
Abdoulaye Niakhate Ndiaye,DF,Brest,4,-1.9214083,1.7684027,2.276093,-2.1735637
Joseph Okumu,DF,Reims,4,-1.6896232,2.3667789,-0.50016207,-3.357465
Marshall Munetsi,MF,Reims,1,2.9928775,-3.0735881,1.0428398,1.3672034
Rabby Nzingoula,MF,Montpellier,0,1.0298842,-0.91566163,2.0089042,0.47345325
Hans Hateboer,DF,Rennes,4,-1.3003993,1.9066277,0.1211989,-1.0684701
Massadio Haïdara,DF,Brest,0,-1.9537393,-1.5956188,0.7609731,0.8148116
Nuno Mendes,DF,Paris S,3,-0.8859526,2.6608706,-2.552496,0.57031965
Joshua King,"FW,MF",Toulouse,1,3.4079347,-3.3659346,-0.077741854,2.4151864
Lee Kang-in,"FW,MF",Paris S,1,0.8055485,-0.24512073,-3.8823998,2.5213938
Gabriel Osho,DF,Auxerre,4,-1.8691677,1.4969604,1.912431,-3.2655048
Esteban Lepaul,FW,Angers,1,3.7896411,-3.2086716,0.2967772,1.2827624
Oumar Diakité,FW,Reims,1,3.1893642,-3.0030136,0.25923774,2.2757254
Mohamed Ali Cho,"FW,MF",Nice,1,1.9290676,-2.0966494,-1.863855,2.873001
Arthur Desmas,GK,Le Havre,2,-3.641274,-0.38353726,2.3299484,-6.8027725
Quentin Merlin,DF,Marseille,3,-1.0545249,0.34589058,-2.0740683,1.4373777
Malick Fofana,FW,Lyon,1,1.8542696,-1.9371169,-2.1440399,3.2627766
Neil El Aynaoui,MF,Lens,0,1.2384778,0.6687239,-1.6594677,-0.41999978
Duje Ćaleta-Car,DF,Lyon,4,-2.336742,2.561751,1.2763052,-2.7184265
Mathias Pereira Lage,"FW,MF",Brest,3,1.3507807,-3.2917771,-2.8948,0.9182343
Anthony Lopes,GK,Nantes,2,-3.1481926,-0.63892806,2.0078323,-6.2407036
Valentin Rongier,"MF,DF",Marseille,3,-1.113668,3.24012,-0.84128577,0.2759284
Jordan Veretout,MF,Lyon,0,0.28559512,1.5168539,-0.5903372,-0.29671204
Brice Samba,GK,Rennes,2,-3.3341963,-0.17927669,2.2522404,-6.274237
Pierre Lees-Melou,MF,Brest,0,0.64151096,2.57597,-0.6083668,-0.011767586
Yassin Belkhdim,MF,Angers,0,0.68731534,-0.5280548,1.8232546,-0.35694575
Frank Magri,"FW,MF",Toulouse,1,3.5876303,-3.536411,0.69358075,2.2133658
Nathan Zeze,DF,Nantes,4,-0.8125074,1.9272128,1.3633182,-2.6249645
Abdoulaye Bamba,DF,Angers,4,-0.73690903,0.8111388,1.4022828,-4.0033793
Christian Mawissa,DF,Monaco,4,-1.7904444,2.6796944,1.7649833,-0.760575
Steve Mandanda,GK,Rennes,2,-3.3721287,0.2346521,1.9689175,-6.8692493
Tanguy Coulibaly,"FW,MF",Montpellier,1,1.3763491,-3.1851556,0.3798963,1.4374866
M'Bala Nzola,FW,Lens,1,3.995327,-2.8651862,0.44214818,3.0688827
Kévin Danois,MF,Auxerre,0,1.0194777,0.92174435,0.114551626,1.1639543
Christopher Wooh,DF,Rennes,4,-0.6309879,2.846054,1.8170946,-2.8267887
André Ayew,FW,Le Havre,1,3.29989,-3.392845,1.1745949,1.4707279
Georges Mikautadze,FW,Lyon,1,4.4889874,-3.4484336,-1.826248,2.7776048
Mathieu Gorgelin,GK,Le Havre,2,-2.9108384,-0.080792956,1.9303743,-6.5633907
Derek Cornelius,DF,Marseille,4,-2.924879,2.9471314,-1.1303405,-2.603869
Anass Zaroury,"FW,MF",Lens,3,-0.28670308,-1.5964752,-2.9053733,1.522825
Ali Abdi,"DF,MF",Nice,3,-0.90713996,-0.1879835,-0.21394219,2.3837526
Przemysław Frankowski,DF,Lens,3,-1.6743392,0.701225,-1.8441297,1.0933132
Malang Sarr,DF,Lens,4,-1.981436,1.7060982,-0.017223254,-3.1718378
Julien Le Cardinal,DF,Brest,4,-0.37817076,2.8673065,1.8859313,-3.407044
Radosław Majecki,GK,Monaco,2,-4.0582094,0.18619561,2.4173934,-6.368773
Emmanuel Biumla,DF,Angers,4,-2.0719528,1.2681459,2.0938783,-3.4202569
Kamory Doumbia,"MF,FW",Brest,0,2.5820577,0.97207797,-0.60726875,0.118469685
Sorba Thomas,"FW,MF",Nantes,3,-0.510387,-1.8970509,-3.0288808,1.436687
Lilian Raolisoa,"DF,FW",Angers,3,-0.8413079,-2.2854207,-1.2378764,-0.049629465
Amadou Koné,MF,Reims,0,0.6604939,1.3759336,2.1760254,-0.1785964
Osame Sahraoui,"FW,MF",Lille,1,1.4399995,-1.1469082,-2.2055094,3.2961266
André Gomes,MF,Lille,0,-0.22045705,2.1481671,-1.0708349,-0.5431668
Mathew Ryan,GK,Lens,2,-3.6207824,-0.12401651,2.1961915,-6.3035483
Emmanuel Agbadou,DF,Reims,4,-1.273461,2.5151331,-0.74813694,-2.6745186
Romain Del Castillo,FW,Brest,3,0.26191008,-2.345925,-3.7911916,1.3135571
Mostafa Mohamed,FW,Nantes,1,3.6369278,-3.8443315,0.32002014,2.0128076
Florian Tardieu,MF,Saint,0,-0.1399051,1.2906436,-1.528324,-1.6568393
Arouna Sangante,DF,Le Havre,4,-1.7947973,4.203474,1.6573354,-2.3930373
Abdallah Sima,"FW,MF",Brest,1,3.624801,-3.1847832,-0.21944456,1.5557698
Tanner Tessmann,MF,Lyon,0,0.6444172,2.229779,-0.15536004,-0.8270892
Lilian Brassier,DF,Rennes,4,-1.8178416,2.7849236,-0.3029521,-2.3528626
Falaye Sacko,DF,Montpellier,0,-1.727719,-1.0288912,1.3276143,-1.7357848
Mika Biereth,FW,Monaco,1,5.1383514,-2.8256907,-1.3008534,2.7747378
Leo Skiri Østigård,DF,Rennes,4,-1.661494,2.4016597,1.4811168,-2.1869266
Ngal'Ayel Mukau,MF,Lille,0,0.55425054,1.0792835,0.8982252,0.3329718
Shavy Babicka,"MF,FW",Toulouse,1,2.755249,-3.1252842,-0.9659547,2.3440213
Jordan James,MF,Rennes,0,1.0509474,0.70148194,-0.5393033,0.37843448
Christopher Operi,"DF,FW",Le Havre,3,-1.2359604,-1.2541047,-2.9131923,0.39853615
Arnaud Nordin,FW,Montpellier,1,1.6864389,-3.1255515,-0.5893527,1.7727141
Nhoa Sangui,"DF,MF",Reims,0,-0.7586237,-0.7441152,-0.02665495,-0.87142336
Valentín Barco,"MF,DF",Strasbourg,0,-1.3681442,1.1705364,0.5393373,0.4561831
Issiaga Sylla,DF,Montpellier,0,-1.7112185,-1.902451,0.1657897,-0.35164058
Aleksandr Golovin,"MF,FW",Monaco,3,1.271206,0.63961434,-1.0453508,2.2248926
Ayyoub Bouaddi,MF,Lille,0,0.45646173,0.8538217,1.3537352,0.7112495
Mama Samba Baldé,FW,Brest,1,2.6963956,-3.5097797,-0.08060479,2.8603723
Mitchel Bakker,"FW,DF",Lille,3,0.41797605,-1.1095012,-2.6232371,1.1937249
Tanguy Ndombele,MF,Nice,0,1.5635855,0.17798585,0.3136741,1.313456
Mory Gbane,"DF,MF",Reims,4,-0.450713,1.0600209,1.3610725,-2.5411072
Ruben Aguilar,"DF,MF",Lens,3,-1.7939504,0.9282858,-1.0160325,1.3472459
Djaoui Cissé,MF,Rennes,0,0.7614276,2.4971879,-0.27619007,-0.26853603
Wahbi Khazri,"FW,MF",Montpellier,1,0.7473304,-3.781426,-0.20066087,0.9568707
Musa Al-Taamari,"FW,MF",Montpellier,1,1.7421087,-2.983459,-1.2085,3.1793013
Timothee Pembele,DF,Le Havre,0,-0.81764317,-1.5219802,0.87325996,-0.81348616
Jaydee Canvot,"DF,MF",Toulouse,4,-0.3618686,1.1229092,1.1884724,-2.020554
Edimilson Fernandes,"MF,DF",Brest,4,-0.22410455,0.7259702,0.97113043,-2.59535
Badredine Bouanani,"MF,FW",Nice,1,1.8929237,-1.725718,-2.3731833,2.4997783
Abner,DF,Lyon,3,-1.1194607,0.2693496,-0.5727754,1.0825531
Alban Lafont,GK,Nantes,2,-3.3694963,-0.42054224,2.0486457,-6.0908947
Kevin Danso,DF,Lens,4,-2.7835495,2.3108666,0.4711666,-2.0259852
Akor Adams,FW,Montpellier,1,3.4585567,-4.7226596,0.034659244,2.7084868
Gonçalo Ramos,FW,Paris S,1,5.131391,-3.337589,-0.77506226,3.5878024
Matias Fernandez-Pardo,"FW,MF",Lille,1,2.6069806,-2.9548352,-2.3561502,2.7908237
Sofiane Diop,"MF,FW",Nice,3,1.9441382,-0.7686112,-3.235338,1.5131354
Irvin Cardona,FW,Saint,1,3.4862764,-2.8472583,-0.9411269,1.0418359
Rassoul Ndiaye,MF,Le Havre,0,0.79465944,-1.4495624,1.4232358,0.025011746
Jeremie Boga,"MF,FW",Nice,1,1.1701276,-2.034087,-1.5652304,3.3601704
Ernest Nuamah,"FW,MF",Lyon,1,1.0712696,-1.7412738,-0.98022264,2.0914457
Amine Gouiri,"FW,MF",Marseille,3,2.4981406,-2.0109572,-3.1597505,0.89134926
Han-Noah Massengo,MF,Auxerre,0,1.8530167,0.27952158,2.1311834,-1.2624087
Angelo Fulgini,"MF,FW",Lens,1,0.4661983,-0.6122546,-2.5704246,2.4939852
Louis Mouton,MF,Saint,0,1.0367776,1.2374294,0.46698347,1.5380994
Neal Maupay,FW,Marseille,1,4.305558,-2.2983801,-0.4654215,1.1203672
Aimen Moueffek,MF,Saint,0,0.9270968,-0.97155607,0.4497602,-0.38851482
Yunis Abdelhamid,DF,Saint,4,-0.81472135,0.38039985,2.5187998,-3.2517557
Khalil Fayad,"MF,FW",Montpellier,0,0.6311238,-0.99914724,-0.4095532,-1.7577944
Soungoutou Magassa,MF,Monaco,0,0.09299755,2.5111916,0.5990905,1.2048835
Mohammed Salisu,DF,Monaco,4,-2.5788438,3.3167427,0.83961314,-1.1990956
Warren Kamanzi,"DF,MF",Toulouse,0,-0.07599116,-0.42293343,0.37130725,1.5639918
Saidou Sow,DF,Strasbourg,4,-2.0855596,2.3025093,1.1569611,-3.6353748
Théo Sainte-Luce,DF,Montpellier,0,-0.63754314,-1.7978456,1.2531579,-0.5193596
Rémy Cabella,"FW,MF",Lille,1,0.028133787,0.41872135,-2.3575933,2.6618445
Paul Joly,DF,Auxerre,3,-3.0383587,0.106513225,0.5797124,1.1917129
Oussama Targhalline,MF,Le Havre,0,0.6311748,-1.0104082,0.84586436,-1.7656062
Edon Zhegrova,"FW,MF",Lille,1,0.8525562,-2.0038016,-3.030918,2.4161816
Yanis Zouaoui,"DF,FW",Le Havre,3,-1.2225245,-1.0243366,-3.1169665,0.4893752
Abdukodir Khusanov,DF,Lens,4,0.08249975,2.3272913,0.75388604,-3.4101841
Anthony Rouault,DF,Rennes,4,-2.3292677,2.7265997,0.7556721,-2.4542265
Ado Onaiwu,"MF,FW",Auxerre,1,3.340514,-2.8366988,-0.1647976,1.3894565
Junior Mwanga,MF,Le Havre,0,1.1322018,0.10296366,-0.45460132,-0.39061856
Thiago Almada,"MF,FW",Lyon,1,0.8525348,0.46897218,-3.8259525,2.033711
Sael Kumbedi,DF,Lyon,0,-0.4861802,-0.2275245,0.25477135,0.6889868
Marcus Coco,DF,Nantes,0,-1.8896066,-0.8494255,1.5298084,0.4990919
Abakar Sylla,DF,Strasbourg,4,-0.6978445,3.1802888,2.7912438,-2.7053902
Yael Mouanga,DF,Montpellier,4,-0.6498844,1.1354719,1.551868,-3.7798996
Antoine Joujou,"MF,FW",Le Havre,1,0.61433077,-2.8131917,-0.7278443,2.6549618
Ibrahima Niane,FW,Angers,1,3.8411212,-4.1850405,0.013312862,3.6209464
Theo Bair,FW,Auxerre,1,3.859166,-4.063718,1.0311927,2.0022917
Ulisses Garcia,DF,Marseille,3,-0.6718777,1.7465789,-1.4339671,2.1330042
Jérémy Jacquet,DF,Rennes,0,-0.56998676,2.05753,1.3428969,-0.7595555
Baptiste Santamaria,MF,Nice,0,0.12061613,1.4840449,1.0019283,-0.21803352
Khvicha Kvaratskhelia,FW,Paris S,1,2.0576022,-0.58004594,-3.2847984,3.6422036
Wesley Saïd,FW,Lens,1,2.8182452,-2.5117857,0.49061003,2.03294
Ismaily,DF,Lille,3,-1.7980647,1.3200951,-0.71838045,1.2153927
Romain Faivre,"MF,FW",Brest,1,1.6966516,-1.8880217,-2.2882407,2.0928123
Hiroki Sekine,DF,Reims,0,-1.2902669,-1.3518347,-0.10936312,-1.5576566
Goduine Koyalipou,FW,Lens,1,3.87324,-2.558246,0.7199395,2.91701
Matvei Safonov,GK,Paris S,2,-4.1193314,0.23680992,2.361919,-5.925876
Lucas Hernández,DF,Paris S,4,-2.394046,4.170587,-1.0366848,-1.3985481
Mathis Amougou,MF,Saint,0,0.62893146,-1.1526253,1.2538723,-0.88349134
Mamadou Diakhon,"FW,MF",Reims,1,1.410353,-2.8827047,-1.3914293,3.6954024
Mohamed Abdelmoneim,DF,Nice,4,-1.6227508,2.40929,1.2124958,-1.3904258
Koka,FW,Le Havre,1,5.0273356,-3.7983742,0.197813,2.2599442
Zinedine Ferhat,"FW,MF",Angers,3,-0.20535095,-2.4442616,-1.9150836,0.11972522
Seko Fofana,MF,Rennes,3,0.39330152,1.8352909,-1.7450806,0.23074432
Antoine Mendy,DF,Nice,0,-1.41788,1.0832374,1.0374767,0.44703424
Ibrahim Sissoko,FW,Saint,1,3.298353,-3.9572346,1.0276259,3.0430274
Louis Leroux,"MF,DF",Nantes,0,2.0653913,-0.60421824,1.1818588,0.81555295
Albert Grønbaek,"MF,FW",Rennes,3,1.6167686,-3.3911986,-2.6353955,1.1479125
Senny Mayulu,MF,Paris S,1,1.2676287,-0.03843034,-1.9495926,3.7926414
Jonathan Rowe,"FW,MF",Marseille,1,2.6703024,-1.4326996,-2.2925327,3.5213156
Alidu Seidu,DF,Rennes,0,-1.7838247,1.441798,1.1088314,0.4126788
Yoann Salmier,DF,Le Havre,4,-0.94639367,0.9254146,2.040392,-3.3626235
Yvann Macon,DF,Saint,0,-0.21344535,-1.5217558,0.023697741,-0.87338805
Jordan Amavi,DF,Brest,0,-2.803037,-0.6995111,0.83886474,-0.8700639
Tom Louchet,"DF,MF",Nice,3,-1.1191854,0.014774441,-0.0659439,2.6008599
Sekou Mara,"FW,MF",Strasbourg,1,2.0526404,-3.7806053,0.935803,2.267294
Maxime Bernauer,DF,Saint,4,-2.210802,2.5795996,-0.8101287,-3.6757529
Boubakar Kouyaté,DF,Montpellier,4,-0.50648695,0.4864964,3.1743774,-2.9826717
Teddy Teuma,MF,Reims,3,0.25950575,-0.06462617,-2.503028,-0.6960242
Angel Gomes,MF,Lille,1,1.5738688,-1.3417305,-1.2488959,0.2650765
Saïd Benrahma,"FW,MF",Lyon,1,0.66004837,-1.8489866,-2.5797472,3.1023533
Augustine Boakye,"FW,MF",Saint,1,2.8386357,-1.9375681,-1.1403595,1.7710155
Mathieu Cafaro,"MF,FW",Saint,1,0.7095361,-3.7678294,-0.17559598,0.9343186
Rayan Raveloson,"MF,DF",Auxerre,0,0.4623342,0.15139526,0.80553484,-2.1691437
George Ilenikhena,FW,Monaco,1,4.691958,-2.9232657,0.16923979,3.4326248
Lucas Mincarelli,DF,Montpellier,0,-1.1051061,-1.2815995,1.42061,-1.7225094
Jacques Ekomie,"DF,FW",Angers,0,-0.1237101,-1.5016829,2.4464703,0.2239916
Mikayil Ngor Faye,DF,Rennes,4,-2.9950812,2.2464879,-0.03985727,-1.8230478
Abdulai Juma Bah,DF,Lens,4,0.19107607,2.1778052,0.80388093,-3.3383398
Pol Lirola,DF,Marseille,4,0.4987132,3.8297174,2.7740002,-2.6570225
Assane Dioussé,MF,Auxerre,0,0.8448411,2.0327246,0.16860715,-1.3491063
Glen Kamara,MF,Rennes,0,1.1820749,1.7062284,1.1227126,0.29706496
Emmanuel Sabbi,"FW,MF",Le Havre,1,1.7666254,-3.6006057,0.595929,2.3062062
Ismaël Bennacer,MF,Marseille,3,-1.4329385,3.4842157,-2.705309,-0.2673691
Chuba Akpom,FW,Lille,1,4.3295484,-4.195343,-0.56900257,3.5571191
Luck Zogbé,DF,Brest,0,-1.1912371,0.1526376,2.2976115,1.09239
Rémy Labeau Lascary,"FW,MF",Lens,1,3.5536683,-0.42826742,-0.794562,2.4886353
Yaya Kader Fofana,"MF,FW",Reims,1,3.3276417,-0.34609535,-0.76431257,2.3528304
Rasmus Nicolaisen,DF,Toulouse,4,0.023979293,3.4589295,2.3157542,-2.9746091
Marco Asensio,"FW,MF",Paris S,1,1.0749185,-0.7370325,-2.020247,4.4378233
Folarin Balogun,FW,Monaco,1,3.9293733,-2.2599127,0.34495467,3.5731745
Andy Delort,FW,Montpellier,1,3.5830703,-4.440714,1.3971057,2.2116055
Jhoanner Chávez,"DF,MF",Lens,3,-1.6187177,-1.8353903,-1.0636415,1.077051
Fodé Ballo-Touré,"DF,MF",Le Havre,0,-1.240354,-1.9001154,0.776589,-1.5242095
Nampalys Mendy,MF,Lens,0,2.087077,0.48309565,2.2635252,-1.3197373
Mahamadou Diawara,MF,Le Havre,0,0.46394062,0.6722357,1.9660017,0.6600776
Nikola Maksimović,DF,Montpellier,4,-0.82278436,1.2134815,0.81311363,-4.0709105
Pierre Cornud,DF,Saint,0,-2.0183058,-1.0655959,1.497973,-2.0151827
Florian Ayé,FW,Auxerre,1,4.249375,-3.9140944,0.85629886,1.2511588
Elye Wahi,FW,Marseille,1,5.1607285,-2.9883928,-0.027844612,3.6865005
Maxence Caqueret,MF,Lyon,0,1.0921497,1.3148733,0.3442983,1.6809831
Jordan Teze,DF,Monaco,3,-2.4648817,-0.23230095,-0.6054752,2.0472429
Daler Kuzyaev,MF,Le Havre,0,-0.36238983,-0.9907215,2.0417745,-2.0765216
John Joe,MF,Reims,0,0.23767509,-1.3414049,2.4851189,0.31228516
Mohamed Meité,FW,Rennes,1,3.9887393,-2.9127789,0.81025845,2.911952
Andrew Omobamidele,DF,Strasbourg,4,-2.5531163,2.7229083,-0.98334765,-3.6930003
Jean-Kevin Duverne,DF,Nantes,0,-1.6853617,0.30337492,1.639166,0.4714102
Bamba Dieng,FW,Angers,1,3.75654,-4.874783,-0.5730561,2.497892
Ben Old,"FW,MF",Saint,1,1.0638115,-3.3372533,-0.0010709512,1.9436657
Amine Harit,MF,Marseille,3,1.7116619,0.24243967,-3.7475796,1.8139296
Tino Kadewere,"MF,FW",Nantes,1,2.8324976,-1.1912463,1.0607091,1.2822269
Krépin Diatta,"DF,FW",Monaco,3,-2.5334222,0.6782681,0.5577047,1.6088226
