player_name,equipe,positions,age,player_id,player_country_code,umap_1,umap_2,umap_3,umap_4,umap_5,umap_6,umap_7,umap_8,umap_9,umap_10,cluster
Jordan Lefort,Angers,DF,30.0,c3e4ecbb,FRA,6.405277,5.122335,5.856289,9.122155,4.9710164,5.736353,7.8618803,2.1491182,4.7670097,8.540083,3
Andrey Santos,Strasbourg,MF,20.0,dd745366,BRA,5.954394,6.074039,6.1049356,7.8471594,4.86024,3.631446,6.022671,3.1305058,5.151732,8.796114,4
Valentin Atangana Edoa,Reims,MF,18.0,6b5edd5d,FRA,5.894468,5.8649535,6.296276,7.7726026,4.885701,3.7164943,5.6019206,3.463521,5.3384113,8.650223,4
Himad Abdelli,Angers,"MF,FW",24.0,7978cbf0,ALG,6.203196,5.8118067,6.529578,6.920866,4.4989896,3.4090738,6.581034,2.7152252,4.3601274,9.15233,1
Mason Greenwood,Marseille,"FW,MF",22.0,58eee997,ENG,6.8590803,5.685326,7.636818,5.632769,3.7030373,2.511763,6.469301,2.7793043,3.345909,8.7568035,1
Zuriko Davitashvili,Saint,"FW,MF",23.0,88b4d2e3,GEO,6.6028643,6.022197,7.4525847,6.0344567,3.649634,2.5449026,6.09228,2.9071681,3.342545,8.710494,1
Gautier Lloris,Le Havre,DF,29.0,ac89503b,FRA,6.38022,4.8230677,6.0643344,9.144251,4.858322,5.90707,7.8467627,2.282953,4.7302175,8.444704,3
Matthis Abline,Nantes,FW,21.0,0e46fa2f,FRA,7.1614614,4.906963,8.105177,4.8106956,3.6964905,2.6140819,6.4412622,3.1948438,3.3296852,8.479656,2
Bafodé Diakité,Lille,DF,23.0,1bfb6fef,FRA,6.1783285,5.6918764,5.303581,8.84436,5.285534,5.286288,8.004065,2.032844,4.706418,9.113461,3
Adrien Truffert,Rennes,"DF,MF",22.0,5d0e0a1f,FRA,6.0482416,6.551531,6.5138354,7.495663,3.877495,3.1094441,6.392929,2.4570103,3.8790526,8.985813,1
Moussa Niakhate,Lyon,DF,28.0,00242715,SEN,6.2404,5.4947767,5.6568,8.792536,4.9947987,5.245912,7.7363033,2.1360254,4.667715,8.913237,3
Guela Doué,Strasbourg,DF,21.0,b4ef3fb5,CIV,6.0528636,6.3338695,5.9153337,8.60834,4.4066277,4.400134,7.1393085,2.1559644,4.3726444,8.839169,1
Alexsandro Ribeiro,Lille,DF,24.0,102c9665,BRA,6.169161,5.652316,5.3010573,8.807349,5.2930303,5.1883655,7.894687,2.0562494,4.748332,9.155049,3
Cristian Cásseres Jr.,Toulouse,MF,24.0,f86fe8c1,VEN,5.9716845,6.2028537,6.340669,7.7505116,4.4627895,3.356538,5.8307133,3.1356738,4.710285,8.683592,4
Benjamin André,Lille,MF,33.0,ef9c1c95,FRA,5.902953,6.224936,6.0188646,7.806741,4.8186493,3.6380992,6.3146377,2.8186939,5.0039234,9.066669,4
Gaëtan Perrin,Auxerre,"MF,FW",28.0,10dd88f9,FRA,6.2755613,6.387191,6.9933667,6.613168,3.7187867,2.5301118,5.9885473,2.8317904,3.552877,8.795575,1
Junya Ito,Reims,"FW,MF",31.0,dbd3a428,JPN,6.309141,6.270791,6.9453917,6.523212,3.6693468,2.5708141,6.1276217,2.7882392,3.5279796,8.808219,1
Aron Dønnum,Toulouse,"DF,MF",26.0,10cff752,NOR,6.1460524,6.38278,6.686181,7.0257807,3.9604738,2.9286914,6.2458224,2.651768,3.8642504,8.985152,1
Kenny Lala,Brest,DF,32.0,770d7eb8,MAD,6.064212,6.611172,6.3925047,7.947802,3.7759147,3.3079464,6.5002036,2.4039204,3.8192317,8.741039,1
Florent Hanin,Angers,DF,34.0,6bfb4303,ALG,5.9546986,6.697702,6.348647,8.451643,3.7498927,3.4427156,6.529455,2.235425,3.9626672,8.842789,1
Pierre Højbjerg,Marseille,MF,28.0,8b04d6c1,DEN,6.0949345,5.989527,5.916573,7.9814086,4.790476,4.1272,7.2263303,2.3071914,4.533805,9.185993,1
Mahdi Camara,Brest,"MF,FW",26.0,8577e60a,FRA,5.874834,5.974893,6.4899955,7.4637456,4.6559544,3.593943,5.6666765,3.2563295,5.1097536,8.865041,4
Keito Nakamura,Reims,"FW,MF",24.0,d97af612,JPN,7.1532435,4.9642615,7.7638025,5.1014743,3.8377476,2.6716022,6.554458,3.1209776,3.658895,8.32897,2
Jubal,Auxerre,DF,30.0,56ae428b,BRA,6.4293756,4.3839307,6.323421,9.366508,5.0713515,6.228497,7.9148245,2.397729,5.1925545,8.270212,3
Ismaël Doukouré,Strasbourg,"DF,MF",21.0,0512a60a,FRA,6.298708,5.2425227,5.9096203,8.983186,5.2130647,5.585204,7.8997993,2.311125,4.9970665,8.626003,3
Léo Pétrot,Saint,DF,27.0,00638016,FRA,6.056191,6.29128,6.131636,8.711661,4.1461463,4.353702,6.9173837,2.2657678,4.2685585,8.614854,1
Jean-Charles Castelletto,Nantes,"DF,MF",29.0,e0f3a1f6,CMR,6.546406,4.3704343,6.181394,9.178107,5.161316,6.2554593,7.970887,2.4741204,5.0345187,8.200509,3
Adrien Thomasson,Lens,MF,30.0,c76b7567,FRA,5.8907046,6.342775,6.3811374,7.557247,4.3586516,3.3365295,6.2698774,2.5986109,4.49337,9.247724,1
Luis Henrique,Marseille,"DF,FW",22.0,f36d5624,BRA,6.6663194,5.5283546,7.0060124,6.2113023,4.0383325,3.014048,6.6845503,2.7815435,3.9119804,8.687514,1
Moses Simon,Nantes,"FW,MF",29.0,5f3eaaf5,NGA,6.577295,5.909174,7.2790256,5.9306617,3.7560349,2.613847,6.369471,2.7629077,3.492786,8.908226,1
Charlie Cresswell,Toulouse,DF,21.0,4654e5f5,ENG,6.3406477,4.64714,6.0921082,9.1780205,5.0939255,6.0647006,8.002839,2.3733547,4.9516673,8.48788,3
Arnaud Kalimuendo,Rennes,"FW,MF",22.0,bf4c41f9,FRA,7.416383,4.7222643,8.432895,4.740057,3.6670082,2.7499328,6.704271,3.169759,3.3026104,8.278108,2
Pierre Ekwah Elimby,Saint,MF,22.0,830371be,FRA,6.050947,5.948686,5.9428005,8.268999,4.8291364,4.281385,6.8758163,2.5703967,4.807685,8.898554,1
Diego Moreira,Strasbourg,"DF,MF",19.0,12de1b0d,BEL,6.345928,5.9536695,6.812411,6.6622295,4.0939145,3.1499388,6.5678043,2.6280434,3.9499905,9.013675,1
Evann Guessand,Nice,"FW,MF",23.0,b73f17f8,CIV,6.7444344,5.375946,7.646194,5.2618194,3.6082242,2.676571,6.255322,3.2126784,3.2954423,8.617778,1
Jonathan David,Lille,FW,24.0,ce50fd99,CAN,7.526618,4.582997,8.580286,4.6127243,3.6998959,2.767539,6.6552634,3.2563837,3.2382817,8.197937,2
Facundo Medina,Lens,DF,25.0,6f5ec8bb,ARG,6.0933633,5.973268,5.817435,8.484668,4.798965,4.504327,7.323118,2.2346377,4.578797,9.0013895,3
Sergio Akieme,Reims,DF,26.0,06efa9dc,ESP,6.235153,6.327729,6.6140714,8.271789,3.6134713,3.6095219,6.5524406,2.3868327,3.8716066,8.439057,1
Dilane Bakwa,Strasbourg,"MF,DF",21.0,2b5a35e5,FRA,6.464677,6.1103883,7.16257,6.178234,3.7612548,2.5452752,6.2316318,2.762804,3.5164864,8.887016,1
Mark McKenzie,Toulouse,DF,25.0,a5f5d094,USA,6.527737,4.696669,6.0686564,8.977431,4.9437404,5.8613405,7.6977296,2.4560874,4.7459517,8.222012,3
Ludovic Ajorque,Brest,FW,30.0,462475ed,FRA,7.2386894,4.3938375,8.298134,4.5706725,3.612748,2.842383,6.0048876,3.7273846,3.1185,8.168849,2
Clément Akpa,Auxerre,DF,22.0,0abb5072,CIV,6.324466,4.7071,6.3830028,8.901277,5.1034045,5.415753,7.4193535,2.632487,5.312814,8.450972,3
Adrien Rabiot,Marseille,MF,29.0,8794e251,FRA,6.09757,5.943938,6.480685,7.099204,4.5103693,3.4459863,6.460146,2.7174962,4.534089,9.173205,1
Loïc Nego,Le Havre,"DF,FW",33.0,c3b6fa1e,HUN,5.9285693,6.6656837,6.2407856,8.650104,3.8592942,3.615042,6.3793325,2.4287994,4.1683865,8.62553,1
Michael Amir Murillo,Marseille,DF,28.0,349cae8f,PAN,6.1121926,6.1902566,6.006181,8.246093,4.4476824,4.2115507,7.188802,2.2066624,4.3473716,8.946037,1
Hicham Boudaoui,Nice,MF,24.0,f9d5908e,ALG,5.953905,5.7849154,6.396389,7.4133058,4.7841644,3.5736704,5.9666824,3.1229787,4.9690757,9.030452,4
Brendan Chardonnet,Brest,DF,29.0,16aa7d4c,FRA,6.2674623,4.4461346,6.310296,9.107693,5.0335093,5.9305334,7.774866,2.552558,5.0976624,8.484857,3
Maghnes Akliouche,Monaco,"FW,MF",22.0,b625b241,FRA,6.633888,5.7905407,7.326412,5.705836,3.6831577,2.4220717,6.3512087,2.8128293,3.460713,8.818735,1
Vincent Sierro,Toulouse,MF,28.0,92ffb8f9,SUI,6.2382092,5.986807,6.582104,7.4684772,4.255775,3.2690268,5.9871154,3.1298935,4.3062143,8.4450445,4
Thilo Kehrer,Monaco,DF,27.0,51dbeea9,GER,6.2741733,5.3202147,5.596201,8.87514,5.092376,5.3355255,7.7428308,2.1235926,4.7544236,8.961918,3
Clinton Mata,Lyon,DF,31.0,55abe554,ANG,6.2089663,5.7790923,5.83763,8.662686,4.7762327,4.9376826,7.490348,2.2152908,4.5809846,8.781163,3
Mamadou Sarr,Strasbourg,DF,18.0,61f80c89,FRA,6.347591,5.0353675,5.731433,9.057814,5.177053,5.870975,8.058525,2.2082078,4.7919,8.685138,3
Téji Savanier,Montpellier,MF,32.0,6bde367b,FRA,6.2445426,6.3438263,6.8897123,6.700715,3.9570627,2.603939,5.980337,2.843226,3.8111079,8.849388,1
Lorenz Assignon,Rennes,"DF,MF",24.0,b026bbf6,TOG,6.1063643,6.3807964,6.4833236,7.3911085,4.0610714,3.3620384,6.62988,2.3757365,4.0406427,9.07466,1
Habib Diarra,Strasbourg,"MF,FW",20.0,6d0fe035,SEN,6.652897,5.4721975,6.7972474,7.1433578,4.233831,3.604378,6.406706,3.1142285,4.3819537,8.181025,4
Pedro Chirivella,Nantes,MF,27.0,68a26d51,ESP,6.1259966,5.4383507,6.2639184,8.356612,4.7886214,4.3305125,6.8174205,2.6338432,4.7919145,8.816449,1
Elisha Owusu,Auxerre,MF,26.0,e2781082,GHA,5.982532,5.364315,6.4528694,7.9142637,5.072846,4.1971035,5.662709,3.5681932,5.6349254,8.473681,4
Yann Gboho,Toulouse,"MF,FW",23.0,6be41a31,FRA,6.755893,5.390984,7.411057,5.4102263,3.8554475,2.6580148,6.3764377,3.0337212,3.6678019,8.709766,1
Corentin Tolisso,Lyon,MF,29.0,652d4c37,FRA,5.9509916,6.1286864,6.202908,7.503879,4.675514,3.4936724,6.494878,2.643345,4.718485,9.274493,1
Abdoulaye Touré,Le Havre,MF,30.0,ef7cd87a,GUI,6.492247,5.690908,6.567874,7.471133,4.4475913,3.5121393,6.145536,3.3037007,4.6805234,8.11627,4
Hugo Magnetti,Brest,MF,26.0,d4d35152,FRA,6.119769,5.405238,6.330689,8.185334,4.914494,4.301363,6.1557536,3.2031202,5.2723765,8.455157,4
Etienne Youte Kinkoue,Le Havre,DF,22.0,12a4e38c,FRA,6.662433,4.337162,6.13839,9.1851845,5.445734,6.2929163,7.9054766,2.5936995,5.306661,8.031835,3
Douglas,Nantes,MF,27.0,301c287b,BRA,5.8988404,5.9785156,6.291225,7.967382,4.696812,3.8741527,5.92585,3.129693,5.051495,8.717225,4
Mickael Nade,Saint,DF,25.0,a6b6fa6e,FRA,6.396034,4.9030085,6.031678,9.145256,5.4347615,5.826553,7.8907537,2.4363148,5.3439174,8.437799,3
Jonathan Clauss,Nice,"DF,MF",31.0,5219ab4a,FRA,6.2130857,6.376472,6.807177,7.0230627,3.7005932,2.7714753,5.967238,2.8799753,3.6681576,8.609255,1
Lassine Sinayoko,Auxerre,"FW,MF",24.0,5e5249c8,MLI,7.0292106,5.155305,8.0232115,5.282457,3.5123253,2.846697,6.236641,3.360981,3.125711,8.232068,2
Ludovic Blas,Rennes,"MF,FW",26.0,6191093d,FRA,6.524702,6.0505195,7.280241,6.4042244,3.9302735,2.9792068,6.154749,2.8689692,3.6233485,8.787732,1
Emanuel Emegha,Strasbourg,FW,21.0,a0c590b9,NED,7.641667,4.0060854,8.855106,4.3526025,3.6366327,3.0844786,6.3351235,3.740066,3.0941095,7.866249,2
Gideon Mensah,Auxerre,DF,26.0,9bdd8118,GHA,5.9821277,6.6326613,6.1962996,8.404812,3.9335446,3.795048,6.7232237,2.200659,4.0311875,8.799968,1
Leonardo Balerdi,Marseille,DF,25.0,7c3ed041,ARG,6.154715,5.7609444,5.5269637,8.617418,5.106973,4.977735,7.8111024,2.0912588,4.6581187,9.13769,3
Takumi Minamino,Monaco,"MF,FW",29.0,f833a830,JPN,6.870598,4.991889,7.5143795,5.555068,4.060167,3.0268822,6.342514,3.2706134,3.8975596,8.465422,2
Andy Diouf,Lens,MF,21.0,9b5237b1,FRA,6.426882,5.4309974,6.8216805,6.531083,4.427449,3.4001298,6.3990808,3.038085,4.354852,8.789424,1
Moïse Bombito,Nice,DF,24.0,c2f23fc8,CAN,6.6609135,4.770913,5.990512,9.129171,5.5313516,6.0359597,7.869477,2.5219119,5.3417296,8.074384,3
Cédric Kipré,Reims,DF,27.0,9f30e7ed,CIV,6.6957536,4.6265464,6.044574,9.119079,5.1733217,6.094967,7.796623,2.4225914,4.970268,8.037082,3
Bradley Barcola,Paris S,FW,21.0,a0d55a09,FRA,6.8998585,5.3064666,7.441865,5.4145184,3.806297,2.6121628,6.5037355,2.987625,3.6275716,8.560941,1
Kelvin Amian,Nantes,DF,26.0,bcc81786,FRA,6.088783,6.397715,6.418648,8.760241,3.748117,4.0405564,6.4823794,2.4295874,4.1442933,8.317336,1
Gabriel Suazo,Toulouse,DF,26.0,39b326ed,CHI,6.0244317,6.5159545,6.5015693,7.677649,3.9138687,3.0960026,6.0747123,2.7313201,4.0220833,8.741137,1
Denis Zakaria,Monaco,MF,27.0,384d58d9,SUI,6.3340435,5.5734105,6.319943,7.813741,4.8596954,3.90822,6.251808,3.2881758,5.2221227,8.25618,4
Modibo Sagnan,Montpellier,DF,25.0,76d679c7,MLI,6.3485494,4.317815,6.6365557,8.985203,5.146982,5.5857725,7.394577,2.7283816,5.557373,8.292575,3
Willian Pacho,Paris S,DF,22.0,ecbe2839,ECU,6.3241525,5.3219075,5.6718593,8.840849,4.9106073,5.455336,7.8011894,2.131016,4.532165,8.782363,3
Dennis Appiah,Saint,DF,32.0,feb5d3ab,FRA,6.0035324,6.700373,6.2382164,8.515447,3.8730028,3.9088643,6.785693,2.0915008,4.052925,8.794379,1
Ki-Jana Hoever,Auxerre,DF,22.0,9a71e978,NED,6.184563,6.574916,6.5841575,8.385063,3.5410018,3.8601892,6.6161118,2.189653,3.8734515,8.481472,1
Jonathan Gradit,Lens,DF,31.0,06c48679,FRA,6.259942,4.9373393,6.1920266,8.790811,4.955066,5.2865996,7.4008117,2.5084248,4.9576235,8.590622,3
Sebastian Nanasi,Strasbourg,"MF,FW",22.0,ce747d2a,SWE,6.459426,5.7874074,7.0408907,6.7289824,3.789401,2.9642668,5.8777976,3.2524993,3.7984867,8.202687,1
Djibril Sidibé,Toulouse,DF,32.0,4c5b714f,FRA,5.9462585,6.1950064,6.30489,8.473936,4.2082863,3.756998,6.6312084,2.3748336,4.340961,8.940263,1
Yassine Kechta,Le Havre,"MF,FW",22.0,abefc3af,MAR,5.876043,5.7777476,6.42117,7.540036,4.882543,3.6831505,5.5263877,3.4721363,5.348225,8.772306,4
Wilfried Singo,Monaco,DF,23.0,8b609c34,CIV,6.2853484,5.248161,5.9885564,8.776086,5.0200615,5.119306,7.4515734,2.3705206,4.948886,8.706991,3
Hamed Junior Traorè,Auxerre,MF,24.0,570bb4b9,CIV,6.8809185,5.11141,7.6908307,5.2153807,3.858448,2.7329307,6.196024,3.2761605,3.597922,8.589762,2
Azor Matusiwa,Rennes,MF,26.0,a17a94d6,NED,6.059192,5.831519,6.1690035,7.8578854,4.9598227,3.662888,6.089828,3.2015045,5.1777954,8.734011,4
Achraf Hakimi,Paris S,DF,25.0,e42d61c7,MAR,6.1177444,6.09302,6.094496,7.688473,4.574772,3.7876816,7.091779,2.3237283,4.354067,9.1856,1
Vanderson,Monaco,DF,23.0,ee45fd85,BRA,6.038624,6.6135683,6.4912634,7.982913,3.8378751,3.5911205,6.5826564,2.2029068,4.0253353,8.9348345,1
Lamine Camara,Monaco,MF,20.0,19c2ffa4,SEN,6.1938195,6.291444,6.716667,7.153183,3.9166484,2.8584654,5.8675756,3.0307286,3.931204,8.552024,1
Alexandre Lacazette,Lyon,FW,33.0,9dbb75ca,FRA,7.643951,4.1539497,8.780601,4.3040767,3.6632905,2.9077148,6.6115975,3.5488443,3.2207732,8.041325,2
Nicolas Cozza,Nantes,"DF,MF",25.0,8f325097,FRA,6.1110883,6.271224,6.546491,8.617013,3.8217165,4.152055,6.1563835,2.721023,4.369133,8.08614,1
Warren Zaïre-Emery,Paris S,"MF,DF",18.0,6b9960cf,FRA,6.2133956,5.90804,6.106177,7.7010784,4.6330366,4.1170683,6.9516587,2.5234,4.6296844,8.918932,1
Johann Lepenant,Nantes,MF,21.0,1e52971c,FRA,6.001353,5.433474,6.5263176,7.450964,4.9433956,3.7985704,5.512391,3.6470106,5.3770947,8.590099,4
Carlens Arcus,Angers,DF,28.0,5e837126,HAI,6.058384,6.6179986,6.448059,8.688484,3.639527,3.8674705,6.4944434,2.2761877,4.045178,8.440118,1
Vitinha,Paris S,MF,24.0,3b029691,POR,6.1715,5.66877,6.163988,7.629433,4.8311477,4.0081306,7.0871663,2.4895935,4.588647,9.173031,1
Rayan Cherki,Lyon,"FW,MF",20.0,b34c63a5,FRA,6.402113,6.0223775,7.0301175,6.190377,3.7435112,2.4425583,6.056793,2.9387395,3.6395006,8.707189,1
Geoffrey Kondogbia,Marseille,"DF,MF",31.0,cce181df,CTA,6.202028,5.572241,5.757488,8.369894,4.9972906,4.856955,7.5105705,2.3069885,4.725233,9.011504,3
Nicolas Pallois,Nantes,DF,36.0,779847d6,FRA,6.3225036,4.2172937,6.5441656,9.267272,5.1434164,6.042774,7.7536592,2.578189,5.472672,8.340367,3
Dylan Batubinsika,Saint,DF,28.0,37d39918,COD,6.7166963,4.002552,6.406231,8.990696,5.32604,6.18389,7.7085257,2.8009555,5.313583,7.9262886,3
Lucas Beraldo,Paris S,DF,20.0,b8aedf06,BRA,6.217528,5.5078588,5.4182987,8.675742,5.1873384,5.1011004,7.7286587,2.1211975,4.734924,9.132906,3
Nemanja Matić,Lyon,MF,35.0,eb7822d7,SRB,6.1914783,5.454278,6.074269,8.270694,4.899062,4.5593586,7.054709,2.5570862,4.8891907,8.836313,1
Josué Casimir,Le Havre,"FW,MF",22.0,481f76cf,FRA,7.191365,4.8312955,8.001049,5.3418293,3.64534,3.0773642,6.222106,3.576125,3.3960767,7.929056,2
Ainsley Maitland-Niles,Lyon,DF,26.0,e3a5814e,ENG,5.9305,6.486152,6.347621,8.175181,4.057179,3.510925,6.5568223,2.287492,4.204299,9.083624,1
Aurélio Buta,Reims,DF,27.0,b4705807,POR,6.208131,6.1013384,6.5605197,8.619816,3.7828453,4.2116385,6.457944,2.585873,4.149182,8.090618,1
Dante,Nice,DF,40.0,fd2bc67d,BRA,6.4721394,5.2137814,5.892196,8.742317,4.997223,5.33537,7.473482,2.3464043,4.730608,8.467284,3
Jean-Eudes Aholou,Angers,MF,30.0,48b28bfd,CIV,5.9217324,5.527396,6.517053,7.608738,4.962476,3.9027908,5.461632,3.625745,5.5124807,8.5922785,4
Sinaly Diomande,Auxerre,DF,23.0,6de23ab0,CIV,6.4330864,4.171685,6.4016,9.159806,5.265209,6.195529,7.916063,2.6284614,5.3231964,8.26635,3
Melvin Bard,Nice,"DF,MF",23.0,1ddbc7ca,FRA,6.276089,6.4768953,6.7581096,8.415384,3.4159954,3.9509282,6.455824,2.3265734,3.861351,8.185976,1
Youssouf Ndayishimiye,Nice,DF,25.0,65c55288,BDI,6.337727,5.0699058,6.1073737,8.977024,5.155207,5.4662437,7.600688,2.4166417,5.1660185,8.49039,3
Caio Henrique Oliveira Silva,Monaco,DF,27.0,30af8b93,BRA,6.166264,6.375996,6.6256814,7.5052214,3.7510486,3.0736847,6.1724973,2.7538302,3.7624183,8.564593,1
Thomas Meunier,Lille,DF,32.0,e162b013,BEL,6.1019635,6.464346,6.1775217,8.174793,4.113112,3.9873576,6.9550867,2.1739705,4.1611385,8.8451805,1
Fabián Ruiz Peña,Paris S,MF,28.0,c0c7ff58,ESP,6.1712728,5.7761855,6.219691,7.6347113,4.7438664,3.7947643,6.7777615,2.6619694,4.7140865,9.002963,1
Issa Soumaré,Le Havre,"FW,MF",23.0,1d8aa290,SEN,7.0956173,4.620317,7.995868,4.7883043,3.7448971,2.739086,6.075289,3.5378256,3.3914058,8.36004,2
Nicolás Tagliafico,Lyon,DF,31.0,f0661424,ARG,5.9863033,6.1007376,6.406886,8.287739,4.336414,4.0564513,6.009712,2.956486,4.856587,8.424615,4
Zakaria Aboukhlal,Toulouse,"MF,FW",24.0,c2a6033c,MAR,7.442953,4.567449,8.578611,4.740153,3.5463068,2.9489808,6.381593,3.4880106,3.0456135,8.031385,2
Enzo Tchato,Montpellier,DF,21.0,7f783431,CMR,6.146774,6.4601665,6.522656,8.648147,3.5810947,3.8800538,6.4254513,2.429133,3.985705,8.219234,1
Farid El Melali,Angers,FW,27.0,d21e361a,ALG,7.0568542,4.949303,7.727139,6.1496105,3.9078712,3.5644186,6.040428,3.7072291,3.8346705,7.784202,4
Joris Chotard,Montpellier,MF,22.0,7909ffa4,FRA,6.551545,4.5916567,6.545622,8.252619,5.145495,4.7403264,6.3723874,3.362625,5.5133924,7.9885354,4
Lucas Stassin,Saint,FW,19.0,a47d6f3a,BEL,7.4451046,4.3023925,8.360059,4.657713,3.7891924,2.9631479,6.289973,3.5682046,3.3547983,8.006286,2
João Neves,Paris S,"MF,DF",19.0,c2a15a27,POR,6.001687,6.0049853,6.2520957,7.7457995,4.57116,3.6737359,6.6861143,2.5021546,4.546586,9.227182,1
Breel Embolo,Monaco,"FW,MF",27.0,0b4f388a,SUI,7.2913904,4.5392303,8.256116,4.6448073,3.7472293,2.8541474,6.3740654,3.4988735,3.382128,8.265974,2
Gaëtan Laborde,Nice,FW,30.0,7cdda3bf,FRA,7.5793447,4.468971,8.67421,4.5227675,3.6408415,2.83137,6.621834,3.3558736,3.1624324,8.107718,2
Deiver Machado,Lens,"DF,MF",30.0,b3f8bdef,COL,6.4146504,6.120925,6.9602304,8.105045,3.405404,4.086784,6.322295,2.62024,3.807002,7.902245,1
Becir Omeragic,Montpellier,DF,22.0,c284d6fb,SUI,6.7720256,3.7312472,6.612197,8.810227,5.486436,6.1026487,7.5311837,3.0628285,5.577299,7.8123064,3
Florian Sotoca,Lens,"FW,MF",33.0,7a42d0df,FRA,6.7813134,4.8450766,7.200553,6.5102663,4.291053,3.8330038,6.136068,3.611804,4.3718276,7.8491654,4
Haris Belkebla,Angers,MF,30.0,2b1bed19,ALG,6.1796803,4.8522077,6.6165714,8.04527,5.0435295,4.509282,5.8594956,3.599693,5.540108,8.190119,4
Gabriel Gudmundsson,Lille,DF,25.0,d5d22a58,SWE,6.3700366,6.118402,6.6065507,8.174636,3.7518647,3.8573437,6.698281,2.4208617,4.0310197,8.328029,1
Félix Lemaréchal,Strasbourg,"MF,FW",20.0,8ca9415f,FRA,6.690528,4.7567205,7.150196,6.3915896,4.437843,3.6683319,6.108171,3.5963032,4.4842806,8.111889,4
Pablo Rosario,Nice,"MF,DF",27.0,1a6b7ea4,DOM,6.426614,4.7021,6.7214103,8.055438,5.16349,4.4587555,6.298538,3.4916768,5.6936364,7.992357,4
Jordan Ferri,Montpellier,MF,32.0,375622c5,FRA,6.322508,5.3423977,6.2478704,7.879547,5.01297,3.996964,6.333362,3.1819782,5.198752,8.497469,4
Benjamin Bouchouari,Saint,MF,22.0,599f9013,MAR,6.4594536,5.275196,6.411799,7.4257054,4.809866,3.957604,6.421014,3.157481,4.9425154,8.455843,4
Hákon Arnar Haraldsson,Lille,"MF,FW",21.0,e2ae54db,ISL,7.011675,4.8722415,7.578919,6.515205,4.0994368,3.919133,6.0516305,3.7617493,4.212613,7.527888,4
Jim Allevinah,Angers,FW,29.0,1956b948,GAB,7.270162,4.5383162,7.867787,5.0335097,3.8636937,2.9638555,6.2340665,3.6424417,3.7437687,7.9278464,2
Eliesse Ben Seghir,Monaco,"MF,FW",19.0,3bd65247,MAR,6.5712748,5.6488395,7.141712,5.9604783,4.016249,2.8336542,6.391439,2.8984435,3.7921133,8.871463,1
Aïssa Mandi,Lille,DF,32.0,fbd6378b,ALG,6.2950644,5.030414,6.2752748,8.513285,4.9711876,4.7097135,7.034395,2.6333513,5.045567,8.620889,1
Ousmane Dembélé,Paris S,FW,27.0,b19db005,FRA,6.6962996,5.6587963,7.238453,5.658672,3.8054056,2.4988923,6.516343,2.7734947,3.611488,8.816913,1
Désiré Doué,Paris S,"FW,MF",19.0,9e7483ff,FRA,6.6617045,5.578576,7.5752697,5.6780863,3.566125,2.8200498,6.2112985,3.1788473,3.2373428,8.536292,1
Marquinhos,Paris S,DF,30.0,d5f2f82b,BRA,6.239136,5.2453856,5.8237042,8.59674,5.072925,4.974214,7.387906,2.3570616,4.862173,8.900769,3
Abdoulaye Niakhate Ndiaye,Brest,DF,22.0,b8cd2ae4,SEN,6.646616,4.121674,6.474077,9.108021,5.2138205,6.020809,7.568571,2.6885965,5.4357934,7.9494376,3
Joseph Okumu,Reims,DF,27.0,039f1983,KEN,6.8717685,4.6301446,6.135104,8.999026,5.334007,5.9592333,7.5841765,2.591888,5.251806,7.774783,3
Marshall Munetsi,Reims,MF,28.0,2acf0cd7,ZIM,7.143729,3.5413418,8.391173,5.205968,3.901175,3.5829475,5.625228,4.1934752,3.5505328,7.787507,2
Rabby Nzingoula,Montpellier,MF,18.0,627c7a3d,FRA,6.1162734,5.2172246,6.6228437,7.442212,4.970498,3.9378297,5.467432,3.7943757,5.425345,8.355824,4
Hans Hateboer,Rennes,DF,30.0,3b333ac3,NED,6.260082,5.2270293,6.454918,8.615538,4.6530347,4.637051,6.850678,2.691165,4.9252653,8.414424,1
Massadio Haïdara,Brest,DF,31.0,5167c97e,MLI,6.377116,6.2143135,6.892147,8.378754,3.5205863,4.2743177,6.299493,2.585066,4.032257,7.8661985,1
Nuno Mendes,Paris S,DF,22.0,f20e4cc9,POR,6.288605,5.945746,6.4480023,7.4297004,4.274419,3.5598612,6.799901,2.5256996,4.18886,8.880295,1
Joshua King,Toulouse,"FW,MF",32.0,43458538,NOR,7.4591045,4.1960454,8.586198,4.4307013,3.6527252,2.9312491,6.0510745,3.7524781,3.0574384,8.004546,2
Lee Kang-in,Paris S,"FW,MF",23.0,8455ad90,KOR,6.368334,6.108454,6.9665403,6.6266556,3.8360267,2.7683063,5.9821954,3.0169716,3.7185626,8.602404,1
Gabriel Osho,Auxerre,DF,25.0,cd889153,NGA,6.724552,3.297777,7.2738094,8.75462,5.6108747,5.6752534,7.1731505,3.2365339,6.426655,7.766448,0
Esteban Lepaul,Angers,FW,24.0,85ce1949,FRA,7.632118,3.5644906,8.900106,4.3868384,3.6131973,3.2775526,5.983453,4.12261,3.1325812,7.6031685,2
Oumar Diakité,Reims,FW,20.0,44435c8f,CIV,7.399381,3.9356802,8.538645,4.3023767,3.486536,2.9822788,6.0727053,4.006509,3.1582532,7.881062,2
Mohamed Ali Cho,Nice,"FW,MF",20.0,f8405304,FRA,7.1182175,4.864004,7.7279243,5.183215,3.867479,2.8176587,6.377314,3.3186545,3.6899886,8.260252,2
Quentin Merlin,Marseille,DF,22.0,0bfca6a1,FRA,6.640177,5.0111704,7.1625223,7.3545346,3.9975808,4.078854,6.055033,3.447435,4.181687,7.637475,4
Malick Fofana,Lyon,FW,19.0,8236f673,BEL,7.323464,4.6218243,7.719364,5.309062,3.9903474,3.0469,6.495463,3.4367166,3.9479764,7.853079,2
Neil El Aynaoui,Lens,MF,23.0,17e1261b,MAR,6.518464,5.5983453,6.7965417,7.4420586,4.1470966,3.5260956,5.9020457,3.4256165,4.2979455,7.8741794,4
Duje Ćaleta-Car,Lyon,DF,27.0,94f8d10c,CRO,6.6238217,3.6037667,7.134728,8.875245,5.4818087,5.6434503,7.3103228,3.013336,6.222137,7.9701195,0
Mathias Pereira Lage,Brest,"FW,MF",27.0,8846a40f,POR,6.8721733,5.2809143,7.4271894,6.702585,3.840454,3.5245252,5.902761,3.5298254,3.817166,7.6671805,4
Valentin Rongier,Marseille,"MF,DF",29.0,ed45c4a5,FRA,6.2015452,5.7185907,6.1105847,8.034445,4.9038243,4.262143,6.5740423,2.9590206,5.160403,8.5498295,4
Jordan Veretout,Lyon,MF,31.0,4a56052c,FRA,6.5360436,4.6363792,6.700522,8.055447,4.7945256,4.505209,6.2410254,3.4367704,5.064848,7.852328,4
Pierre Lees-Melou,Brest,MF,31.0,f5044e54,FRA,6.163691,5.1846166,6.437535,7.906803,4.8860235,4.145357,6.2533255,3.1224492,4.948844,8.672416,4
Yassin Belkhdim,Angers,MF,22.0,e21d1928,FRA,6.207402,4.6755724,6.8134637,7.4297667,4.9888024,4.16326,5.455326,3.9598584,5.427601,8.14443,4
Frank Magri,Toulouse,"FW,MF",24.0,42fdb11d,CMR,7.341864,3.6699455,8.624436,4.388936,3.5351534,3.1861491,5.7562575,4.2186384,3.0113637,7.81488,2
Nathan Zeze,Nantes,DF,19.0,fb4c5b6e,FRA,6.5043797,3.6225977,7.039137,8.853231,5.375418,5.5948,7.1598964,3.0631056,6.0733624,7.9820337,0
Abdoulaye Bamba,Angers,DF,34.0,7fecbcdb,CIV,6.7855635,2.9806077,7.5002246,8.544056,5.5532117,5.6003394,7.049399,3.3946433,6.3978906,7.686418,0
Christian Mawissa,Monaco,DF,19.0,2c70d915,FRA,6.4086304,4.0448694,6.883877,8.729725,5.2245264,5.4247055,6.943257,3.0983162,5.828302,8.077363,0
Tanguy Coulibaly,Montpellier,"FW,MF",23.0,05ba9d7c,FRA,7.0589623,3.9941504,7.8650084,5.396614,3.9309149,3.622201,5.970714,4.132365,3.8497767,7.594235,2
M'Bala Nzola,Lens,FW,27.0,a4948e67,ANG,7.6347513,3.8676128,8.855948,4.110023,3.5022051,2.9039302,6.3105874,3.8617082,3.0380988,7.886693,2
Kévin Danois,Auxerre,MF,20.0,e76f6fbe,FRA,6.394574,4.975828,6.638682,7.2990727,4.86773,3.9549992,5.8442025,3.6741886,5.0977707,8.195309,4
Christopher Wooh,Rennes,DF,22.0,b003239d,CMR,6.683931,3.7523766,6.693905,8.9038725,5.467262,6.1219835,7.644063,2.9612403,5.650841,7.930105,3
André Ayew,Le Havre,FW,34.0,5dbefa9d,GHA,7.439266,3.3025002,8.753254,4.7450457,3.7806022,3.5561464,5.7330823,4.3102584,3.3041131,7.606128,2
Georges Mikautadze,Lyon,FW,23.0,4788cb6b,GEO,7.5927205,4.4290795,8.662221,4.7464914,3.7752445,3.0581317,6.5220566,3.4352612,3.2683902,7.977824,2
Derek Cornelius,Marseille,DF,26.0,577744b8,CAN,6.9621468,4.558298,6.411598,8.814905,5.4261622,5.787448,7.4278545,2.7998152,5.5464745,7.6475987,3
Anass Zaroury,Lens,"FW,MF",23.0,07d65234,MAR,7.0755024,4.70206,7.4013186,6.965707,4.0139904,4.2575445,5.9559655,3.883565,4.1696687,7.017408,4
Ali Abdi,Nice,"DF,MF",30.0,ad7cdb35,TUN,6.536343,4.5960317,7.155796,7.2295237,4.3301187,4.1669164,5.8529673,3.7131348,4.5269217,7.7323966,4
Przemysław Frankowski,Lens,DF,29.0,00a8d210,POL,6.5048494,5.2697043,6.9682636,7.7637076,3.9556563,4.053448,6.062915,3.3066604,4.1878858,7.6990128,4
Malang Sarr,Lens,DF,25.0,4315f30d,FRA,6.892145,3.8869371,6.782323,8.598303,5.385543,5.443599,6.9917707,3.1944633,5.859561,7.6806455,0
Julien Le Cardinal,Brest,DF,26.0,547a72ad,FRA,6.774202,3.6096303,6.759932,8.814064,5.551176,5.944877,7.44489,3.1041312,5.8039775,7.7978635,3
Emmanuel Biumla,Angers,DF,19.0,e5a94f46,FRA,7.060198,2.9163606,7.621575,8.393997,5.8360195,5.848016,7.216713,3.5461676,6.7214117,7.486012,0
Kamory Doumbia,Brest,"MF,FW",21.0,9226aa22,MLI,7.2438,4.1265187,7.0942426,6.884564,4.699029,3.8803794,6.0678434,3.8727558,4.9592547,7.4937105,4
Sorba Thomas,Nantes,"FW,MF",24.0,8725a42e,WAL,7.1193075,4.5666723,7.2898197,6.8832603,4.135597,4.140405,5.8570223,4.0171275,4.273276,6.9404807,4
Lilian Raolisoa,Angers,"DF,FW",24.0,79a793b7,FRA,6.943491,4.429766,7.588128,7.0960274,4.724166,4.6269903,5.9520226,4.031775,5.252596,7.3099575,4
Amadou Koné,Reims,MF,19.0,2eb1ec07,MLI,6.3359575,4.8161216,6.748525,7.8189178,5.033743,4.4362464,5.6477666,3.8242745,5.5875416,7.95178,4
Osame Sahraoui,Lille,"FW,MF",23.0,6f9fa232,MAR,7.116186,4.868387,7.4909945,5.5777783,4.022792,3.0911052,6.467273,3.3460758,4.015309,7.991674,2
André Gomes,Lille,MF,31.0,1961b2aa,POR,6.6583705,4.6326933,6.487909,7.869319,4.9559646,4.380542,6.1967664,3.4915013,5.1724563,7.91093,4
Emmanuel Agbadou,Reims,DF,27.0,75f1ed80,CIV,6.8377213,4.1456523,6.606255,8.4197035,5.3442726,5.0803285,6.7162895,3.2857978,5.701178,7.7691708,0
Romain Del Castillo,Brest,FW,28.0,0be95d34,FRA,6.8821,5.1748376,7.1935997,7.0710025,3.9201663,3.809013,5.8702364,3.705214,4.028933,7.31529,4
Mostafa Mohamed,Nantes,FW,26.0,595e6f3e,EGY,7.3880134,3.7428043,8.717313,4.4672194,3.5929542,3.1834748,5.745756,4.105839,2.9502017,7.8675704,2
Florian Tardieu,Saint,MF,32.0,ed39121c,FRA,6.645398,4.876397,6.5445795,8.020133,4.814303,4.2483377,6.302657,3.3945484,5.155865,7.8085303,4
Arouna Sangante,Le Havre,DF,22.0,17bb562c,SEN,6.5592394,3.6042395,7.14804,8.6673,5.54426,5.4274316,6.9999685,3.2599785,6.2927775,7.8713427,0
Abdallah Sima,Brest,"FW,MF",23.0,fdbde523,SEN,7.3892217,3.729801,8.661166,4.487306,3.6893358,3.224764,5.932864,4.0576634,3.1453805,7.8882337,2
Tanner Tessmann,Lyon,MF,22.0,ac277993,USA,6.8236966,4.286953,6.6457095,8.08168,5.13545,4.7170525,6.2786336,3.5663266,5.5122714,7.6662264,4
Lilian Brassier,Rennes,DF,24.0,5b146df3,FRA,6.7864523,3.7619562,6.8554716,8.611995,5.44695,5.204855,6.994963,3.1618986,5.9762154,7.8283057,0
Falaye Sacko,Montpellier,DF,29.0,6388e356,MLI,7.2048545,2.7197473,7.8049393,7.948358,5.6847606,5.552844,6.7139387,3.9288437,6.5327797,7.207141,0
Mika Biereth,Monaco,FW,21.0,a1d95db3,DEN,7.7037725,3.8477354,8.800456,4.4929013,3.8710454,3.2791038,6.3792653,3.8253791,3.377264,7.743735,2
Leo Skiri Østigård,Rennes,DF,24.0,b35a7399,NOR,6.7174263,3.2041395,7.3075776,8.699633,5.4492955,5.526732,7.214679,3.1692839,6.2502723,7.8650703,0
Ngal'Ayel Mukau,Lille,MF,19.0,bb461b8a,COD,6.6303573,4.095776,6.881384,7.6397743,4.931933,4.4937925,5.8287787,3.935231,5.2301188,7.626241,4
Shavy Babicka,Toulouse,"MF,FW",24.0,c6f0d5d4,GAB,7.3292046,3.418669,8.141488,5.3780327,4.2344017,3.797316,6.0507274,4.31173,4.1325507,7.44123,2
Jordan James,Rennes,MF,20.0,f719ad7f,WAL,6.934276,4.339816,7.09678,7.2462716,4.5628486,4.3790193,5.8619423,4.011589,4.791831,7.2159033,4
Christopher Operi,Le Havre,"DF,FW",27.0,914bb955,CIV,7.0135784,4.374459,7.2995577,7.2032986,4.2169414,4.421205,5.9203973,3.9519358,4.4393215,6.979201,4
Arnaud Nordin,Montpellier,FW,26.0,7b9a9e25,FRA,7.1837077,3.768961,7.8006954,5.3521557,4.3011065,3.632792,6.2285094,4.1383452,4.4319243,7.4028387,2
Nhoa Sangui,Reims,"DF,MF",18.0,3f465a66,FRA,7.0710835,2.8259144,7.4736876,7.2977653,5.1903896,4.70923,5.8284206,4.37939,5.5263934,7.1490083,0
Valentín Barco,Strasbourg,"MF,DF",20.0,b9f282ec,ARG,6.57883,4.3425546,6.9868655,7.868733,4.717928,4.5471926,5.8547397,3.789692,5.146867,7.566916,4
Issiaga Sylla,Montpellier,DF,30.0,b99bec05,GUI,6.558804,3.2931721,7.679654,7.2515893,4.925872,4.714332,5.812469,4.2088175,5.282235,7.5663548,0
Aleksandr Golovin,Monaco,"MF,FW",28.0,3708e9fa,RUS,6.624512,4.849276,6.949357,6.7535925,4.6016154,3.854523,6.0431666,3.6333547,4.7024164,8.080994,4
Ayyoub Bouaddi,Lille,MF,16.0,8006228f,FRA,6.3362327,4.2946415,6.849919,7.448398,5.042861,4.2969604,5.4958673,4.0752897,5.422329,7.94084,4
Mama Samba Baldé,Brest,FW,28.0,fb14aa28,GNB,7.3596706,3.9303925,8.38541,4.4547772,3.603681,3.0081694,5.899455,4.1188917,3.2417316,7.787008,2
Mitchel Bakker,Lille,"FW,DF",24.0,a8567629,NED,7.1515183,4.4551983,7.6253967,6.736151,4.181102,4.2094207,5.9290905,3.9865546,4.3599224,7.0822554,4
Tanguy Ndombele,Nice,MF,27.0,5cdddffa,FRA,6.879417,3.3117802,7.698794,6.343724,4.70902,4.11754,5.9517894,4.199985,4.842937,7.6079316,0
Mory Gbane,Reims,"DF,MF",23.0,ab8b392c,CIV,7.2308407,3.4961061,7.1318026,7.98762,5.3351645,5.2141876,6.5349355,3.7427373,5.8463526,7.2491536,0
Ruben Aguilar,Lens,"DF,MF",31.0,3dd738a1,FRA,6.4714613,4.82608,7.1008153,7.796142,4.0781174,4.330819,5.9420524,3.4911973,4.3722816,7.5937667,4
Djaoui Cissé,Rennes,MF,20.0,576ca93f,FRA,6.697362,4.3404117,6.5481596,7.844727,5.129712,4.5579195,5.959132,3.7554424,5.404323,7.772417,4
Wahbi Khazri,Montpellier,"FW,MF",33.0,2677a1de,TUN,7.602292,3.884534,8.096962,6.423462,4.2765727,4.3071275,6.086367,4.0590534,4.4470196,6.940748,0
Musa Al-Taamari,Montpellier,"FW,MF",27.0,f15f8b2b,JOR,7.295245,4.2670164,7.690627,5.2518206,3.982525,3.1771464,6.217205,3.8914466,4.027733,7.620975,2
Timothee Pembele,Le Havre,DF,21.0,f8ce97ca,FRA,6.662716,3.043641,7.7250743,7.0506864,4.893562,4.638963,5.817103,4.2915015,5.1517124,7.5034995,0
Jaydee Canvot,Toulouse,"DF,MF",18.0,3684108d,FRA,6.928864,3.0618296,7.4708853,7.932296,5.3090415,5.1302934,6.539783,3.7646646,5.934949,7.4930463,0
Edimilson Fernandes,Brest,"MF,DF",28.0,3bb625ac,SUI,7.4442577,3.6306338,7.2132463,7.9648705,5.2728806,5.1686816,6.605381,3.680996,5.948775,7.0698695,0
Badredine Bouanani,Nice,"MF,FW",19.0,0400dd2f,ALG,7.394178,4.314464,7.884822,5.795788,4.163511,3.5484514,6.342307,3.68209,4.140049,7.531386,2
Abner,Lyon,DF,24.0,7f9c5d2d,BRA,6.7095366,3.9617958,7.306828,7.4639964,4.498729,4.5282006,5.827505,3.9787183,4.7812605,7.3231316,4
Kevin Danso,Lens,DF,25.0,6e33125f,AUT,6.870127,3.6322873,6.9747844,8.729943,5.568469,5.5192356,7.1195073,3.191949,6.2603064,7.7045717,0
Akor Adams,Montpellier,FW,24.0,2ccd39ed,NGA,8.062522,3.0344582,9.196183,4.264272,4.089605,3.78173,6.6024766,4.3541684,3.6819494,7.249175,2
Gonçalo Ramos,Paris S,FW,23.0,f63cda26,POR,7.874282,3.7131166,8.928254,4.5699377,3.9228802,3.383767,6.6048512,3.8067336,3.5762846,7.565967,2
Matias Fernandez-Pardo,Lille,"FW,MF",19.0,0cdb6a2a,BEL,7.5344167,3.7942965,7.9487963,5.75457,4.308168,3.7485027,6.2166257,4.071448,4.335348,7.361844,2
Sofiane Diop,Nice,"MF,FW",24.0,19053e31,FRA,6.90016,4.4458947,7.470556,6.290894,4.214769,3.6016624,6.007287,3.7958522,4.233102,7.657403,4
Irvin Cardona,Saint,FW,26.0,5e080f73,MLT,7.687819,3.6807818,8.411586,5.0130973,4.158868,3.786826,6.412236,4.131163,4.018672,7.2547126,2
Rassoul Ndiaye,Le Havre,MF,22.0,36f65bdf,SEN,6.925066,3.1708722,7.6465144,6.9779506,4.800204,4.814395,5.8697796,4.269617,5.0016484,7.294829,0
Jeremie Boga,Nice,"MF,FW",27.0,fe012aca,CIV,7.4065022,4.4574833,7.615862,5.441276,4.077336,3.3840716,6.4720073,3.714445,4.223498,7.39118,2
Ernest Nuamah,Lyon,"FW,MF",20.0,234a703c,GHA,7.172312,4.145716,7.6599607,5.6253004,4.1927156,3.7744184,6.186244,4.0667286,4.3098474,7.313795,2
Amine Gouiri,Marseille,"FW,MF",24.0,aad56ca3,ALG,7.811154,4.0168905,8.216903,5.2277055,4.1177173,3.647338,6.544032,3.9186907,4.147879,7.123263,2
Han-Noah Massengo,Auxerre,MF,23.0,eba1e557,FRA,7.621418,2.897083,7.5176105,7.382852,5.1197047,4.6661553,6.329618,4.064267,5.697663,6.931455,0
Angelo Fulgini,Lens,"MF,FW",27.0,4b96c347,FRA,7.1178894,4.592141,7.462139,6.395509,4.2419086,4.007316,6.1343465,3.8584526,4.3758974,7.314358,4
Louis Mouton,Saint,MF,22.0,c37823fe,FRA,6.498681,4.6048017,6.831232,7.2243495,4.8485622,4.1066194,5.641684,3.9535997,5.1301913,7.8756123,4
Neal Maupay,Marseille,FW,27.0,4bcf39f6,FRA,7.4426165,2.8565059,8.642236,4.8725495,4.335379,4.1605988,6.2780643,4.5358133,3.9442205,7.478897,2
Aimen Moueffek,Saint,MF,23.0,2591b066,FRA,7.164004,2.9332066,7.7259603,6.675568,4.872191,4.276504,5.986111,4.195431,5.2240043,7.4149494,0
Yunis Abdelhamid,Saint,DF,36.0,32c2d95f,MAR,7.0130925,2.9803054,7.533848,8.539858,5.6933312,5.8085723,7.287406,3.3808875,6.5512524,7.5698843,0
Khalil Fayad,Montpellier,"MF,FW",20.0,faf00ab8,FRA,6.9438567,3.3886492,7.0479975,7.6733704,5.227991,4.9306726,6.1278934,4.0347357,5.4967117,7.4076858,0
Soungoutou Magassa,Monaco,MF,20.0,dfc5d4fa,FRA,6.449575,4.5840893,6.892728,7.5839114,5.148433,4.429094,5.6671014,3.9934983,5.6910453,7.84023,4
Mohammed Salisu,Monaco,DF,25.0,0b33f6ad,GHA,6.6919093,3.2508254,7.2960143,8.401752,5.398445,5.3048496,6.797985,3.4290686,6.074382,7.753996,0
Warren Kamanzi,Toulouse,"DF,MF",23.0,a426a912,NOR,6.880197,2.8628585,7.9494343,6.604491,4.8043966,4.4940133,5.8662963,4.3697157,4.9782553,7.4611754,0
Saidou Sow,Strasbourg,DF,22.0,f6b94e8d,GUI,7.220865,3.0137665,7.5930996,8.27426,5.737265,5.6833487,7.014189,3.6223176,6.625104,7.3053117,0
Théo Sainte-Luce,Montpellier,DF,25.0,93c942fb,FRA,6.9006643,2.6514606,8.0162115,6.8565516,5.0182123,4.7520547,5.9908547,4.339302,5.357609,7.424201,0
Rémy Cabella,Lille,"FW,MF",34.0,148e136f,FRA,6.993041,4.9232645,7.565861,6.5541015,3.9183967,3.7929418,5.9226108,3.747809,3.9657574,7.4526787,4
Paul Joly,Auxerre,DF,24.0,5b4bc323,FRA,6.4581943,4.5150843,7.2296057,7.57788,4.8204803,4.5832076,5.6271935,4.0078006,5.3893023,7.641375,4
Oussama Targhalline,Le Havre,MF,22.0,abd56820,MAR,7.687174,3.162769,7.536091,7.226053,5.0122724,4.8910303,6.3375583,4.1094527,5.488973,6.8084874,0
Edon Zhegrova,Lille,"FW,MF",25.0,34a88e3e,KVX,7.4511237,4.252319,7.6977935,6.1850977,4.2442904,4.1343827,6.2753735,3.9809482,4.4300666,6.949883,0
Yanis Zouaoui,Le Havre,"DF,FW",30.0,ec724366,ALG,7.116697,4.0997853,7.356353,7.107011,4.328567,4.449108,5.872232,4.086278,4.559762,6.894424,4
Abdukodir Khusanov,Lens,DF,20.0,d17ce930,UZB,7.4860134,3.6194842,7.387603,7.958808,5.4668283,5.40044,6.6104217,3.7916784,6.2553573,7.005076,0
Anthony Rouault,Rennes,DF,23.0,9b545925,FRA,6.841391,3.1601622,7.401546,8.679726,5.5723276,5.5379944,7.0217524,3.3347538,6.538106,7.6254773,0
Ado Onaiwu,Auxerre,"MF,FW",28.0,ff4df82e,JPN,7.368223,3.1583118,8.570255,4.877662,4.0515757,3.8197381,5.983225,4.4201565,3.660148,7.565183,2
Junior Mwanga,Le Havre,MF,21.0,ee158be5,FRA,7.2533855,3.4973342,7.871708,6.9986234,5.0200315,4.864304,6.347209,4.0787187,5.4980555,7.1876593,0
Thiago Almada,Lyon,"MF,FW",23.0,27f33438,ARG,7.2957535,4.283854,7.407125,6.639625,4.4479337,4.3005633,6.176634,3.9984324,4.643156,7.070034,4
Sael Kumbedi,Lyon,DF,19.0,c385bf49,FRA,6.945709,2.9718282,7.615405,7.227805,4.9828515,4.5947466,5.9641404,4.1972313,5.3920193,7.337264,0
Marcus Coco,Nantes,DF,28.0,3010aefb,FRA,7.0689254,4.0301623,7.5147524,7.5077157,5.144129,4.9529514,6.119037,4.004817,5.8437543,7.253869,0
Abakar Sylla,Strasbourg,DF,21.0,29c91632,CIV,7.0040336,3.2264175,7.0982156,8.39426,5.5916324,6.099479,7.446515,3.3927004,5.807618,7.5988584,0
Yael Mouanga,Montpellier,DF,19.0,153e48e0,FRA,7.194836,2.6807163,7.8025446,8.23909,5.610623,5.6643844,7.066594,3.5950851,6.5093637,7.3451915,0
Antoine Joujou,Le Havre,"MF,FW",21.0,f9124307,FRA,7.4005065,4.116939,7.643462,5.297374,4.182638,3.5139132,6.391086,4.024935,4.4292526,7.161947,2
Ibrahima Niane,Angers,FW,25.0,46faabfa,SEN,7.9720764,3.4395132,9.09077,4.478168,3.8764007,3.5188186,6.433326,4.0188427,3.4660347,7.4054823,2
Theo Bair,Auxerre,FW,24.0,c724745e,CAN,7.933042,2.997292,9.1011915,4.7785707,3.891753,3.7944417,6.00905,4.2895265,3.5530941,7.1646934,2
Ulisses Garcia,Marseille,DF,28.0,c952f633,SUI,7.211386,2.9715972,8.048584,6.373524,4.9439692,4.759601,6.0611906,4.4976563,5.0757084,7.1344194,0
Jérémy Jacquet,Rennes,DF,19.0,cef70c94,FRA,6.8677473,2.8275971,7.670184,8.096246,5.488557,5.3836327,6.747879,3.6893566,6.2274604,7.550619,0
Baptiste Santamaria,Nice,MF,29.0,5e22e2a4,FRA,7.536676,3.4771926,7.3925996,7.5366693,5.0811195,4.9705534,6.3818445,3.9323487,5.65171,6.939393,0
Khvicha Kvaratskhelia,Paris S,FW,23.0,dea88efd,GEO,7.422261,4.351242,7.774591,5.602866,4.184893,3.4655142,6.5636287,3.559184,4.207818,7.5411716,2
Wesley Saïd,Lens,FW,29.0,90fcf472,FRA,7.595468,2.9505496,8.661283,5.164835,4.2495522,4.0155,6.10299,4.405672,4.0323386,7.3080196,2
Ismaily,Lille,DF,34.0,cf182add,BRA,6.6342735,3.634456,7.302462,7.5013185,4.686266,4.6107373,5.7674394,4.068577,4.962125,7.4073095,4
Romain Faivre,Brest,"MF,FW",26.0,745ca0a3,FRA,7.6355715,3.800497,8.1470585,5.7150483,4.365022,3.93211,6.4043236,3.9613316,4.5093427,7.168036,2
Hiroki Sekine,Reims,DF,21.0,7304dd80,JPN,7.150547,2.7751296,7.6752696,7.479703,5.3743987,5.061453,6.2684,4.1758914,5.899874,7.207047,0
Goduine Koyalipou,Lens,FW,24.0,2659a508,CTA,8.087132,3.228236,9.040868,4.875741,4.0466495,3.7706962,6.306012,4.1219525,3.87096,7.0469837,2
Lucas Hernández,Paris S,DF,28.0,c3ee18ef,FRA,6.9568367,3.4100356,6.924441,8.200442,5.412692,5.6097274,6.8235745,3.6323948,5.616563,7.493142,0
Mathis Amougou,Saint,MF,18.0,f93cca97,FRA,7.749812,2.7291412,7.9425178,6.83317,5.0894504,4.9058514,6.322445,4.272139,5.5167074,6.8757915,0
Mamadou Diakhon,Reims,"FW,MF",18.0,331c5a98,FRA,7.417801,4.170455,7.6094713,5.329179,4.037123,3.2710333,6.2222614,4.000019,4.2600164,7.3073926,2
Mohamed Abdelmoneim,Nice,DF,25.0,bff15d74,EGY,7.0265245,2.4991698,7.9039245,8.043634,5.58021,5.4808297,6.7961984,3.778348,6.428461,7.3977704,0
Koka,Le Havre,FW,31.0,9fc2531b,EGY,8.064565,2.9484715,9.156832,4.8696933,4.248188,3.99044,6.602509,4.088016,4.013606,7.2159967,2
Zinedine Ferhat,Angers,"FW,MF",31.0,005c0807,ALG,7.5076733,4.1396585,7.885313,6.312426,4.466802,4.408414,6.3379636,4.0346074,4.773565,6.9587913,0
Seko Fofana,Rennes,MF,29.0,5313ed43,CIV,7.9643455,3.1821325,7.881415,6.593808,4.87154,4.7292356,6.373459,4.2312717,5.2273583,6.6764913,0
Antoine Mendy,Nice,DF,20.0,3322e296,SEN,6.789396,3.0557482,7.6743693,7.468786,5.122061,4.9476023,6.215094,4.0008807,5.6127024,7.54396,0
Ibrahim Sissoko,Saint,FW,28.0,a170541f,MLI,7.624513,3.1259167,8.857393,4.74299,3.9131784,3.6981049,5.9228196,4.3611474,3.523436,7.4295096,2
Louis Leroux,Nantes,"MF,DF",18.0,88972aa9,FRA,7.2354903,2.7311368,8.171822,6.150836,4.8078227,4.4472933,6.1160955,4.361505,4.961039,7.3285356,0
Albert Grønbaek,Rennes,"MF,FW",23.0,0da5076f,DEN,7.886476,3.4680583,8.196196,6.209773,4.4000854,4.386795,6.2397614,4.1700854,4.5847173,6.7882037,0
Senny Mayulu,Paris S,MF,18.0,bac89b96,FRA,7.121111,3.3291419,7.840561,6.0233207,4.576219,4.0246954,6.078915,4.1878533,4.7120776,7.4347835,0
Jonathan Rowe,Marseille,"FW,MF",21.0,8c12f884,ENG,7.586571,4.3616095,7.9451094,5.33716,4.0705423,3.3092506,6.516688,3.6530895,4.109951,7.47443,2
Alidu Seidu,Rennes,DF,24.0,cea59f02,GHA,7.2239437,2.9184504,7.307144,7.5704093,5.2291245,4.7627234,6.026937,4.1823215,5.6619062,7.152609,0
Yoann Salmier,Le Havre,DF,31.0,c3725db2,GUF,7.335433,2.6706128,7.86835,7.9594684,5.819143,5.8142767,7.1276116,3.8014998,6.641677,7.2515635,0
Yvann Macon,Saint,DF,25.0,0bb6e193,FRA,7.3478727,2.6182673,7.610779,7.3664837,5.1530647,4.7068505,5.9576674,4.29194,5.713349,7.0086074,0
Jordan Amavi,Brest,DF,30.0,22721b88,FRA,7.4124837,3.1348386,7.458727,7.7274985,5.2918344,5.014536,6.1297336,4.0879717,5.9895663,6.942057,0
Tom Louchet,Nice,"DF,MF",21.0,f999e9be,FRA,7.028747,3.309098,7.5230412,7.202928,4.6322575,4.8128767,5.826233,4.2530828,4.8981247,6.982449,0
Sekou Mara,Strasbourg,"FW,MF",22.0,3544641e,FRA,8.104885,3.1370585,9.00913,5.196715,4.033059,3.9253836,6.217253,4.0743403,3.8998437,6.9529643,2
Maxime Bernauer,Saint,DF,26.0,43750e5d,FRA,7.782826,3.2085974,7.642839,7.947827,5.6621995,5.6688256,6.824531,3.832471,6.540904,6.7768364,0
Boubakar Kouyaté,Montpellier,DF,27.0,562a4799,MLI,7.7083564,2.8405166,7.8166656,7.979448,5.7403917,5.771946,6.976948,3.818643,6.6464343,6.8778005,0
Teddy Teuma,Reims,MF,30.0,5c26ca51,MLT,7.2718697,3.9280033,7.474028,7.095206,4.497479,4.6300097,6.0730023,4.0708947,4.8160167,6.855228,4
Angel Gomes,Lille,MF,23.0,645a3363,ENG,7.9094014,3.2234917,8.138342,6.1080117,4.835003,4.705281,6.5367007,4.2957554,5.1273894,6.7510448,0
Saïd Benrahma,Lyon,"FW,MF",28.0,5a04fd92,ALG,7.818403,3.7178724,8.059329,5.9143543,4.4977,4.4053206,6.462535,4.1965747,4.686234,6.797295,0
Augustine Boakye,Saint,"FW,MF",23.0,59e9edb5,GHA,7.902261,3.3545198,8.622703,5.5700274,4.1905336,4.043368,6.18563,4.1152015,4.210593,6.9474444,2
Mathieu Cafaro,Saint,"MF,FW",27.0,2a657da0,FRA,7.7761564,3.490698,8.353565,6.3491173,4.75437,4.7307453,6.530933,4.111375,5.160155,6.853625,0
Rayan Raveloson,Auxerre,"MF,DF",27.0,fb3236a7,MAD,8.015673,3.0226195,7.97108,6.95593,5.1320143,5.001479,6.650285,4.0845046,5.686641,6.682392,0
George Ilenikhena,Monaco,FW,17.0,78c3ad07,NGA,7.8603897,3.0315113,9.066016,4.515948,4.1811385,3.8139803,6.5289946,4.248727,3.7515855,7.4284534,2
Lucas Mincarelli,Montpellier,DF,20.0,02b3733e,FRA,7.5549984,2.5319877,8.136792,7.0504184,5.42739,5.2620516,6.6634936,4.183567,5.984472,7.052613,0
Jacques Ekomie,Angers,"DF,FW",20.0,8d5016e6,GAB,7.742766,2.221584,7.9987135,7.1544213,5.2344556,5.1680045,6.2701883,4.403113,5.841362,6.623454,0
Mikayil Ngor Faye,Rennes,DF,20.0,b37ae816,SEN,7.5434732,3.2245214,7.734752,7.7649,5.581872,5.516436,6.70266,3.9223487,6.416906,6.9647946,0
Abdulai Juma Bah,Lens,DF,18.0,7b505397,SLE,7.493241,2.5094223,8.0641165,7.7978387,5.645881,5.5954776,6.9894824,3.843963,6.5292735,7.1059895,0
Pol Lirola,Marseille,DF,26.0,ff800ed8,ESP,7.51916,2.6902227,7.9204397,7.007933,5.446214,5.535949,6.987527,4.082025,5.6568327,7.190154,0
Assane Dioussé,Auxerre,MF,26.0,7f622eef,SEN,8.214832,2.656147,8.017108,7.0003843,5.2080984,5.257681,6.6857095,4.18918,5.776116,6.4586506,0
Glen Kamara,Rennes,MF,28.0,4da9191b,FIN,7.6004844,2.6512504,8.357016,6.1468515,5.043871,4.821281,6.5011883,4.3539476,5.2732334,7.1083364,0
Emmanuel Sabbi,Le Havre,"FW,MF",26.0,2e1b7c83,USA,7.9932814,2.9949615,8.902804,5.2814116,4.3053255,4.039015,6.3106008,4.1615286,4.2701926,7.0325975,2
Ismaël Bennacer,Marseille,MF,26.0,db092d3b,ALG,7.414638,3.6834502,7.201213,7.2439437,4.7371383,4.371001,6.073651,4.0255427,5.1109743,6.979367,4
Chuba Akpom,Lille,FW,28.0,e2b384d2,ENG,8.125618,3.227765,9.222428,4.6164055,4.050214,3.702965,6.571205,3.9880877,3.729216,7.2549877,2
Luck Zogbé,Brest,DF,19.0,3725b44f,CIV,7.5921574,2.461632,7.9380436,7.0637484,5.0002675,5.1768613,6.146532,4.4121413,5.457703,6.6214957,0
Rémy Labeau Lascary,Lens,"FW,MF",21.0,c90f380c,GLP,7.910353,2.9372523,8.460284,5.6182623,4.400025,4.295689,6.2342825,4.4181023,4.413474,6.9023957,2
Yaya Kader Fofana,Reims,"MF,FW",20.0,cedc53d2,MLI,8.061318,2.7797692,8.232786,6.2958865,4.645339,4.594547,6.268595,4.3426614,4.900712,6.6848164,0
Rasmus Nicolaisen,Toulouse,DF,27.0,3f319bb9,DEN,7.456178,2.6217618,7.882344,7.457865,5.6225934,5.745143,7.142229,3.928972,6.038012,7.221068,0
Marco Asensio,Paris S,"FW,MF",28.0,45af8a54,ESP,7.8998694,3.4590397,8.423828,5.187281,4.4003224,4.1743717,6.5983086,4.2754946,4.370841,6.963506,2
Folarin Balogun,Monaco,FW,23.0,31822f8c,USA,8.02727,3.2525914,8.852102,4.7254324,4.1687737,3.785082,6.4600325,4.2483625,4.0049224,7.07829,2
Andy Delort,Montpellier,FW,32.0,d33c706e,ALG,8.240506,2.9423764,9.182714,4.9178004,4.1275253,4.020147,6.165612,4.3389015,4.042133,6.7968307,2
Jhoanner Chávez,Lens,"DF,MF",22.0,649b57e9,ECU,7.761578,2.7215474,8.396708,6.9224663,5.3013616,5.185751,6.673075,4.1542106,5.991786,6.8610063,0
Fodé Ballo-Touré,Le Havre,"DF,MF",27.0,f449640d,SEN,7.446538,2.3302374,8.212284,7.5884657,5.55898,5.477726,6.7012897,4.0601897,6.4380145,7.0095334,0
Nampalys Mendy,Lens,MF,32.0,1598599e,SEN,8.008129,2.7328997,7.77485,7.0556283,5.104408,4.786575,6.44795,4.1776075,5.668145,6.6358356,0
Mahamadou Diawara,Le Havre,MF,19.0,1906b842,FRA,8.026488,2.4890795,8.05594,6.9159274,5.182909,4.978672,6.5797944,4.226899,5.764296,6.685922,0
Nikola Maksimović,Montpellier,DF,32.0,16b9d5cf,SRB,7.707284,2.559112,8.157333,7.3998933,5.5961866,5.5413084,6.8863854,4.050863,6.3426347,6.9217553,0
Pierre Cornud,Saint,DF,27.0,edeb21ff,FRA,7.2968974,2.3503678,8.108479,7.7599735,5.7128835,5.5628133,6.674946,4.0723295,6.614179,7.094916,0
Florian Ayé,Auxerre,FW,27.0,718b8afd,FRA,8.172606,2.8333116,9.228539,4.9889812,4.0912604,3.9888272,6.295851,4.16109,3.8849046,6.9753675,2
Elye Wahi,Marseille,FW,21.0,0d7b6576,FRA,7.9890914,2.7758648,9.01999,4.62061,4.335419,4.0526543,6.5280337,4.481605,4.0488534,7.1388583,2
Maxence Caqueret,Lyon,MF,24.0,f81ef10d,FRA,7.992728,2.746236,8.162289,6.4705114,5.0398946,4.863146,6.5473866,4.296273,5.4486833,6.7330317,0
Jordan Teze,Monaco,DF,24.0,82e9b1bb,NED,7.3024755,2.4767027,8.285002,6.4702954,5.1757236,5.016492,6.4324484,4.373549,5.414826,7.277899,0
Daler Kuzyaev,Le Havre,MF,31.0,d4e93bab,RUS,8.061971,2.601155,8.314252,6.7577996,5.239053,5.176301,6.7594433,4.184659,5.768271,6.702367,0
John Joe,Reims,MF,20.0,fd01216a,IRL,8.089196,2.3656397,8.098073,6.7953405,5.111242,5.125537,6.4348235,4.383374,5.5912557,6.4929576,0
Mohamed Meité,Rennes,FW,16.0,424cbbb3,FRA,8.1363125,2.8220992,9.166181,4.931659,4.3006263,4.0293655,6.4334598,4.23343,4.1469774,7.006388,2
Andrew Omobamidele,Strasbourg,DF,22.0,c393a6c4,IRL,7.5655537,2.7135828,8.0107155,7.834843,5.717798,5.654734,6.8230133,3.9432888,6.6752787,6.935059,0
Jean-Kevin Duverne,Nantes,DF,27.0,0cbc8baa,HAI,7.6426516,2.2841663,8.105012,7.2332196,5.365914,5.1390853,6.4097013,4.2608576,6.0766563,6.867048,0
Bamba Dieng,Angers,FW,24.0,40774c6b,SEN,8.283465,2.8449159,9.376109,4.6257753,4.149121,3.9557505,6.5841904,4.197332,3.8944747,7.0204024,2
Ben Old,Saint,"FW,MF",21.0,e14e818c,NZL,8.052749,2.8972528,8.534183,6.01027,4.7691927,4.6659193,6.5444407,4.233689,5.0307894,6.7797933,0
Amine Harit,Marseille,MF,27.0,e7d59f4f,MAR,7.7352543,3.257701,8.309908,5.936479,4.7866335,4.6280155,6.500707,4.28439,4.985526,6.937017,0
Tino Kadewere,Nantes,"MF,FW",28.0,7d08063d,ZIM,7.827293,2.827159,8.719883,5.467376,4.6037674,4.391024,6.442719,4.3179946,4.608691,7.07432,2
Krépin Diatta,Monaco,"DF,FW",25.0,8104e41e,SEN,7.3042884,2.4830306,7.966373,7.181448,5.238702,4.9060597,6.238039,4.2395964,5.8311925,7.146294,0
